TA_video,TA_text,Teacher_video,Teacher_text,id,week,clustered_label
0,0,0,0,100101021,week1,5521
0,0,9,94,100101021,week2,5526
28,60,5,44,100101021,week3,5524
0,8,0,104,100101021,week4,5526
0,88,0,20,100101021,week5,5524
34,0,8,257,100101021,week6,5560
0,49,0,47,100101021,week7,5524
0,0,0,46,100101021,week8,5522
0,53,0,39,100101021,week9,5524
0,34,0,49,100101021,week10,5522
0,41,0,43,100101021,week11,5522
0,0,904,0,100101021,week12,5300
0,38,6,47,100101021,week13,5522
0,254,0,35,100101021,week14,5529
0,89,0,39,100101021,week15,5524
0,0,0,307,100101021,week16,5560
0,0,2308,65,100101021,week17,5300
0,0,0,0,100101021,week18,5521
0,0,0,0,100104041,week1,5521
0,0,0,88,100104041,week2,5522
0,23,0,16,100104041,week3,5521
0,0,0,13,100104041,week4,5521
0,13,0,53,100104041,week5,5522
0,0,0,0,100104041,week6,5521
0,0,0,375,100104041,week7,5560
0,12,0,30,100104041,week8,5522
0,49,3265,1394,100104041,week9,5300
0,16,0,1960,100104041,week10,5400
0,662,68,637,100104041,week11,5400
0,8,7,5,100104041,week12,5521
0,203,0,10,100104041,week13,5529
0,7,0,119,100104041,week14,5526
0,98,0,80,100104041,week15,5524
0,111,0,32,100104041,week16,5524
0,0,0,12,100104041,week17,5521
0,32,0,7089,100104041,week18,3220
0,0,0,0,100202044,week1,5521
0,0,0,0,100202044,week2,5521
0,0,0,112,100202044,week3,5526
0,0,0,1231,100202044,week4,5400
0,0,0,61,100202044,week5,5522
0,0,0,0,100202044,week6,5521
0,0,0,39,100202044,week7,5522
0,0,0,24,100202044,week8,5521
0,0,0,122,100202044,week9,5526
0,0,0,10,100202044,week10,5521
0,1832,0,9,100202044,week11,5550
0,6,62,3871,100202044,week12,5220
0,0,0,7,100202044,week13,5521
0,0,0,43,100202044,week14,5522
0,0,0,123,100202044,week15,5526
0,0,0,37,100202044,week16,5522
0,0,0,0,100202044,week17,5521
0,0,0,14667,100202044,week18,3100
0,0,0,0,100206009,week1,5521
0,0,0,0,100206009,week2,5521
0,0,1055,20,100206009,week3,5300
0,0,0,0,100206009,week4,5521
0,0,806,16,100206009,week5,5539
3462,0,1818,0,100206009,week6,5100
0,0,0,0,100206009,week7,5521
0,946,0,89,100206009,week8,5550
0,0,0,0,100206009,week9,5521
0,6,0,9,100206009,week10,5521
0,0,0,0,100206009,week11,5521
1738,0,225,102,100206009,week12,5600
0,8,0,286,100206009,week13,5560
0,0,0,73,100206009,week14,5522
737,0,0,17,100206009,week15,5510
0,0,0,94,100206009,week16,5526
0,0,0,91,100206009,week17,5522
11,245,0,133,100206009,week18,5529
0,0,0,0,100208053,week1,5521
0,286,0,55,100208053,week2,5529
0,0,0,0,100208053,week3,5521
0,0,6,35,100208053,week4,5522
0,0,9,16,100208053,week5,5521
0,0,1419,0,100208053,week6,5300
0,0,0,18,100208053,week7,5521
0,0,0,16,100208053,week8,5521
0,0,0,24,100208053,week9,5521
0,0,0,0,100208053,week10,5521
0,0,0,23,100208053,week11,5521
0,0,4328,7,100208053,week12,4100
0,0,0,0,100208053,week13,5521
0,0,0,80,100208053,week14,5522
0,0,0,64,100208053,week15,5522
0,0,0,0,100208053,week16,5521
0,0,0,548,100208053,week17,5560
0,0,0,8,100208053,week18,5521
0,0,0,0,100401044,week1,5521
0,0,0,0,100401044,week2,5521
0,127,6,101,100401044,week3,5524
0,0,0,0,100401044,week4,5521
0,0,0,23,100401044,week5,5521
3553,43,3293,146,100401044,week6,4200
0,140,0,14,100401044,week7,5524
5,8,576,44,100401044,week8,5539
0,0,0,0,100401044,week9,5521
0,0,0,0,100401044,week10,5521
0,0,0,0,100401044,week11,5521
13304,63,0,4720,100401044,week12,2340
0,0,0,7,100401044,week13,5521
0,9,0,0,100401044,week14,5521
0,0,0,0,100401044,week15,5521
0,0,0,0,100401044,week16,5521
0,946,0,4180,100401044,week17,5260
4991,40,0,0,100401044,week18,5100
0,0,0,0,100401072,week1,5521
0,0,0,0,100401072,week2,5521
0,16,0,79,100401072,week3,5522
0,52,21,37,100401072,week4,5524
0,27,0,286,100401072,week5,5560
0,0,4607,0,100401072,week6,4100
0,5,0,105,100401072,week7,5526
0,0,0,0,100401072,week8,5521
0,26,945,86,100401072,week9,5300
0,25,0,208,100401072,week10,5560
0,288,6873,79,100401072,week11,4300
10261,991,3924,289,100401072,week12,2400
0,0,0,0,100401072,week13,5521
0,27,0,156,100401072,week14,5526
6327,76,0,95,100401072,week15,5100
0,0,0,68,100401072,week16,5522
0,5,0,10271,100401072,week17,3229
3629,543,6,420,100401072,week18,5100
0,0,0,0,100508018,week1,5521
0,19,15,60,100508018,week2,5522
12,815,0,40,100508018,week3,5550
22,344,48,242,100508018,week4,5529
0,0,0,2688,100508018,week5,5230
0,0,0,40,100508018,week6,5522
0,0,0,40,100508018,week7,5522
0,0,0,10,100508018,week8,5521
42,8,5,37,100508018,week9,5522
0,0,0,106,100508018,week10,5526
220,69,0,31,100508018,week11,5525
23,109,6,43,100508018,week12,5524
0,0,0,10,100508018,week13,5521
0,0,0,9,100508018,week14,5521
0,0,0,0,100508018,week15,5521
0,0,0,1615,100508018,week16,5400
0,0,0,8314,100508018,week17,3210
6,0,0,10,100508018,week18,5521
0,0,0,0,101101050,week1,5521
0,14,67,73,101101050,week2,5522
0,0,0,130,101101050,week3,5526
0,0,0,9,101101050,week4,5521
0,0,0,27,101101050,week5,5521
0,0,0,0,101101050,week6,5521
0,0,0,160,101101050,week7,5526
0,0,0,8,101101050,week8,5521
0,0,0,142,101101050,week9,5526
0,0,0,14,101101050,week10,5521
0,0,0,83,101101050,week11,5522
0,0,0,0,101101050,week12,5521
0,0,0,24,101101050,week13,5521
0,0,0,17,101101050,week14,5521
0,0,0,43,101101050,week15,5522
0,0,0,0,101101050,week16,5521
0,0,0,15,101101050,week17,5521
0,0,0,0,101101050,week18,5521
0,0,0,0,101102025,week1,5521
0,9,0,17,101102025,week2,5521
0,19,0,74,101102025,week3,5522
0,0,0,328,101102025,week4,5560
0,0,0,1547,101102025,week5,5400
0,0,10,2828,101102025,week6,5230
0,0,0,38,101102025,week7,5522
0,5,0,1684,101102025,week8,5400
0,5,0,39,101102025,week9,5522
0,38,0,36,101102025,week10,5522
0,0,0,21,101102025,week11,5521
0,0,0,436,101102025,week12,5560
0,0,0,0,101102025,week13,5521
0,0,0,89,101102025,week14,5522
0,84,0,11,101102025,week15,5524
0,6,0,45,101102025,week16,5522
0,63,0,9,101102025,week17,5524
0,1200,0,0,101102025,week18,5550
0,0,0,0,101102026,week1,5521
0,0,0,0,101102026,week2,5521
0,0,0,74,101102026,week3,5522
0,0,0,29,101102026,week4,5521
0,0,0,54,101102026,week5,5522
0,7,86,699,101102026,week6,5400
0,0,0,0,101102026,week7,5521
0,0,0,0,101102026,week8,5521
0,0,0,0,101102026,week9,5521
0,0,0,0,101102026,week10,5521
0,0,0,0,101102026,week11,5521
0,20,2676,582,101102026,week12,5300
0,0,0,0,101102026,week13,5521
0,0,0,0,101102026,week14,5521
0,0,0,0,101102026,week15,5521
0,0,0,0,101102026,week16,5521
0,0,0,0,101102026,week17,5521
0,0,0,222,101102026,week18,5560
0,0,0,0,101103034,week1,5521
0,21,10,30,101103034,week2,5522
0,0,0,0,101103034,week3,5521
0,20,0,23,101103034,week4,5521
0,0,0,20,101103034,week5,5521
0,0,0,67,101103034,week6,5522
0,0,0,0,101103034,week7,5521
0,93,0,0,101103034,week8,5524
2948,54,39,97,101103034,week9,5600
0,0,0,0,101103034,week10,5521
0,0,0,67,101103034,week11,5522
532,3074,235,29,101103034,week12,6300
0,0,0,0,101103034,week13,5521
0,81,0,0,101103034,week14,5524
0,0,0,0,101103034,week15,5521
0,12,0,0,101103034,week16,5521
0,0,0,94,101103034,week17,5526
30,447,50,2520,101103034,week18,5230
0,0,0,0,101203004,week1,5521
0,0,0,0,101203004,week2,5521
0,0,0,0,101203004,week3,5521
0,40,0,7,101203004,week4,5521
0,0,0,63,101203004,week5,5522
0,0,0,48,101203004,week6,5522
0,0,0,18,101203004,week7,5521
0,0,0,17,101203004,week8,5521
0,0,0,171,101203004,week9,5526
0,0,0,7,101203004,week10,5521
0,65,0,54,101203004,week11,5524
0,0,0,0,101203004,week12,5521
0,0,0,0,101203004,week13,5521
0,0,0,0,101203004,week14,5521
0,0,0,82,101203004,week15,5522
0,0,0,30,101203004,week16,5522
16,16,0,62,101203004,week17,5522
0,0,0,0,101203004,week18,5521
0,0,0,0,101203054,week1,5521
0,25,7,38,101203054,week2,5522
0,0,0,0,101203054,week3,5521
7811,16,154,9,101203054,week4,2400
5,0,0,17,101203054,week5,5521
0,5,6,100,101203054,week6,5526
0,0,0,5,101203054,week7,5521
0,0,0,10,101203054,week8,5521
0,1080,0,0,101203054,week9,5550
0,5,0,0,101203054,week10,5521
0,10,0,114,101203054,week11,5526
21234,17,0,43,101203054,week12,2200
0,0,0,0,101203054,week13,5521
0,0,0,0,101203054,week14,5521
0,5,0,16,101203054,week15,5521
0,0,0,0,101203054,week16,5521
0,0,0,0,101203054,week17,5521
0,0,0,0,101203054,week18,5521
0,0,0,0,101204026,week1,5521
0,10,17,292,101204026,week2,5560
0,7,0,110,101204026,week3,5526
0,5,0,4263,101204026,week4,5240
0,0,0,285,101204026,week5,5560
0,0,0,20,101204026,week6,5521
0,6,0,15,101204026,week7,5521
0,9,0,8,101204026,week8,5521
0,122,0,107,101204026,week9,5524
0,5,0,6,101204026,week10,5521
199,7,21601,146,101204026,week11,1400
727,0,0,6,101204026,week12,5510
0,95,0,1845,101204026,week13,5400
0,160,0,7,101204026,week14,5529
0,0,0,16,101204026,week15,5521
0,0,0,10,101204026,week16,5521
0,0,0,0,101204026,week17,5521
21601,0,0,7,101204026,week18,2200
0,0,0,0,101205029,week1,5521
0,35,27,203,101205029,week2,5560
1546,0,0,219,101205029,week3,5600
0,0,0,11,101205029,week4,5521
0,0,0,104,101205029,week5,5526
8,26,0,3262,101205029,week6,5220
36,6,0,35,101205029,week7,5522
5,0,0,6,101205029,week8,5521
776,0,0,32,101205029,week9,5510
61,7,0,206,101205029,week10,5560
6498,23,0,13,101205029,week11,5100
2506,0,0,2899,101205029,week12,5210
15,0,0,5,101205029,week13,5521
5908,0,0,60,101205029,week14,5100
2512,0,0,0,101205029,week15,5600
0,0,0,50,101205029,week16,5522
19,0,0,33,101205029,week17,5522
0,0,0,8,101205029,week18,5521
0,0,23,39,101205043,week1,5522
0,21,9,35,101205043,week2,5522
0,0,0,0,101205043,week3,5521
0,9,0,38,101205043,week4,5522
0,0,0,12,101205043,week5,5521
0,0,7940,0,101205043,week6,4300
0,0,0,0,101205043,week7,5521
0,0,13,0,101205043,week8,5521
0,171,0,861,101205043,week9,5400
0,6,0,10,101205043,week10,5521
0,0,0,0,101205043,week11,5521
13,34,252,0,101205043,week12,5523
0,67,15,73,101205043,week13,5524
0,0,0,31,101205043,week14,5522
0,0,0,0,101205043,week15,5521
0,0,0,0,101205043,week16,5521
0,0,0,0,101205043,week17,5521
0,0,10749,429,101205043,week18,4600
0,0,0,9,101205093,week1,5521
0,19,0,59,101205093,week2,5522
0,30,13,7,101205093,week3,5521
0,24,0,1667,101205093,week4,5400
0,0,0,251,101205093,week5,5560
7,8,35,391,101205093,week6,5560
0,0,0,0,101205093,week7,5521
0,0,0,0,101205093,week8,5521
0,0,0,0,101205093,week9,5521
0,0,0,41,101205093,week10,5522
0,77,5626,36,101205093,week11,4100
5122,17184,684,15518,101205093,week12,3400
0,0,0,1000,101205093,week13,5400
0,0,0,178,101205093,week14,5526
874,0,0,19,101205093,week15,5510
0,0,0,0,101205093,week16,5521
0,0,0,0,101205093,week17,5521
1942,6,23717,19,101205093,week18,1400
0,0,0,0,101208002,week1,5521
0,589,20,769,101208002,week2,5400
0,1905,0,9,101208002,week3,5550
0,0,0,0,101208002,week4,5521
0,0,0,5851,101208002,week5,3220
0,0,97,19,101208002,week6,5523
0,0,0,0,101208002,week7,5521
0,0,7,0,101208002,week8,5521
0,0,0,0,101208002,week9,5521
0,0,0,0,101208002,week10,5521
0,0,0,0,101208002,week11,5521
1449,5,1579,221,101208002,week12,5300
0,0,0,9,101208002,week13,5521
0,0,0,0,101208002,week14,5521
0,0,0,0,101208002,week15,5521
0,0,0,1019,101208002,week16,5400
30,0,0,26,101208002,week17,5521
0,0,0,18,101208002,week18,5521
0,0,0,0,101208003,week1,5521
0,0,0,0,101208003,week2,5521
0,0,0,0,101208003,week3,5521
0,0,0,0,101208003,week4,5521
0,0,0,0,101208003,week5,5521
1153,0,46,7,101208003,week6,5600
0,0,0,0,101208003,week7,5521
0,0,0,0,101208003,week8,5521
0,0,0,0,101208003,week9,5521
0,0,0,0,101208003,week10,5521
0,0,0,0,101208003,week11,5521
2566,0,24,21,101208003,week12,5600
0,0,0,0,101208003,week13,5521
0,0,0,0,101208003,week14,5521
0,0,0,0,101208003,week15,5521
0,0,0,0,101208003,week16,5521
0,0,0,0,101208003,week17,5521
0,0,0,0,101208003,week18,5521
0,0,0,0,101208004,week1,5521
0,13,0,43,101208004,week2,5522
0,16,0,31,101208004,week3,5522
0,54,0,107,101208004,week4,5526
0,0,0,60,101208004,week5,5522
0,0,0,194,101208004,week6,5526
0,0,0,0,101208004,week7,5521
0,0,0,5,101208004,week8,5521
0,0,0,0,101208004,week9,5521
0,0,0,0,101208004,week10,5521
0,0,0,9,101208004,week11,5521
0,0,3424,39,101208004,week12,4100
0,0,0,36,101208004,week13,5522
0,0,0,71,101208004,week14,5522
0,0,0,26,101208004,week15,5521
0,0,0,0,101208004,week16,5521
0,0,0,0,101208004,week17,5521
0,0,0,0,101208004,week18,5521
0,0,0,0,101208005,week1,5521
0,0,0,0,101208005,week2,5521
0,0,0,0,101208005,week3,5521
0,0,0,0,101208005,week4,5521
0,1844,0,1732,101208005,week5,5400
0,0,0,5,101208005,week6,5521
0,0,0,0,101208005,week7,5521
0,0,0,41,101208005,week8,5522
0,0,0,0,101208005,week9,5521
0,0,0,0,101208005,week10,5521
0,0,0,0,101208005,week11,5521
1263,449,0,525,101208005,week12,5600
0,0,0,0,101208005,week13,5521
0,0,0,0,101208005,week14,5521
0,0,0,0,101208005,week15,5521
0,0,1162,0,101208005,week16,5300
0,0,0,0,101208005,week17,5521
0,98,0,0,101208005,week18,5524
0,0,0,0,101208008,week1,5521
0,0,0,0,101208008,week2,5521
0,0,0,0,101208008,week3,5521
0,0,0,0,101208008,week4,5521
0,7,0,416,101208008,week5,5560
0,0,0,96,101208008,week6,5526
0,0,0,0,101208008,week7,5521
0,0,0,0,101208008,week8,5521
0,0,0,0,101208008,week9,5521
0,0,0,0,101208008,week10,5521
0,0,0,0,101208008,week11,5521
0,0,0,0,101208008,week12,5521
0,0,0,0,101208008,week13,5521
0,0,0,0,101208008,week14,5521
0,0,0,0,101208008,week15,5521
0,0,0,0,101208008,week16,5521
0,0,0,0,101208008,week17,5521
489,0,0,0,101208008,week18,5510
0,0,0,0,101208013,week1,5521
0,0,0,0,101208013,week2,5521
0,0,0,0,101208013,week3,5521
0,10,0,19,101208013,week4,5521
0,43,0,395,101208013,week5,5560
0,16,0,47,101208013,week6,5522
0,23,0,19,101208013,week7,5521
0,6,0,16,101208013,week8,5521
0,0,0,17,101208013,week9,5521
0,9,0,39,101208013,week10,5522
0,0,0,5,101208013,week11,5521
0,1550,0,33,101208013,week12,5550
0,0,0,0,101208013,week13,5521
0,0,0,0,101208013,week14,5521
0,0,0,0,101208013,week15,5521
0,0,0,0,101208013,week16,5521
0,0,0,0,101208013,week17,5521
0,0,0,0,101208013,week18,5521
0,0,0,0,101208015,week1,5521
0,0,0,0,101208015,week2,5521
0,0,0,0,101208015,week3,5521
0,0,0,0,101208015,week4,5521
0,944,0,305,101208015,week5,5550
0,0,1596,757,101208015,week6,5300
0,0,0,0,101208015,week7,5521
0,0,0,0,101208015,week8,5521
0,0,0,0,101208015,week9,5521
0,0,0,0,101208015,week10,5521
0,0,0,0,101208015,week11,5521
0,0,20903,181,101208015,week12,1400
0,0,0,0,101208015,week13,5521
0,0,0,0,101208015,week14,5521
0,0,0,0,101208015,week15,5521
0,0,0,0,101208015,week16,5521
0,0,0,36,101208015,week17,5522
2144,99,0,312,101208015,week18,5600
0,0,0,0,101208017,week1,5521
0,0,0,0,101208017,week2,5521
0,8,31,989,101208017,week3,5400
0,84,0,552,101208017,week4,5560
0,0,12878,252,101208017,week5,4600
0,0,0,967,101208017,week6,5400
0,0,0,47,101208017,week7,5522
0,0,0,0,101208017,week8,5521
0,0,0,0,101208017,week9,5521
0,0,0,7,101208017,week10,5521
0,0,0,0,101208017,week11,5521
11063,94,0,0,101208017,week12,2400
0,0,0,0,101208017,week13,5521
0,60,0,0,101208017,week14,5524
0,5,0,0,101208017,week15,5521
0,0,0,0,101208017,week16,5521
0,0,0,0,101208017,week17,5521
1533,142,0,477,101208017,week18,5600
0,0,0,0,101208025,week1,5521
0,0,0,0,101208025,week2,5521
0,419,0,904,101208025,week3,5400
0,765,0,1152,101208025,week4,5400
0,0,0,0,101208025,week5,5521
0,24,14185,766,101208025,week6,1200
0,0,0,55,101208025,week7,5522
0,0,0,5,101208025,week8,5521
0,0,0,0,101208025,week9,5521
0,0,0,0,101208025,week10,5521
0,0,0,6624,101208025,week11,3220
0,3477,0,7718,101208025,week12,3250
0,0,0,0,101208025,week13,5521
0,0,0,0,101208025,week14,5521
0,0,0,0,101208025,week15,5521
0,0,0,0,101208025,week16,5521
0,0,0,6,101208025,week17,5521
0,0,0,2500,101208025,week18,5230
0,0,0,0,101208031,week1,5521
0,0,0,0,101208031,week2,5521
0,18,0,52,101208031,week3,5522
6,138,0,207,101208031,week4,5529
0,0,205,44,101208031,week5,5523
0,48,1487,493,101208031,week6,5300
0,0,0,0,101208031,week7,5521
0,0,9,153,101208031,week8,5526
4398,615,0,2347,101208031,week9,5100
0,10,0,19,101208031,week10,5521
0,0,0,103,101208031,week11,5526
0,0,21,40,101208031,week12,5522
0,0,0,12,101208031,week13,5521
0,0,0,33,101208031,week14,5522
63,0,0,12,101208031,week15,5525
0,0,0,0,101208031,week16,5521
5,0,0,0,101208031,week17,5521
0,0,0,0,101208031,week18,5521
0,0,11,6,101208034,week1,5521
0,9,15,78,101208034,week2,5522
18,40,0,74,101208034,week3,5522
0,0,0,24,101208034,week4,5521
0,0,144,45,101208034,week5,5523
0,0,0,0,101208034,week6,5521
0,0,0,34,101208034,week7,5522
0,6,0,24,101208034,week8,5521
0,9,0,19,101208034,week9,5521
0,8,0,7,101208034,week10,5521
0,20,0,23,101208034,week11,5521
0,5,0,0,101208034,week12,5521
13,18,0,6,101208034,week13,5521
0,20,0,9,101208034,week14,5521
0,18,0,59,101208034,week15,5522
0,5,0,9,101208034,week16,5521
0,6,0,24,101208034,week17,5521
0,0,0,36,101208034,week18,5522
0,0,0,0,101208050,week1,5521
0,0,19,26,101208050,week2,5521
0,833,115,551,101208050,week3,5400
0,22,6,34,101208050,week4,5522
0,0,0,0,101208050,week5,5521
0,30,25612,33,101208050,week6,1400
0,16,18,195,101208050,week7,5526
0,0,0,16,101208050,week8,5521
0,0,0,0,101208050,week9,5521
0,0,0,0,101208050,week10,5521
0,20,0,93,101208050,week11,5526
17601,38,8741,48,101208050,week12,2320
0,0,0,0,101208050,week13,5521
0,0,0,0,101208050,week14,5521
0,0,0,0,101208050,week15,5521
0,0,0,0,101208050,week16,5521
0,0,0,35,101208050,week17,5522
299,0,0,0,101208050,week18,5510
0,0,0,0,101208052,week1,5521
0,107,0,67,101208052,week2,5524
0,140,10,31,101208052,week3,5524
0,32,0,17,101208052,week4,5521
0,0,310,91,101208052,week5,5539
2753,0,1877,4122,101208052,week6,5210
0,92,0,22,101208052,week7,5524
0,5,0,20,101208052,week8,5521
0,203,0,77,101208052,week9,5529
0,3434,0,0,101208052,week10,6300
0,123,0,25,101208052,week11,5524
0,0,37707,6,101208052,week12,1300
0,214,0,18,101208052,week13,5529
0,13,0,331,101208052,week14,5560
0,38,0,87,101208052,week15,5522
0,0,0,0,101208052,week16,5521
11,0,0,64,101208052,week17,5522
0,0,0,773,101208052,week18,5400
0,0,0,0,101208053,week1,5521
0,135,0,29,101208053,week2,5524
0,40,0,73,101208053,week3,5522
0,0,0,16,101208053,week4,5521
0,0,0,21,101208053,week5,5521
0,0,0,19,101208053,week6,5521
0,15,0,51,101208053,week7,5522
0,39,0,32,101208053,week8,5522
0,0,0,0,101208053,week9,5521
0,0,0,0,101208053,week10,5521
0,11,0,59,101208053,week11,5522
0,17,0,0,101208053,week12,5521
0,11,0,129,101208053,week13,5526
0,0,0,2638,101208053,week14,5230
0,0,0,16,101208053,week15,5521
0,0,0,7699,101208053,week16,3210
0,0,0,20,101208053,week17,5521
0,0,0,0,101208053,week18,5521
0,0,0,0,101208054,week1,5521
0,26,0,29,101208054,week2,5522
0,13,0,66,101208054,week3,5522
0,14,0,0,101208054,week4,5521
0,6,6162,237,101208054,week5,4100
0,0,2413,1891,101208054,week6,5300
0,0,0,51,101208054,week7,5522
0,0,0,5,101208054,week8,5521
0,0,0,79,101208054,week9,5522
0,0,0,80,101208054,week10,5522
0,0,0,0,101208054,week11,5521
0,0,11692,407,101208054,week12,4600
0,0,0,0,101208054,week13,5521
0,0,0,57,101208054,week14,5522
0,0,0,83,101208054,week15,5522
0,0,0,0,101208054,week16,5521
0,0,0,24,101208054,week17,5521
0,0,0,13,101208054,week18,5521
0,0,0,0,101208055,week1,5521
0,0,0,0,101208055,week2,5521
0,0,16,17,101208055,week3,5521
0,0,8128,37,101208055,week4,4300
0,0,164,0,101208055,week5,5523
73,0,337,15,101208055,week6,5539
0,0,0,0,101208055,week7,5521
0,0,13936,180,101208055,week8,1200
0,0,0,118,101208055,week9,5526
0,0,0,0,101208055,week10,5521
0,0,0,0,101208055,week11,5521
1872,6,245,6,101208055,week12,5600
0,0,0,0,101208055,week13,5521
0,0,0,0,101208055,week14,5521
0,0,0,0,101208055,week15,5521
0,0,0,0,101208055,week16,5521
124,0,0,5,101208055,week17,5525
680,6,53,63,101208055,week18,5510
0,0,0,0,101208056,week1,5521
0,30,0,81,101208056,week2,5522
0,34,0,40,101208056,week3,5522
0,15,0,65,101208056,week4,5522
0,0,0,1862,101208056,week5,5400
0,0,0,20,101208056,week6,5521
0,0,0,0,101208056,week7,5521
0,0,0,0,101208056,week8,5521
0,0,0,0,101208056,week9,5521
0,0,0,0,101208056,week10,5521
0,0,0,866,101208056,week11,5400
6,0,18354,14,101208056,week12,1200
0,0,0,0,101208056,week13,5521
0,0,0,0,101208056,week14,5521
0,0,0,19,101208056,week15,5521
0,0,0,8,101208056,week16,5521
0,0,0,1460,101208056,week17,5400
0,0,0,0,101208056,week18,5521
0,0,17,14,101208058,week1,5521
0,19,21601,37,101208058,week2,1400
0,20,2589,707,101208058,week3,5300
14732,0,0,143,101208058,week4,2310
0,0,382,487,101208058,week5,5560
0,0,15741,217,101208058,week6,1200
0,15,0,109,101208058,week7,5526
1571,80,1194,17,101208058,week8,5600
0,0,0,0,101208058,week9,5521
0,129,0,47,101208058,week10,5524
0,0,1768,774,101208058,week11,5300
10025,0,21955,0,101208058,week12,1100
0,21,0,21703,101208058,week13,3100
0,15,0,29,101208058,week14,5522
0,6,0,61,101208058,week15,5522
0,0,0,6,101208058,week16,5521
0,0,0,12,101208058,week17,5521
3916,9,0,0,101208058,week18,5100
0,0,0,0,101208060,week1,5521
0,0,0,0,101208060,week2,5521
0,15,0,392,101208060,week3,5560
0,19,0,17,101208060,week4,5521
0,0,0,0,101208060,week5,5521
0,0,0,0,101208060,week6,5521
0,0,0,0,101208060,week7,5521
0,0,0,0,101208060,week8,5521
0,0,0,0,101208060,week9,5521
0,0,0,0,101208060,week10,5521
0,0,0,0,101208060,week11,5521
980,9909,10,0,101208060,week12,6200
0,0,0,0,101208060,week13,5521
0,0,0,0,101208060,week14,5521
0,0,0,0,101208060,week15,5521
0,0,0,0,101208060,week16,5521
0,12,0,0,101208060,week17,5521
5194,0,0,0,101208060,week18,5100
0,0,0,0,101208062,week1,5521
0,19,0,162,101208062,week2,5526
0,0,0,62,101208062,week3,5522
0,143,0,53,101208062,week4,5524
0,0,0,62,101208062,week5,5522
0,0,0,6,101208062,week6,5521
0,9,0,42,101208062,week7,5522
0,0,0,243,101208062,week8,5560
0,446,0,67,101208062,week9,5529
0,40,0,50,101208062,week10,5522
0,0,0,56,101208062,week11,5522
0,0,0,23,101208062,week12,5521
0,12,0,40,101208062,week13,5522
0,0,0,0,101208062,week14,5521
0,10,0,29,101208062,week15,5522
0,0,0,0,101208062,week16,5521
700,0,127,18,101208062,week17,5510
947,0,0,0,101208062,week18,5600
0,0,0,0,101208064,week1,5521
0,0,0,47,101208064,week2,5522
0,28,0,8,101208064,week3,5521
0,74,0,6,101208064,week4,5524
0,22,0,2763,101208064,week5,5230
0,0,244,22,101208064,week6,5523
0,0,0,108,101208064,week7,5526
0,24,0,16,101208064,week8,5521
0,0,0,30,101208064,week9,5522
0,0,0,27,101208064,week10,5521
652,6,10274,15,101208064,week11,4600
0,0,136,0,101208064,week12,5523
0,0,0,28,101208064,week13,5521
0,0,0,10,101208064,week14,5521
0,0,0,1117,101208064,week15,5400
0,0,0,0,101208064,week16,5521
0,0,0,141,101208064,week17,5526
0,0,0,0,101208064,week18,5521
0,0,0,0,101208065,week1,5521
0,0,0,112,101208065,week2,5526
0,0,0,26,101208065,week3,5521
0,0,0,5,101208065,week4,5521
0,0,0,6,101208065,week5,5521
6,0,0,5,101208065,week6,5521
0,0,0,0,101208065,week7,5521
0,0,0,13,101208065,week8,5521
0,0,0,0,101208065,week9,5521
0,0,0,12,101208065,week10,5521
0,0,0,8,101208065,week11,5521
0,0,0,53,101208065,week12,5522
0,0,0,0,101208065,week13,5521
0,0,0,0,101208065,week14,5521
0,0,0,0,101208065,week15,5521
0,0,0,0,101208065,week16,5521
0,0,0,14,101208065,week17,5521
0,0,0,8,101208065,week18,5521
0,0,0,0,101208070,week1,5521
0,9,6,12,101208070,week2,5521
0,31,0,0,101208070,week3,5521
0,8,0,25,101208070,week4,5521
0,0,0,39,101208070,week5,5522
0,0,0,0,101208070,week6,5521
0,10,0,25,101208070,week7,5521
0,9,0,10,101208070,week8,5521
0,8,0,16,101208070,week9,5521
0,7,0,5,101208070,week10,5521
0,190,0,5,101208070,week11,5529
0,0,0,0,101208070,week12,5521
0,7,0,28,101208070,week13,5521
0,6,0,8,101208070,week14,5521
0,0,0,21,101208070,week15,5521
0,0,0,0,101208070,week16,5521
0,0,0,18,101208070,week17,5521
0,0,0,0,101208070,week18,5521
0,0,0,0,101208078,week1,5521
0,0,0,33,101208078,week2,5522
0,58,0,37,101208078,week3,5524
0,0,0,21,101208078,week4,5521
0,0,0,44,101208078,week5,5522
0,0,934,284,101208078,week6,5300
0,0,5,19,101208078,week7,5521
0,0,0,0,101208078,week8,5521
0,0,0,34,101208078,week9,5522
0,0,0,0,101208078,week10,5521
0,0,0,768,101208078,week11,5400
0,0,1487,92,101208078,week12,5300
0,0,0,0,101208078,week13,5521
0,0,0,0,101208078,week14,5521
0,0,0,0,101208078,week15,5521
0,0,0,0,101208078,week16,5521
0,0,0,0,101208078,week17,5521
0,0,0,93,101208078,week18,5526
0,0,0,0,101208079,week1,5521
0,103,15,487,101208079,week2,5560
0,155,0,0,101208079,week3,5524
0,0,3478,4800,101208079,week4,4400
0,0,0,0,101208079,week5,5521
0,0,39,0,101208079,week6,5521
0,0,0,0,101208079,week7,5521
0,0,0,0,101208079,week8,5521
0,13,0,55,101208079,week9,5522
0,17,0,0,101208079,week10,5521
0,5,0,31,101208079,week11,5522
0,84,0,8,101208079,week12,5524
0,50,0,15,101208079,week13,5524
0,0,0,61,101208079,week14,5522
0,0,0,104,101208079,week15,5526
0,0,0,15,101208079,week16,5521
0,0,0,408,101208079,week17,5560
0,93,0,77,101208079,week18,5524
0,0,0,0,101208080,week1,5521
0,0,0,17,101208080,week2,5521
0,23,0,24,101208080,week3,5521
0,13,0,22,101208080,week4,5521
0,0,0,207,101208080,week5,5560
0,0,0,0,101208080,week6,5521
0,0,0,0,101208080,week7,5521
0,10,0,8,101208080,week8,5521
0,0,0,7,101208080,week9,5521
0,0,0,627,101208080,week10,5560
19,7,0,39,101208080,week11,5522
279,53,0,50,101208080,week12,5510
0,0,0,0,101208080,week13,5521
0,7,0,0,101208080,week14,5521
0,16,0,44,101208080,week15,5522
0,0,0,216,101208080,week16,5560
0,0,0,31,101208080,week17,5522
3839,19,516,6,101208080,week18,5100
0,0,0,0,101208082,week1,5521
17,389,74,180,101208082,week2,5529
0,0,0,0,101208082,week3,5521
0,24,0,159,101208082,week4,5526
8,68,4468,31,101208082,week5,4100
0,0,10163,93,101208082,week6,4600
0,0,0,0,101208082,week7,5521
0,9,0,47,101208082,week8,5522
0,0,0,0,101208082,week9,5521
0,0,0,0,101208082,week10,5521
0,526,261,87,101208082,week11,5529
16972,0,0,0,101208082,week12,2310
0,0,0,0,101208082,week13,5521
0,364,0,343,101208082,week14,5529
0,126,0,6,101208082,week15,5524
0,0,0,0,101208082,week16,5521
0,0,0,0,101208082,week17,5521
2159,0,0,0,101208082,week18,5600
0,0,49,14,101208084,week1,5521
0,11,14,18,101208084,week2,5521
0,10,4218,14,101208084,week3,4100
0,0,146,24,101208084,week4,5523
0,0,5,7,101208084,week5,5521
14,0,7045,0,101208084,week6,4300
0,0,0,0,101208084,week7,5521
0,0,0,0,101208084,week8,5521
0,0,5,0,101208084,week9,5521
0,0,0,51,101208084,week10,5522
0,0,0,0,101208084,week11,5521
0,0,0,0,101208084,week12,5521
5,0,0,0,101208084,week13,5521
0,0,0,0,101208084,week14,5521
0,0,0,0,101208084,week15,5521
0,0,0,0,101208084,week16,5521
0,0,0,5,101208084,week17,5521
0,0,0,0,101208084,week18,5521
0,0,0,12,101208090,week1,5521
0,10,0,25,101208090,week2,5521
0,0,0,29,101208090,week3,5521
0,0,0,20,101208090,week4,5521
0,0,0,378,101208090,week5,5560
0,0,0,2715,101208090,week6,5230
0,0,0,28,101208090,week7,5521
0,22,0,2492,101208090,week8,5230
0,18,0,6312,101208090,week9,3220
0,29,0,246,101208090,week10,5560
0,0,0,52,101208090,week11,5522
43373,410,0,1399,101208090,week12,2100
0,0,0,59,101208090,week13,5522
0,0,0,25,101208090,week14,5521
0,0,0,0,101208090,week15,5521
0,0,0,0,101208090,week16,5521
0,1798,0,193,101208090,week17,5550
0,0,0,11,101208090,week18,5521
0,0,0,0,101208091,week1,5521
0,34,0,59,101208091,week2,5522
0,136,0,1252,101208091,week3,5400
0,255,0,265,101208091,week4,5529
0,7,0,355,101208091,week5,5560
0,0,45,6368,101208091,week6,3220
0,0,0,10,101208091,week7,5521
0,0,0,0,101208091,week8,5521
0,0,20,1383,101208091,week9,5400
0,0,0,5,101208091,week10,5521
0,0,867,11,101208091,week11,5300
0,0,0,0,101208091,week12,5521
0,0,0,0,101208091,week13,5521
0,0,0,0,101208091,week14,5521
0,0,0,0,101208091,week15,5521
0,0,0,0,101208091,week16,5521
0,0,0,0,101208091,week17,5521
0,0,0,0,101208091,week18,5521
0,0,0,0,101208094,week1,5521
0,0,0,0,101208094,week2,5521
0,0,0,0,101208094,week3,5521
0,90,0,44,101208094,week4,5524
0,0,0,0,101208094,week5,5521
0,9,6158,17,101208094,week6,4100
0,28,13,5071,101208094,week7,5250
0,0,0,18,101208094,week8,5521
0,0,0,0,101208094,week9,5521
0,29,0,80,101208094,week10,5522
0,34,0,83,101208094,week11,5522
1754,196,1769,11,101208094,week12,5300
0,0,0,95,101208094,week13,5526
0,0,0,0,101208094,week14,5521
0,49,0,59,101208094,week15,5522
0,77,0,98,101208094,week16,5524
0,0,0,7,101208094,week17,5521
0,0,1165,1594,101208094,week18,5400
0,0,5,14,101209037,week1,5521
0,0,0,0,101209037,week2,5521
0,0,0,38,101209037,week3,5522
0,35,0,21,101209037,week4,5521
0,0,6688,479,101209037,week5,4300
310,0,7165,1477,101209037,week6,4300
0,12,11,24,101209037,week7,5521
274,0,7,28,101209037,week8,5510
0,30,0,23,101209037,week9,5521
0,17,0,283,101209037,week10,5560
0,869,0,23,101209037,week11,5550
5045,0,6200,8,101209037,week12,4200
0,0,0,89,101209037,week13,5522
0,0,0,12,101209037,week14,5521
0,0,0,411,101209037,week15,5560
0,0,0,0,101209037,week16,5521
0,0,0,3729,101209037,week17,5220
0,0,1844,0,101209037,week18,5300
0,0,0,0,101302049,week1,5521
0,0,0,0,101302049,week2,5521
0,0,0,43,101302049,week3,5522
0,0,0,0,101302049,week4,5521
0,0,0,0,101302049,week5,5521
0,48,0,192,101302049,week6,5526
0,11,0,6,101302049,week7,5521
0,0,0,149,101302049,week8,5526
0,0,0,15,101302049,week9,5521
0,0,0,0,101302049,week10,5521
0,0,0,257,101302049,week11,5560
0,29,0,329,101302049,week12,5560
0,13,7,14,101302049,week13,5521
0,0,0,20,101302049,week14,5521
0,0,0,11,101302049,week15,5521
0,0,0,0,101302049,week16,5521
0,86,0,357,101302049,week17,5560
0,1581,0,3908,101302049,week18,5260
0,0,0,0,101401042,week1,5521
0,0,0,0,101401042,week2,5521
0,0,0,38,101401042,week3,5522
0,0,0,0,101401042,week4,5521
0,0,0,0,101401042,week5,5521
9,0,4950,6,101401042,week6,4100
0,0,6,119,101401042,week7,5526
0,0,0,10,101401042,week8,5521
0,0,0,0,101401042,week9,5521
0,0,0,0,101401042,week10,5521
0,0,0,0,101401042,week11,5521
0,0,5875,8,101401042,week12,4100
0,0,0,0,101401042,week13,5521
0,0,0,0,101401042,week14,5521
0,0,0,0,101401042,week15,5521
0,0,0,10,101401042,week16,5521
0,0,0,93,101401042,week17,5526
0,0,0,0,101401042,week18,5521
0,0,12,9,101502012,week1,5521
0,6,21,123,101502012,week2,5526
0,31,0,62,101502012,week3,5522
0,0,0,62,101502012,week4,5522
0,0,549,85,101502012,week5,5539
6,0,1575,20,101502012,week6,5300
0,7,0,62,101502012,week7,5522
0,13,0,11,101502012,week8,5521
0,33,0,68,101502012,week9,5522
5,0,0,127,101502012,week10,5526
0,24,0,39,101502012,week11,5522
100,61,32,249,101502012,week12,5560
0,8,0,9,101502012,week13,5521
0,0,0,0,101502012,week14,5521
0,22,0,48,101502012,week15,5522
0,0,0,84,101502012,week16,5522
0,0,0,8,101502012,week17,5521
6,6,48,552,101502012,week18,5560
0,0,0,0,102103012,week1,5521
0,187,17,34,102103012,week2,5529
0,20,0,34,102103012,week3,5522
0,0,0,31,102103012,week4,5522
7,128,17999,0,102103012,week5,1200
1778,1384,1728,2418,102103012,week6,5210
8,64,0,11,102103012,week7,5524
4997,0,5,0,102103012,week8,5100
8139,2979,0,21,102103012,week9,2400
0,82,0,118,102103012,week10,5526
7,5,0,0,102103012,week11,5521
2026,0,0,24,102103012,week12,5600
0,26,0,37,102103012,week13,5522
0,30,0,29,102103012,week14,5522
0,11,0,0,102103012,week15,5521
0,0,0,11,102103012,week16,5521
0,0,0,0,102103012,week17,5521
5851,0,0,148,102103012,week18,5100
0,0,0,0,102205017,week1,5521
0,11,19,99,102205017,week2,5526
0,27,0,417,102205017,week3,5560
0,0,0,195,102205017,week4,5526
0,0,0,313,102205017,week5,5560
0,12,0,35,102205017,week6,5522
0,342,0,177,102205017,week7,5529
0,0,0,23,102205017,week8,5521
0,5,0,27,102205017,week9,5521
0,175,0,576,102205017,week10,5560
0,0,0,0,102205017,week11,5521
0,0,0,58,102205017,week12,5522
0,348,0,28,102205017,week13,5529
0,5,0,64,102205017,week14,5522
11,0,0,18,102205017,week15,5521
13,103,0,305,102205017,week16,5560
0,0,0,0,102205017,week17,5521
0,0,0,0,102205017,week18,5521
0,0,0,0,102205020,week1,5521
0,0,0,0,102205020,week2,5521
0,351,19,734,102205020,week3,5400
0,7,0,5845,102205020,week4,3220
0,0,0,0,102205020,week5,5521
0,74,16332,506,102205020,week6,1200
0,0,0,0,102205020,week7,5521
0,0,0,53,102205020,week8,5522
0,0,0,0,102205020,week9,5521
0,0,0,0,102205020,week10,5521
0,0,0,0,102205020,week11,5521
52,47,139,4485,102205020,week12,5240
0,0,0,0,102205020,week13,5521
0,0,0,0,102205020,week14,5521
0,0,0,0,102205020,week15,5521
0,0,0,0,102205020,week16,5521
0,0,0,0,102205020,week17,5521
7744,357,0,105,102205020,week18,2400
0,0,0,0,102205022,week1,5521
0,24,187,66,102205022,week2,5523
0,3307,0,635,102205022,week3,6300
0,15,20,33,102205022,week4,5522
0,0,0,0,102205022,week5,5521
0,70,22734,446,102205022,week6,1400
0,0,0,0,102205022,week7,5521
0,1383,48,150,102205022,week8,5550
0,22,0,0,102205022,week9,5521
0,6,0,0,102205022,week10,5521
0,20,0,37,102205022,week11,5522
466,0,0,0,102205022,week12,5510
0,0,0,0,102205022,week13,5521
0,0,0,0,102205022,week14,5521
0,0,0,0,102205022,week15,5521
0,0,0,0,102205022,week16,5521
0,0,0,0,102205022,week17,5521
1070,0,205,0,102205022,week18,5600
0,0,0,0,102205024,week1,5521
0,0,0,39,102205024,week2,5522
0,67,0,33,102205024,week3,5524
0,0,0,54,102205024,week4,5522
0,0,0,16,102205024,week5,5521
0,5,0,131,102205024,week6,5526
0,0,0,16,102205024,week7,5521
0,0,0,53,102205024,week8,5522
0,7,0,726,102205024,week9,5400
0,20,0,31,102205024,week10,5522
0,8,0,45,102205024,week11,5522
0,0,0,0,102205024,week12,5521
0,18,0,50,102205024,week13,5522
0,5,0,136,102205024,week14,5526
0,6,0,11,102205024,week15,5521
0,0,0,26,102205024,week16,5521
0,0,0,0,102205024,week17,5521
0,0,0,0,102205024,week18,5521
0,0,0,0,102205030,week1,5521
0,0,0,39,102205030,week2,5522
0,7,0,33,102205030,week3,5522
0,5,0,0,102205030,week4,5521
0,8,0,2834,102205030,week5,5230
0,828,0,12907,102205030,week6,3100
0,0,0,6,102205030,week7,5521
0,0,0,63,102205030,week8,5522
0,0,0,35,102205030,week9,5522
0,0,0,122,102205030,week10,5526
0,0,0,47,102205030,week11,5522
136,0,221,52,102205030,week12,5523
0,0,0,0,102205030,week13,5521
0,0,0,0,102205030,week14,5521
0,0,0,0,102205030,week15,5521
0,0,0,0,102205030,week16,5521
0,0,0,128,102205030,week17,5526
0,19,0,5794,102205030,week18,3220
0,0,0,10,102205033,week1,5521
0,0,0,28,102205033,week2,5521
0,0,0,18,102205033,week3,5521
0,13,0,35,102205033,week4,5522
0,0,0,0,102205033,week5,5521
0,0,0,0,102205033,week6,5521
0,35,0,17,102205033,week7,5521
0,0,0,9,102205033,week8,5521
0,25,0,15,102205033,week9,5521
0,6,0,0,102205033,week10,5521
0,38,0,11,102205033,week11,5521
6943,12,0,83,102205033,week12,5100
8,0,0,21,102205033,week13,5521
0,22,0,34,102205033,week14,5522
0,32,0,12,102205033,week15,5521
0,18,0,0,102205033,week16,5521
0,6,0,12,102205033,week17,5521
1191,0,0,0,102205033,week18,5600
0,0,0,0,102205051,week1,5521
0,0,0,0,102205051,week2,5521
0,619,0,418,102205051,week3,5529
0,0,0,0,102205051,week4,5521
0,0,0,49,102205051,week5,5522
0,0,0,33,102205051,week6,5522
0,0,19,0,102205051,week7,5521
0,12,0,80,102205051,week8,5522
0,0,0,0,102205051,week9,5521
0,0,0,0,102205051,week10,5521
59,7,637,0,102205051,week11,5539
1489,0,20,5,102205051,week12,5600
0,0,0,0,102205051,week13,5521
0,0,0,0,102205051,week14,5521
15,0,0,0,102205051,week15,5521
0,0,0,0,102205051,week16,5521
7903,20,0,5,102205051,week17,2400
3295,16,0,30,102205051,week18,5100
0,0,0,0,102205081,week1,5521
0,0,0,0,102205081,week2,5521
0,10,0,271,102205081,week3,5560
0,0,0,0,102205081,week4,5521
0,0,0,0,102205081,week5,5521
0,0,0,0,102205081,week6,5521
0,0,0,0,102205081,week7,5521
0,0,0,0,102205081,week8,5521
0,0,0,0,102205081,week9,5521
0,0,0,0,102205081,week10,5521
0,0,0,0,102205081,week11,5521
14231,24,0,30,102205081,week12,2330
0,0,0,0,102205081,week13,5521
0,0,0,0,102205081,week14,5521
0,0,0,0,102205081,week15,5521
0,0,0,0,102205081,week16,5521
0,0,0,0,102205081,week17,5521
1036,0,15,0,102205081,week18,5600
0,0,0,0,102205092,week1,5521
0,0,0,0,102205092,week2,5521
0,61,0,129,102205092,week3,5526
0,49,0,173,102205092,week4,5526
0,17,0,4383,102205092,week5,5240
0,493,26,2799,102205092,week6,5230
0,13,0,21,102205092,week7,5521
0,99,0,20,102205092,week8,5524
0,16,0,10,102205092,week9,5521
0,0,0,5,102205092,week10,5521
0,20,0,24,102205092,week11,5521
0,364,0,1059,102205092,week12,5400
0,53,0,70,102205092,week13,5522
0,27,0,7,102205092,week14,5521
0,35,0,146,102205092,week15,5526
0,16,0,0,102205092,week16,5521
0,0,0,0,102205092,week17,5521
0,62,4853,714,102205092,week18,4100
0,0,0,0,102205095,week1,5521
0,0,0,60,102205095,week2,5522
0,78,0,199,102205095,week3,5526
0,0,0,17,102205095,week4,5521
0,0,0,108,102205095,week5,5526
0,0,0,0,102205095,week6,5521
0,17,0,98,102205095,week7,5526
0,0,0,41,102205095,week8,5522
0,7,0,24,102205095,week9,5521
0,23,0,32,102205095,week10,5522
15,65,0,60,102205095,week11,5524
0,0,0,0,102205095,week12,5521
0,22,0,41,102205095,week13,5522
0,50,0,208,102205095,week14,5560
0,23,0,45,102205095,week15,5522
0,13,0,0,102205095,week16,5521
0,11,0,18,102205095,week17,5521
0,0,0,0,102205095,week18,5521
0,0,349,20,102208001,week1,5539
0,52,5,34,102208001,week2,5524
0,26,0,117,102208001,week3,5526
0,709,0,502,102208001,week4,5529
0,0,0,2941,102208001,week5,5230
0,0,7339,5,102208001,week6,4300
0,0,7,0,102208001,week7,5521
0,0,614,7,102208001,week8,5539
0,0,0,29,102208001,week9,5521
0,0,0,0,102208001,week10,5521
0,0,0,6,102208001,week11,5521
7,22,0,0,102208001,week12,5521
0,0,0,0,102208001,week13,5521
0,0,0,9,102208001,week14,5521
0,0,0,0,102208001,week15,5521
0,0,0,0,102208001,week16,5521
0,0,0,21,102208001,week17,5521
0,0,0,22,102208001,week18,5521
0,0,0,0,102208002,week1,5521
0,0,0,0,102208002,week2,5521
0,0,0,0,102208002,week3,5521
0,0,0,0,102208002,week4,5521
0,13,48,33,102208002,week5,5522
0,0,0,1933,102208002,week6,5400
0,0,0,0,102208002,week7,5521
0,0,0,0,102208002,week8,5521
0,0,0,174,102208002,week9,5526
0,0,0,30,102208002,week10,5522
6,8,0,49,102208002,week11,5522
0,48,0,12,102208002,week12,5524
0,0,0,19,102208002,week13,5521
0,0,0,40,102208002,week14,5522
0,0,0,0,102208002,week15,5521
0,0,0,0,102208002,week16,5521
0,0,0,0,102208002,week17,5521
0,191,0,29,102208002,week18,5529
0,0,0,0,102208004,week1,5521
0,0,123,0,102208004,week2,5523
0,0,415,2572,102208004,week3,5230
0,0,0,0,102208004,week4,5521
446,0,600,6,102208004,week5,5539
12,0,12056,593,102208004,week6,4600
0,0,0,0,102208004,week7,5521
0,0,0,2731,102208004,week8,5230
0,0,0,108,102208004,week9,5526
9,0,0,0,102208004,week10,5521
0,2019,0,6,102208004,week11,5550
469,12,0,509,102208004,week12,5560
0,0,0,0,102208004,week13,5521
0,876,0,202,102208004,week14,5550
0,0,0,408,102208004,week15,5560
0,0,0,0,102208004,week16,5521
0,733,0,723,102208004,week17,5400
0,854,0,615,102208004,week18,5400
0,0,0,0,102208005,week1,5521
0,0,0,0,102208005,week2,5521
0,0,0,75,102208005,week3,5522
0,0,0,0,102208005,week4,5521
0,0,0,0,102208005,week5,5521
0,0,15,17,102208005,week6,5521
0,0,0,0,102208005,week7,5521
0,0,0,0,102208005,week8,5521
0,5,0,15,102208005,week9,5521
0,0,0,16,102208005,week10,5521
0,0,0,0,102208005,week11,5521
0,0,52,0,102208005,week12,5521
0,0,0,0,102208005,week13,5521
0,0,0,0,102208005,week14,5521
0,0,0,0,102208005,week15,5521
0,0,0,0,102208005,week16,5521
0,0,0,0,102208005,week17,5521
0,17,0,0,102208005,week18,5521
0,0,0,0,102208006,week1,5521
0,12,7,24,102208006,week2,5521
0,8,0,9,102208006,week3,5521
0,33,71,93,102208006,week4,5526
0,0,0,19,102208006,week5,5521
1547,0,12,0,102208006,week6,5600
0,0,0,6,102208006,week7,5521
0,0,0,18,102208006,week8,5521
0,12,0,33,102208006,week9,5522
0,7,0,12,102208006,week10,5521
21166,247,0,13,102208006,week11,2200
0,0,0,0,102208006,week12,5521
0,13,0,22,102208006,week13,5521
0,16,0,28,102208006,week14,5522
0,5,0,6,102208006,week15,5521
0,0,0,20,102208006,week16,5521
0,0,0,55,102208006,week17,5522
12908,1201,0,0,102208006,week18,2330
0,0,0,0,102208007,week1,5521
0,0,0,29,102208007,week2,5521
0,25,48,123,102208007,week3,5526
0,65,0,0,102208007,week4,5524
0,0,0,0,102208007,week5,5521
0,1468,1538,290,102208007,week6,5300
0,0,0,21,102208007,week7,5521
0,0,0,1172,102208007,week8,5400
0,0,0,58,102208007,week9,5522
0,16,0,2166,102208007,week10,5400
0,10,0,114,102208007,week11,5526
13163,14,43,10,102208007,week12,2330
30,0,0,9,102208007,week13,5521
0,0,0,50,102208007,week14,5522
0,0,0,30,102208007,week15,5522
0,0,0,0,102208007,week16,5521
0,0,0,0,102208007,week17,5521
4598,42,0,16,102208007,week18,5100
0,0,24,9,102208010,week1,5521
0,43,0,79,102208010,week2,5522
27,14,48,23,102208010,week3,5521
0,27,7848,70,102208010,week4,4300
0,0,784,54,102208010,week5,5539
13,0,3127,0,102208010,week6,5300
6,5,115,97,102208010,week7,5523
0,0,0,96,102208010,week8,5526
0,0,0,8,102208010,week9,5521
0,12426,0,39,102208010,week10,6200
0,18,7,19,102208010,week11,5521
6555,37,0,0,102208010,week12,5100
0,18,0,32,102208010,week13,5522
1813,0,0,11,102208010,week14,5600
6,6,0,29,102208010,week15,5522
0,0,0,0,102208010,week16,5521
14,0,0,61,102208010,week17,5522
16332,27,0,6,102208010,week18,2310
0,0,0,0,102208014,week1,5521
0,0,0,0,102208014,week2,5521
0,0,0,46,102208014,week3,5522
0,0,21612,1489,102208014,week4,1400
0,0,3873,139,102208014,week5,4100
11,0,241,0,102208014,week6,5523
0,0,0,0,102208014,week7,5521
0,0,0,159,102208014,week8,5526
0,0,0,10,102208014,week9,5521
7,0,0,235,102208014,week10,5560
0,15,0,38,102208014,week11,5522
556,11,681,21907,102208014,week12,3100
0,0,0,0,102208014,week13,5521
234,6,0,0,102208014,week14,5510
0,0,0,0,102208014,week15,5521
0,0,0,0,102208014,week16,5521
0,0,0,0,102208014,week17,5521
1480,150,63,98,102208014,week18,5600
0,0,0,0,102208015,week1,5521
0,0,0,0,102208015,week2,5521
0,0,0,0,102208015,week3,5521
0,0,19,14,102208015,week4,5521
0,0,0,0,102208015,week5,5521
0,0,0,0,102208015,week6,5521
0,0,0,0,102208015,week7,5521
0,0,0,0,102208015,week8,5521
0,0,0,0,102208015,week9,5521
0,0,0,0,102208015,week10,5521
0,0,0,0,102208015,week11,5521
0,0,0,0,102208015,week12,5521
1379,0,6,0,102208015,week13,5600
4304,0,0,0,102208015,week14,5100
9760,0,0,0,102208015,week15,2400
0,0,0,0,102208015,week16,5521
0,0,0,0,102208015,week17,5521
0,0,0,0,102208015,week18,5521
0,0,0,0,102208017,week1,5521
0,412,23,71,102208017,week2,5529
0,11,0,19,102208017,week3,5521
0,0,0,0,102208017,week4,5521
0,0,0,19,102208017,week5,5521
0,0,0,0,102208017,week6,5521
0,12,0,25,102208017,week7,5521
0,8,0,74,102208017,week8,5522
0,14,0,5,102208017,week9,5521
0,370,0,119,102208017,week10,5529
17,369,0,16,102208017,week11,5529
6687,131,0,0,102208017,week12,5100
12,374,0,12,102208017,week13,5529
0,5,0,7,102208017,week14,5521
0,22,0,7,102208017,week15,5521
0,0,0,0,102208017,week16,5521
0,0,0,22,102208017,week17,5521
11356,0,0,0,102208017,week18,2400
0,0,0,0,102208018,week1,5521
0,0,0,0,102208018,week2,5521
0,0,0,0,102208018,week3,5521
0,0,0,0,102208018,week4,5521
0,0,0,48,102208018,week5,5522
0,0,0,16,102208018,week6,5521
0,0,0,0,102208018,week7,5521
0,0,0,33,102208018,week8,5522
0,0,0,21,102208018,week9,5521
0,0,0,13,102208018,week10,5521
0,0,0,0,102208018,week11,5521
0,0,186,16,102208018,week12,5523
0,0,0,31,102208018,week13,5522
0,0,0,19,102208018,week14,5521
0,0,0,64,102208018,week15,5522
0,0,0,0,102208018,week16,5521
0,0,0,0,102208018,week17,5521
0,0,0,40,102208018,week18,5522
0,0,0,5,102208021,week1,5521
0,19,22,78,102208021,week2,5522
0,0,0,0,102208021,week3,5521
0,0,0,0,102208021,week4,5521
0,0,0,23,102208021,week5,5521
0,0,0,21,102208021,week6,5521
0,0,0,10,102208021,week7,5521
0,0,0,0,102208021,week8,5521
0,0,0,18,102208021,week9,5521
0,0,0,11691,102208021,week10,3229
202,6,0,7,102208021,week11,5525
7,0,0,0,102208021,week12,5521
0,0,0,64,102208021,week13,5522
0,0,0,0,102208021,week14,5521
0,0,0,53,102208021,week15,5522
0,0,0,7,102208021,week16,5521
0,0,0,5,102208021,week17,5521
361,0,0,31,102208021,week18,5510
0,0,0,0,102208022,week1,5521
0,66,6,24,102208022,week2,5524
17,23,478,9,102208022,week3,5539
0,0,0,158,102208022,week4,5526
0,0,0,0,102208022,week5,5521
104,813,5170,13,102208022,week6,4100
0,6,0,39,102208022,week7,5522
39,157,0,32,102208022,week8,5529
0,54,0,61,102208022,week9,5524
0,0,0,0,102208022,week10,5521
0,274,325,57,102208022,week11,5529
17675,0,0,0,102208022,week12,2310
0,23,0,46,102208022,week13,5522
0,42,0,30,102208022,week14,5522
0,26,0,29,102208022,week15,5522
0,0,0,8,102208022,week16,5521
0,0,0,26,102208022,week17,5521
10011,0,0,0,102208022,week18,2400
0,0,0,0,102208023,week1,5521
0,22,0,55,102208023,week2,5522
0,0,0,0,102208023,week3,5521
6,166,496,771,102208023,week4,5400
0,0,0,1778,102208023,week5,5400
0,0,894,14,102208023,week6,5300
0,0,0,11,102208023,week7,5521
0,16,0,62,102208023,week8,5522
1907,0,0,0,102208023,week9,5600
8,0,0,0,102208023,week10,5521
113,58,0,0,102208023,week11,5525
84,0,752,9,102208023,week12,5539
0,0,0,0,102208023,week13,5521
0,0,0,0,102208023,week14,5521
0,0,0,0,102208023,week15,5521
0,0,0,0,102208023,week16,5521
0,0,0,0,102208023,week17,5521
163,0,13,0,102208023,week18,5525
0,0,0,0,102208024,week1,5521
0,0,0,0,102208024,week2,5521
0,0,0,5256,102208024,week3,5250
0,0,0,103,102208024,week4,5526
0,0,151,72,102208024,week5,5523
127,0,899,13,102208024,week6,5300
0,0,0,0,102208024,week7,5521
0,0,0,0,102208024,week8,5521
71,0,459,74,102208024,week9,5539
0,0,0,11,102208024,week10,5521
0,0,0,7,102208024,week11,5521
1992,0,622,7,102208024,week12,5600
0,0,0,0,102208024,week13,5521
0,0,0,0,102208024,week14,5521
0,0,0,0,102208024,week15,5521
0,0,0,0,102208024,week16,5521
0,0,0,0,102208024,week17,5521
2217,0,0,0,102208024,week18,5600
0,0,0,0,102208029,week1,5521
0,0,0,29,102208029,week2,5521
0,19,2957,91,102208029,week3,5300
0,55,236,498,102208029,week4,5560
591,0,4403,112,102208029,week5,4100
0,0,6,3319,102208029,week6,5220
0,7,0,5,102208029,week7,5521
24,12,0,13,102208029,week8,5521
0,13,0,21,102208029,week9,5521
0,65,0,34,102208029,week10,5524
12321,30,26,20,102208029,week11,2330
8604,0,0,737,102208029,week12,2400
0,16,0,34,102208029,week13,5522
0,20,0,16,102208029,week14,5521
0,16,0,22,102208029,week15,5521
0,18,0,0,102208029,week16,5521
0,22,0,22,102208029,week17,5521
7,0,0,0,102208029,week18,5521
0,0,0,0,102208030,week1,5521
0,16,10,50,102208030,week2,5522
0,8,0,0,102208030,week3,5521
0,34,12,46,102208030,week4,5522
664,0,3853,0,102208030,week5,4100
0,0,13003,0,102208030,week6,4600
0,0,0,5675,102208030,week7,3220
2353,21601,38,21750,102208030,week8,3400
0,319,2875,28,102208030,week9,5300
0,34,0,22,102208030,week10,5521
21601,0,0,5,102208030,week11,2200
0,0,0,0,102208030,week12,5521
0,11,0,32,102208030,week13,5522
0,130,0,128,102208030,week14,5529
2286,34,0,304,102208030,week15,5600
0,0,0,22,102208030,week16,5521
6,915,0,74,102208030,week17,5550
7,20,0,7,102208030,week18,5521
0,0,0,0,102208032,week1,5521
0,10,0,88,102208032,week2,5522
0,0,0,15,102208032,week3,5521
0,0,0,0,102208032,week4,5521
0,0,0,0,102208032,week5,5521
0,0,9163,481,102208032,week6,4300
0,0,0,0,102208032,week7,5521
0,0,0,0,102208032,week8,5521
0,0,0,0,102208032,week9,5521
0,0,0,0,102208032,week10,5521
0,0,0,0,102208032,week11,5521
0,0,14405,3529,102208032,week12,1200
0,0,0,0,102208032,week13,5521
0,0,0,0,102208032,week14,5521
0,0,0,0,102208032,week15,5521
0,0,0,0,102208032,week16,5521
0,0,0,0,102208032,week17,5521
0,0,15184,472,102208032,week18,1200
0,0,0,0,102208034,week1,5521
0,86,0,57,102208034,week2,5524
0,12,0,0,102208034,week3,5521
0,0,0,0,102208034,week4,5521
0,0,0,0,102208034,week5,5521
10,8,0,0,102208034,week6,5521
0,0,0,0,102208034,week7,5521
0,0,0,0,102208034,week8,5521
0,0,0,0,102208034,week9,5521
0,0,0,0,102208034,week10,5521
0,0,0,0,102208034,week11,5521
16044,40,0,34,102208034,week12,2310
0,0,0,0,102208034,week13,5521
0,0,0,0,102208034,week14,5521
0,0,0,0,102208034,week15,5521
0,0,0,0,102208034,week16,5521
0,0,0,0,102208034,week17,5521
1096,28,0,0,102208034,week18,5600
0,0,0,0,102208038,week1,5521
0,0,0,0,102208038,week2,5521
0,0,0,0,102208038,week3,5521
0,0,0,0,102208038,week4,5521
0,21,0,137,102208038,week5,5526
0,326,0,3661,102208038,week6,5220
0,0,0,0,102208038,week7,5521
0,0,0,0,102208038,week8,5521
0,0,0,5,102208038,week9,5521
0,0,0,0,102208038,week10,5521
62,0,7215,5,102208038,week11,4300
459,362,0,1573,102208038,week12,5400
0,0,0,0,102208038,week13,5521
0,0,0,0,102208038,week14,5521
0,0,0,0,102208038,week15,5521
0,0,0,0,102208038,week16,5521
0,0,0,0,102208038,week17,5521
186,13,9,7,102208038,week18,5525
0,0,0,0,102208041,week1,5521
0,0,0,0,102208041,week2,5521
0,8043,0,8178,102208041,week3,3260
207,3594,37,20,102208041,week4,6300
702,6,1682,4171,102208041,week5,5240
0,89,4496,1149,102208041,week6,4100
0,0,0,7,102208041,week7,5521
0,0,0,54,102208041,week8,5522
271,12,445,37,102208041,week9,5539
0,0,0,10,102208041,week10,5521
5,6088,8,18,102208041,week11,6400
2327,1464,3365,4532,102208041,week12,4400
26,0,0,31,102208041,week13,5522
0,0,0,33,102208041,week14,5522
0,0,0,966,102208041,week15,5400
0,123,198,20053,102208041,week16,3100
514,25,671,17,102208041,week17,5539
4304,6926,902,73,102208041,week18,6100
0,0,0,0,102208042,week1,5521
0,15,0,658,102208042,week2,5560
0,60,0,2368,102208042,week3,5400
0,0,0,0,102208042,week4,5521
0,1564,3276,4259,102208042,week5,4400
0,0,0,11,102208042,week6,5521
0,0,6,24,102208042,week7,5521
0,0,0,7,102208042,week8,5521
0,0,0,20,102208042,week9,5521
0,0,0,0,102208042,week10,5521
0,9,0,9,102208042,week11,5521
0,23,0,125,102208042,week12,5526
0,0,0,34,102208042,week13,5522
0,0,0,7,102208042,week14,5521
0,0,0,0,102208042,week15,5521
0,0,0,0,102208042,week16,5521
10,0,0,46,102208042,week17,5522
0,4381,0,9,102208042,week18,6300
0,0,0,0,102208043,week1,5521
0,13,0,26,102208043,week2,5521
0,13,0,60,102208043,week3,5522
69,0,44,25,102208043,week4,5525
0,0,0,9,102208043,week5,5521
0,0,0,5,102208043,week6,5521
0,0,0,17,102208043,week7,5521
0,0,0,8,102208043,week8,5521
0,0,0,18,102208043,week9,5521
0,0,0,82,102208043,week10,5522
0,0,0,16,102208043,week11,5521
0,0,0,0,102208043,week12,5521
0,0,0,0,102208043,week13,5521
0,0,0,0,102208043,week14,5521
4757,34,0,370,102208043,week15,5100
13,0,0,12,102208043,week16,5521
0,0,0,6,102208043,week17,5521
5450,22,0,9,102208043,week18,5100
0,0,0,0,102208044,week1,5521
0,0,0,0,102208044,week2,5521
7,14,0,5,102208044,week3,5521
0,0,0,0,102208044,week4,5521
0,0,340,0,102208044,week5,5539
0,0,20668,0,102208044,week6,1400
0,0,0,0,102208044,week7,5521
2493,0,2961,0,102208044,week8,5300
0,0,0,0,102208044,week9,5521
310,0,5,33,102208044,week10,5510
43263,0,283,10,102208044,week11,2100
9934,0,0,0,102208044,week12,2400
0,0,0,0,102208044,week13,5521
33,0,0,0,102208044,week14,5521
14,0,0,0,102208044,week15,5521
15,0,0,0,102208044,week16,5521
3929,5,0,799,102208044,week17,5100
40,0,0,303,102208044,week18,5560
0,0,0,0,102208045,week1,5521
0,19,95,74,102208045,week2,5523
0,0,0,92,102208045,week3,5522
5,0,0,13,102208045,week4,5521
0,0,0,9,102208045,week5,5521
0,0,392,55,102208045,week6,5539
0,0,0,68,102208045,week7,5522
0,0,0,0,102208045,week8,5521
8355,5,0,282,102208045,week9,2400
28,15,0,6,102208045,week10,5521
0,5,0,12,102208045,week11,5521
4534,19,0,69,102208045,week12,5100
0,0,0,22,102208045,week13,5521
0,0,0,40,102208045,week14,5522
0,0,0,15,102208045,week15,5521
0,0,0,65,102208045,week16,5522
0,0,0,52,102208045,week17,5522
3913,0,0,0,102208045,week18,5100
0,0,0,0,102208046,week1,5521
0,0,0,0,102208046,week2,5521
6,47,32,29,102208046,week3,5524
0,0,0,0,102208046,week4,5521
1558,327,8,11,102208046,week5,5600
5,0,30063,11,102208046,week6,1400
8,0,0,0,102208046,week7,5521
0,0,0,0,102208046,week8,5521
2353,35,6366,9,102208046,week9,4200
0,0,0,0,102208046,week10,5521
3498,362,28,137,102208046,week11,5100
17,0,0,0,102208046,week12,5521
0,0,0,25,102208046,week13,5521
0,0,0,58,102208046,week14,5522
0,5,0,0,102208046,week15,5521
0,0,0,48,102208046,week16,5522
0,0,0,150,102208046,week17,5526
12211,75,0,17,102208046,week18,2330
0,0,0,0,102208052,week1,5521
0,0,0,69,102208052,week2,5522
0,25,0,99,102208052,week3,5526
0,7,0,507,102208052,week4,5560
0,0,13,17,102208052,week5,5521
0,0,1326,7641,102208052,week6,3210
0,50,0,68,102208052,week7,5522
0,5,0,51,102208052,week8,5522
0,69,0,15,102208052,week9,5524
0,31,0,13,102208052,week10,5521
0,655,5819,26,102208052,week11,4100
11955,0,0,0,102208052,week12,2330
0,29,0,32,102208052,week13,5522
0,0,0,0,102208052,week14,5521
0,1322,0,23,102208052,week15,5550
0,0,0,0,102208052,week16,5521
0,0,0,98,102208052,week17,5526
1451,5,135,15,102208052,week18,5600
0,0,0,0,102208053,week1,5521
0,0,0,0,102208053,week2,5521
0,0,0,0,102208053,week3,5521
0,0,0,0,102208053,week4,5521
0,0,0,0,102208053,week5,5521
0,15,15130,84,102208053,week6,1200
0,0,0,0,102208053,week7,5521
0,0,0,11,102208053,week8,5521
0,0,0,0,102208053,week9,5521
0,0,0,1674,102208053,week10,5400
0,0,0,0,102208053,week11,5521
0,44,0,114,102208053,week12,5526
0,0,0,21,102208053,week13,5521
0,0,0,0,102208053,week14,5521
0,0,0,26,102208053,week15,5521
0,0,0,0,102208053,week16,5521
0,0,0,0,102208053,week17,5521
0,0,0,0,102208053,week18,5521
0,0,0,0,102208054,week1,5521
0,0,0,0,102208054,week2,5521
0,13,10,1742,102208054,week3,5400
0,0,0,2436,102208054,week4,5230
0,0,528,103,102208054,week5,5539
0,1211,195,1691,102208054,week6,5400
0,0,0,0,102208054,week7,5521
0,11,0,0,102208054,week8,5521
0,0,0,0,102208054,week9,5521
0,0,0,0,102208054,week10,5521
0,0,0,51,102208054,week11,5522
59,0,8259,3131,102208054,week12,4500
0,0,0,33,102208054,week13,5522
0,0,0,115,102208054,week14,5526
0,0,0,0,102208054,week15,5521
0,0,0,0,102208054,week16,5521
0,0,0,0,102208054,week17,5521
12890,0,0,112,102208054,week18,2330
0,0,0,0,102208055,week1,5521
0,0,0,0,102208055,week2,5521
0,0,0,0,102208055,week3,5521
0,3296,0,232,102208055,week4,6300
0,12,82,93,102208055,week5,5526
0,0,7480,1690,102208055,week6,4300
0,0,834,93,102208055,week7,5300
0,0,13,0,102208055,week8,5521
17,0,80,7,102208055,week9,5523
0,0,0,0,102208055,week10,5521
0,0,1050,8,102208055,week11,5300
0,0,1734,50,102208055,week12,5300
0,0,0,0,102208055,week13,5521
0,0,0,0,102208055,week14,5521
0,0,0,0,102208055,week15,5521
0,0,0,0,102208055,week16,5521
0,0,0,0,102208055,week17,5521
8,0,1292,25,102208055,week18,5300
0,0,0,0,102208056,week1,5521
0,0,0,0,102208056,week2,5521
0,4593,0,17,102208056,week3,6300
0,13,0,0,102208056,week4,5521
0,0,0,8814,102208056,week5,3210
0,5,84,5183,102208056,week6,5250
0,0,0,0,102208056,week7,5521
0,30,12,763,102208056,week8,5400
7,0,47,5,102208056,week9,5521
0,0,0,0,102208056,week10,5521
0,43,0,38,102208056,week11,5522
6054,33,0,0,102208056,week12,5100
0,30,0,68,102208056,week13,5522
0,45,0,89,102208056,week14,5522
0,33,0,21,102208056,week15,5521
0,9,0,0,102208056,week16,5521
0,0,0,22,102208056,week17,5521
2116,54,14628,152,102208056,week18,1200
0,0,0,0,102208057,week1,5521
0,0,38,98,102208057,week2,5526
0,40,0,14,102208057,week3,5521
0,20,0,16,102208057,week4,5521
0,0,16917,44,102208057,week5,1200
652,0,11669,0,102208057,week6,4600
6,0,0,0,102208057,week7,5521
5,0,0,0,102208057,week8,5521
7,0,0,22,102208057,week9,5521
41,0,0,0,102208057,week10,5521
6,0,0,7,102208057,week11,5521
3230,8,0,0,102208057,week12,5600
0,0,0,0,102208057,week13,5521
0,0,0,0,102208057,week14,5521
0,0,0,0,102208057,week15,5521
0,7,0,55,102208057,week16,5522
0,0,0,0,102208057,week17,5521
83,0,0,0,102208057,week18,5525
0,0,0,0,102208059,week1,5521
0,907,0,44,102208059,week2,5550
10,347,58,110,102208059,week3,5529
0,6,0,18,102208059,week4,5521
0,0,0,89,102208059,week5,5522
1081,1212,0,2244,102208059,week6,5400
12,2512,0,587,102208059,week7,6300
2341,0,0,0,102208059,week8,5600
1585,0,0,0,102208059,week9,5600
0,0,0,62,102208059,week10,5522
568,103,1978,290,102208059,week11,5300
16444,25,7,54,102208059,week12,2310
1824,0,0,0,102208059,week13,5600
8,0,0,61,102208059,week14,5522
0,0,0,0,102208059,week15,5521
0,0,0,0,102208059,week16,5521
78,1643,0,0,102208059,week17,5550
0,0,0,0,102208059,week18,5521
0,0,0,0,102208060,week1,5521
0,0,0,0,102208060,week2,5521
0,0,0,0,102208060,week3,5521
0,0,0,0,102208060,week4,5521
0,6263,0,764,102208060,week5,6400
0,9,7398,32,102208060,week6,4300
0,0,0,0,102208060,week7,5521
0,0,0,0,102208060,week8,5521
0,0,0,0,102208060,week9,5521
0,0,0,0,102208060,week10,5521
0,0,0,0,102208060,week11,5521
5,5,104,406,102208060,week12,5560
0,0,0,0,102208060,week13,5521
0,0,0,0,102208060,week14,5521
0,0,0,0,102208060,week15,5521
0,0,0,0,102208060,week16,5521
0,0,0,0,102208060,week17,5521
9,27,45,107,102208060,week18,5526
0,0,0,0,102208061,week1,5521
0,5,56,226,102208061,week2,5560
0,0,0,0,102208061,week3,5521
0,0,0,0,102208061,week4,5521
0,0,0,0,102208061,week5,5521
0,2605,0,6667,102208061,week6,3240
0,0,0,1446,102208061,week7,5400
0,0,0,0,102208061,week8,5521
0,0,0,0,102208061,week9,5521
0,0,0,0,102208061,week10,5521
0,0,0,0,102208061,week11,5521
0,0,0,0,102208061,week12,5521
0,0,0,38,102208061,week13,5522
0,0,0,0,102208061,week14,5521
0,7,0,11,102208061,week15,5521
0,0,0,7,102208061,week16,5521
0,0,0,0,102208061,week17,5521
0,0,0,0,102208061,week18,5521
0,0,0,0,102208062,week1,5521
0,0,0,0,102208062,week2,5521
0,181,25,79,102208062,week3,5529
0,0,8,0,102208062,week4,5521
0,0,6,6,102208062,week5,5521
0,5,1317,0,102208062,week6,5300
0,0,0,0,102208062,week7,5521
0,0,0,0,102208062,week8,5521
0,0,0,0,102208062,week9,5521
0,0,0,4221,102208062,week10,5240
0,0,0,244,102208062,week11,5560
4005,2405,4668,630,102208062,week12,4200
0,0,0,0,102208062,week13,5521
0,0,0,0,102208062,week14,5521
0,0,0,0,102208062,week15,5521
27,0,40,17,102208062,week16,5521
12,7,0,195,102208062,week17,5526
51,0,0,0,102208062,week18,5525
0,0,0,0,102208063,week1,5521
0,0,0,0,102208063,week2,5521
7,71,61,17,102208063,week3,5524
0,17,54,1336,102208063,week4,5400
10,0,5,559,102208063,week5,5560
0,53,1118,309,102208063,week6,5300
0,0,0,16,102208063,week7,5521
0,0,0,536,102208063,week8,5560
0,0,0,5,102208063,week9,5521
0,0,0,0,102208063,week10,5521
12,0,21601,117,102208063,week11,1400
5856,6,390,89,102208063,week12,5100
0,0,0,22,102208063,week13,5521
0,0,0,8582,102208063,week14,3210
0,0,0,59,102208063,week15,5522
0,0,0,20785,102208063,week16,3100
0,0,0,0,102208063,week17,5521
3013,0,0,9606,102208063,week18,3229
0,0,0,0,102208064,week1,5521
0,0,0,0,102208064,week2,5521
0,6,0,0,102208064,week3,5521
0,0,0,0,102208064,week4,5521
0,10,0,0,102208064,week5,5521
454,5,2928,14,102208064,week6,5300
0,0,0,0,102208064,week7,5521
0,0,0,0,102208064,week8,5521
0,0,0,0,102208064,week9,5521
0,0,0,0,102208064,week10,5521
0,0,0,0,102208064,week11,5521
5052,4718,614,223,102208064,week12,6100
0,0,0,0,102208064,week13,5521
0,0,0,0,102208064,week14,5521
0,0,0,0,102208064,week15,5521
0,0,0,0,102208064,week16,5521
0,0,0,0,102208064,week17,5521
0,0,0,8,102208064,week18,5521
0,0,0,0,102208065,week1,5521
0,0,0,0,102208065,week2,5521
0,0,6,72,102208065,week3,5522
0,0,0,651,102208065,week4,5560
0,0,0,0,102208065,week5,5521
0,35,7,69,102208065,week6,5522
0,0,0,0,102208065,week7,5521
0,0,0,140,102208065,week8,5526
0,0,0,28,102208065,week9,5521
0,0,0,6,102208065,week10,5521
0,0,0,54,102208065,week11,5522
0,0,0,0,102208065,week12,5521
0,0,0,14,102208065,week13,5521
0,0,0,59,102208065,week14,5522
0,0,0,1340,102208065,week15,5400
0,0,0,13,102208065,week16,5521
0,0,0,0,102208065,week17,5521
0,0,0,0,102208065,week18,5521
0,0,0,0,102208066,week1,5521
0,14,0,1066,102208066,week2,5400
0,100,0,35,102208066,week3,5524
0,0,0,31,102208066,week4,5522
0,19,0,317,102208066,week5,5560
0,0,0,5765,102208066,week6,3220
0,235,0,88,102208066,week7,5529
17,9,54,84,102208066,week8,5522
6,37,0,215,102208066,week9,5560
0,0,0,0,102208066,week10,5521
23,80,746,151,102208066,week11,5539
595,90,0,919,102208066,week12,5400
5,11,0,9,102208066,week13,5521
0,78,0,151,102208066,week14,5526
2606,798,0,6,102208066,week15,5600
0,0,0,0,102208066,week16,5521
0,0,0,186,102208066,week17,5526
20598,5,0,0,102208066,week18,2200
0,0,0,0,102208068,week1,5521
0,0,0,0,102208068,week2,5521
0,6,0,952,102208068,week3,5400
10,0,6,43,102208068,week4,5522
6,0,7,7,102208068,week5,5521
0,0,10925,3977,102208068,week6,4500
0,0,0,68,102208068,week7,5522
0,0,51,8,102208068,week8,5521
0,0,0,110,102208068,week9,5526
0,0,0,13,102208068,week10,5521
0,0,0,0,102208068,week11,5521
2584,0,446,7,102208068,week12,5600
0,0,0,0,102208068,week13,5521
0,0,0,0,102208068,week14,5521
0,0,0,43,102208068,week15,5522
0,0,0,0,102208068,week16,5521
0,0,113,250,102208068,week17,5560
311,6,0,0,102208068,week18,5510
0,0,0,0,102208070,week1,5521
0,0,0,0,102208070,week2,5521
0,0,0,0,102208070,week3,5521
0,0,0,0,102208070,week4,5521
0,0,0,0,102208070,week5,5521
0,0,0,1168,102208070,week6,5400
388,9,3235,34,102208070,week7,5300
5,11,0,8,102208070,week8,5521
0,0,0,0,102208070,week9,5521
0,0,0,0,102208070,week10,5521
0,0,0,0,102208070,week11,5521
29,0,30,7,102208070,week12,5521
0,0,0,0,102208070,week13,5521
0,0,0,0,102208070,week14,5521
0,0,0,0,102208070,week15,5521
0,0,0,0,102208070,week16,5521
1255,0,0,0,102208070,week17,5600
0,0,0,0,102208070,week18,5521
0,0,0,0,102208073,week1,5521
0,0,7,23,102208073,week2,5521
0,53,9081,36,102208073,week3,4300
231,0,6431,14,102208073,week4,4300
0,0,42,0,102208073,week5,5521
793,0,111,0,102208073,week6,5510
0,0,7997,8,102208073,week7,4300
0,0,0,0,102208073,week8,5521
601,0,14,0,102208073,week9,5510
0,0,0,0,102208073,week10,5521
8,0,0,0,102208073,week11,5521
8796,0,0,27,102208073,week12,2400
0,0,0,0,102208073,week13,5521
0,0,0,0,102208073,week14,5521
0,0,0,0,102208073,week15,5521
0,0,0,15,102208073,week16,5521
0,0,0,0,102208073,week17,5521
0,6,0,111,102208073,week18,5526
0,0,0,0,102208074,week1,5521
0,0,0,0,102208074,week2,5521
0,0,0,0,102208074,week3,5521
0,16,0,134,102208074,week4,5526
0,0,0,0,102208074,week5,5521
0,19,0,42,102208074,week6,5522
0,0,0,0,102208074,week7,5521
0,0,0,0,102208074,week8,5521
0,12,0,30,102208074,week9,5522
0,0,0,0,102208074,week10,5521
0,0,1277,0,102208074,week11,5300
7915,0,14778,0,102208074,week12,1100
0,0,0,0,102208074,week13,5521
0,0,0,0,102208074,week14,5521
0,0,0,0,102208074,week15,5521
0,0,0,91,102208074,week16,5522
0,0,0,11,102208074,week17,5521
18713,0,0,310,102208074,week18,2200
0,0,0,0,102208078,week1,5521
0,103,0,20,102208078,week2,5524
0,59,80,71,102208078,week3,5524
0,0,0,9,102208078,week4,5521
0,0,0,191,102208078,week5,5526
1187,0,11056,27,102208078,week6,4600
0,0,0,43,102208078,week7,5522
0,5,0,36,102208078,week8,5522
0,0,0,0,102208078,week9,5521
0,0,0,14,102208078,week10,5521
7,116,0,437,102208078,week11,5560
6,11,0,94,102208078,week12,5526
0,56,0,3727,102208078,week13,5220
0,52,0,109,102208078,week14,5526
0,8,0,795,102208078,week15,5400
0,0,0,0,102208078,week16,5521
0,0,0,79,102208078,week17,5522
14759,0,0,0,102208078,week18,2310
0,0,0,7,102208082,week1,5521
0,0,0,5,102208082,week2,5521
0,0,0,8,102208082,week3,5521
0,0,369,56,102208082,week4,5539
0,0,0,616,102208082,week5,5560
0,0,3978,265,102208082,week6,4100
0,0,0,0,102208082,week7,5521
0,0,0,61,102208082,week8,5522
0,0,0,0,102208082,week9,5521
0,0,0,0,102208082,week10,5521
8,0,646,41,102208082,week11,5539
1681,0,0,0,102208082,week12,5600
0,0,0,87,102208082,week13,5522
0,0,0,6,102208082,week14,5521
0,0,0,0,102208082,week15,5521
0,0,0,24,102208082,week16,5521
0,0,0,14,102208082,week17,5521
440,21,0,82,102208082,week18,5510
0,0,0,0,102208083,week1,5521
0,137,0,29,102208083,week2,5524
0,60,0,20,102208083,week3,5524
0,0,196,15,102208083,week4,5523
0,0,8,20,102208083,week5,5521
354,307,10277,1572,102208083,week6,4600
0,10,0,37,102208083,week7,5522
0,0,0,9,102208083,week8,5521
2391,13,12,32,102208083,week9,5600
0,302,0,0,102208083,week10,5529
0,27,0,33,102208083,week11,5522
4129,0,0,5,102208083,week12,5100
0,0,0,1703,102208083,week13,5400
0,57,0,33,102208083,week14,5524
0,0,0,13,102208083,week15,5521
0,0,0,0,102208083,week16,5521
0,15,0,45,102208083,week17,5522
4930,0,0,0,102208083,week18,5100
0,0,0,0,102208084,week1,5521
0,0,0,0,102208084,week2,5521
0,0,0,1855,102208084,week3,5400
0,0,0,11,102208084,week4,5521
0,0,0,0,102208084,week5,5521
0,0,23,378,102208084,week6,5560
0,0,0,0,102208084,week7,5521
0,0,0,0,102208084,week8,5521
0,0,0,0,102208084,week9,5521
0,0,0,0,102208084,week10,5521
0,0,8005,57,102208084,week11,4300
0,0,5,373,102208084,week12,5560
0,0,0,0,102208084,week13,5521
0,0,0,19,102208084,week14,5521
0,0,0,14,102208084,week15,5521
0,0,0,3585,102208084,week16,5220
0,0,0,5,102208084,week17,5521
0,1623,0,2036,102208084,week18,5400
0,0,0,0,102208085,week1,5521
0,0,0,11,102208085,week2,5521
0,6,0,7,102208085,week3,5521
0,0,1721,0,102208085,week4,5300
0,0,360,0,102208085,week5,5539
0,0,247,4435,102208085,week6,5240
0,0,0,0,102208085,week7,5521
0,0,0,0,102208085,week8,5521
573,0,51,32,102208085,week9,5510
0,0,12,0,102208085,week10,5521
0,0,0,0,102208085,week11,5521
278,0,0,0,102208085,week12,5510
0,0,0,0,102208085,week13,5521
0,0,0,0,102208085,week14,5521
14,0,0,0,102208085,week15,5521
0,0,0,0,102208085,week16,5521
0,0,0,0,102208085,week17,5521
20,6,0,0,102208085,week18,5521
0,0,0,0,102208086,week1,5521
0,0,0,0,102208086,week2,5521
0,0,0,0,102208086,week3,5521
0,0,0,0,102208086,week4,5521
0,0,0,1013,102208086,week5,5400
0,0,0,620,102208086,week6,5560
0,0,0,7,102208086,week7,5521
0,0,0,333,102208086,week8,5560
0,0,0,57,102208086,week9,5522
0,0,0,418,102208086,week10,5560
0,749,386,1145,102208086,week11,5400
0,0,0,62,102208086,week12,5522
0,0,0,367,102208086,week13,5560
0,0,0,268,102208086,week14,5560
0,8,0,603,102208086,week15,5560
0,0,0,10,102208086,week16,5521
0,0,0,17,102208086,week17,5521
0,60,0,1492,102208086,week18,5400
0,0,0,0,102208089,week1,5521
0,15,0,20,102208089,week2,5521
0,18,31,25,102208089,week3,5521
0,0,0,32,102208089,week4,5522
0,8,0,136,102208089,week5,5526
674,7,15292,35,102208089,week6,1200
0,24,0,7,102208089,week7,5521
0,0,0,9,102208089,week8,5521
0,143,0,279,102208089,week9,5560
0,11,0,10,102208089,week10,5521
0,0,0,147,102208089,week11,5526
446,269,51,38,102208089,week12,5510
0,0,0,0,102208089,week13,5521
0,0,0,19,102208089,week14,5521
0,157,0,5313,102208089,week15,5250
0,0,0,0,102208089,week16,5521
0,0,0,0,102208089,week17,5521
0,0,0,20,102208089,week18,5521
0,0,0,0,102208090,week1,5521
0,0,0,0,102208090,week2,5521
0,20,66,52,102208090,week3,5522
0,27,0,190,102208090,week4,5526
0,0,0,85,102208090,week5,5522
0,44,0,3452,102208090,week6,5220
0,0,0,200,102208090,week7,5526
0,11,0,2845,102208090,week8,5230
0,3427,0,713,102208090,week9,6300
0,8,0,563,102208090,week10,5560
0,0,0,0,102208090,week11,5521
10,426,8,10,102208090,week12,5529
0,0,0,0,102208090,week13,5521
11,5,0,34,102208090,week14,5522
0,176,0,0,102208090,week15,5529
0,0,0,69,102208090,week16,5522
0,0,0,0,102208090,week17,5521
484,478,0,3692,102208090,week18,5220
0,0,0,0,102209035,week1,5521
0,17,68,81,102209035,week2,5522
0,115,0,24,102209035,week3,5524
0,14,0,34,102209035,week4,5522
0,0,0,16,102209035,week5,5521
2269,22,22,0,102209035,week6,5600
0,15,0,152,102209035,week7,5526
25,0,6,65,102209035,week8,5522
0,45,0,28,102209035,week9,5524
0,255,0,81,102209035,week10,5529
17,476,0,114,102209035,week11,5529
15927,0,0,23710,102209035,week12,3300
0,0,0,0,102209035,week13,5521
35,10,0,96,102209035,week14,5526
26,29,0,15,102209035,week15,5521
0,5,0,13,102209035,week16,5521
0,0,0,14,102209035,week17,5521
4459,29,0,106,102209035,week18,5100
0,0,0,0,102258003,week1,5521
0,0,0,0,102258003,week2,5521
0,0,31,0,102258003,week3,5521
0,0,0,5161,102258003,week4,5250
0,0,14,6140,102258003,week5,3220
0,5,1039,360,102258003,week6,5300
0,0,0,0,102258003,week7,5521
0,0,0,5,102258003,week8,5521
0,0,0,6142,102258003,week9,3220
0,187,0,489,102258003,week10,5560
0,8,0,0,102258003,week11,5521
0,15287,0,0,102258003,week12,6200
0,6,0,0,102258003,week13,5521
0,0,0,0,102258003,week14,5521
0,0,0,0,102258003,week15,5521
0,0,0,0,102258003,week16,5521
0,0,0,0,102258003,week17,5521
0,0,0,0,102258003,week18,5521
0,0,0,0,102306041,week1,5521
0,0,0,0,102306041,week2,5521
0,17,8,1495,102306041,week3,5400
0,0,14,292,102306041,week4,5560
30,22,221,449,102306041,week5,5560
0,0,66,0,102306041,week6,5521
0,0,0,0,102306041,week7,5521
0,122,8,29,102306041,week8,5524
0,0,0,0,102306041,week9,5521
0,0,0,0,102306041,week10,5521
0,0,845,1064,102306041,week11,5400
559,5,439,0,102306041,week12,5510
0,0,0,0,102306041,week13,5521
0,0,0,0,102306041,week14,5521
0,0,0,0,102306041,week15,5521
0,0,0,0,102306041,week16,5521
129,10,8,14566,102306041,week17,3100
3608,12,408,9,102306041,week18,5100
0,0,46,13,102306046,week1,5521
0,0,0,8,102306046,week2,5521
1278,7,0,394,102306046,week3,5600
0,30,0,113,102306046,week4,5526
0,0,43,487,102306046,week5,5560
0,146,999,9,102306046,week6,5300
0,5,0,24,102306046,week7,5521
0,7,5,289,102306046,week8,5560
0,0,0,78,102306046,week9,5522
0,0,0,0,102306046,week10,5521
0,64,0,1396,102306046,week11,5400
17417,942,7812,0,102306046,week12,2320
0,16,0,8728,102306046,week13,3210
0,23,0,375,102306046,week14,5560
0,0,0,1762,102306046,week15,5400
0,0,0,0,102306046,week16,5521
0,26,0,7,102306046,week17,5521
8893,0,0,969,102306046,week18,2400
0,0,0,0,103258005,week1,5521
0,234,0,358,103258005,week2,5560
0,39,48,22,103258005,week3,5522
0,39,298,629,103258005,week4,5560
0,0,84,2585,103258005,week5,5230
0,0,95,46,103258005,week6,5523
0,0,0,0,103258005,week7,5521
0,7,92,720,103258005,week8,5400
0,0,0,618,103258005,week9,5560
0,0,0,337,103258005,week10,5560
0,50,0,805,103258005,week11,5400
0,0,0,0,103258005,week12,5521
0,0,0,0,103258005,week13,5521
0,5,0,46,103258005,week14,5522
14,49,0,51,103258005,week15,5524
0,202,0,33,103258005,week16,5529
0,0,0,66,103258005,week17,5522
0,0,0,76,103258005,week18,5522
0,0,0,0,103302103,week1,5521
0,0,18,42,103302103,week2,5522
0,0,0,0,103302103,week3,5521
0,1524,58,31,103302103,week4,5550
0,0,0,6,103302103,week5,5521
0,108,0,1329,103302103,week6,5400
0,0,0,0,103302103,week7,5521
0,0,0,0,103302103,week8,5521
0,0,0,0,103302103,week9,5521
0,0,0,0,103302103,week10,5521
0,324,0,1777,103302103,week11,5400
0,1489,0,5784,103302103,week12,3240
0,0,0,0,103302103,week13,5521
0,0,0,1766,103302103,week14,5400
0,0,0,0,103302103,week15,5521
0,0,0,0,103302103,week16,5521
0,0,0,937,103302103,week17,5400
0,57,0,3005,103302103,week18,5230
0,0,0,0,103302104,week1,5521
0,666,24,75,103302104,week2,5529
0,13,0,0,103302104,week3,5521
0,41,0,60,103302104,week4,5522
0,0,0,0,103302104,week5,5521
0,35,0,16367,103302104,week6,3100
0,0,0,0,103302104,week7,5521
0,9,0,84,103302104,week8,5522
0,19,0,101,103302104,week9,5526
0,23,0,144,103302104,week10,5526
0,31,0,64,103302104,week11,5522
0,2111,0,7209,103302104,week12,3240
0,0,0,20,103302104,week13,5521
0,0,0,20,103302104,week14,5521
0,0,0,0,103302104,week15,5521
0,0,0,0,103302104,week16,5521
0,0,0,0,103302104,week17,5521
27,1418,0,15896,103302104,week18,3100
0,0,38,10,104850,week1,5521
7,15,16,648,104850,week2,5560
0,12,36,9,104850,week3,5521
0,0,17,8,104850,week4,5521
0,0,17,17,104850,week5,5521
9,18,0,0,104850,week6,5521
30,0,15,19,104850,week7,5521
0,13,0,5,104850,week8,5521
7,12,0,0,104850,week9,5521
32,17,0,32,104850,week10,5522
0,7,0,20,104850,week11,5521
8,0,0,0,104850,week12,5521
13,9,0,5,104850,week13,5521
0,14,0,0,104850,week14,5521
0,0,0,5,104850,week15,5521
6,0,0,0,104850,week16,5521
0,0,0,75,104850,week17,5522
0,0,0,0,104850,week18,5521
0,0,0,0,126267,week1,5521
0,0,0,0,126267,week2,5521
0,0,0,0,126267,week3,5521
0,0,0,0,126267,week4,5521
0,0,0,0,126267,week5,5521
0,0,0,0,126267,week6,5521
0,0,0,0,126267,week7,5521
0,0,0,0,126267,week8,5521
0,0,0,0,126267,week9,5521
0,0,0,0,126267,week10,5521
0,0,0,0,126267,week11,5521
0,0,0,0,126267,week12,5521
0,0,0,0,126267,week13,5521
0,0,0,0,126267,week14,5521
0,0,0,0,126267,week15,5521
0,0,0,0,126267,week16,5521
0,0,0,0,126267,week17,5521
0,0,0,0,126267,week18,5521
0,0,7,6,99203054,week1,5521
0,38,12,283,99203054,week2,5560
1177,5,0,20,99203054,week3,5600
6,11,14,649,99203054,week4,5560
0,0,0,5,99203054,week5,5521
359,7,0,83,99203054,week6,5510
0,0,0,0,99203054,week7,5521
0,0,0,17,99203054,week8,5521
8294,0,0,0,99203054,week9,2400
69,12,0,1128,99203054,week10,5400
3828,36,0,1108,99203054,week11,5100
255,0,0,1390,99203054,week12,5400
0,0,0,0,99203054,week13,5521
0,0,0,0,99203054,week14,5521
1315,191,0,12,99203054,week15,5600
0,12,0,0,99203054,week16,5521
0,0,0,7,99203054,week17,5521
0,0,0,0,99203054,week18,5521
0,0,0,0,99304030,week1,5521
0,0,0,0,99304030,week2,5521
0,0,37,53,99304030,week3,5522
0,0,0,0,99304030,week4,5521
0,0,0,131,99304030,week5,5526
0,0,0,47,99304030,week6,5522
0,0,0,0,99304030,week7,5521
0,0,0,0,99304030,week8,5521
7,17,51,400,99304030,week9,5560
0,1422,0,220,99304030,week10,5550
0,32,0,113,99304030,week11,5526
0,74,6,15160,99304030,week12,3100
0,0,0,16,99304030,week13,5521
0,7,0,36,99304030,week14,5522
0,20,0,41,99304030,week15,5522
0,0,0,0,99304030,week16,5521
0,10,0,35,99304030,week17,5522
951,7,0,79,99304030,week18,5600
0,0,0,0,101208074,week1,5521
0,0,0,0,101208074,week2,5521
0,0,0,0,101208074,week3,5521
0,0,0,0,101208074,week4,5521
0,0,151,0,101208074,week5,5523
472,0,1814,0,101208074,week6,5300
0,0,0,0,101208074,week7,5521
0,0,0,28,101208074,week8,5521
0,0,0,0,101208074,week9,5521
0,0,0,0,101208074,week10,5521
0,0,0,64,101208074,week11,5522
7930,0,3935,58,101208074,week12,2400
0,0,0,13,101208074,week13,5521
0,0,0,37,101208074,week14,5522
0,0,0,31,101208074,week15,5522
0,0,0,0,101208074,week16,5521
0,0,0,46,101208074,week17,5522
153,19,22,1751,101208074,week18,5400
0,0,0,0,102207430,week1,5521
0,0,0,0,102207430,week2,5521
0,0,0,0,102207430,week3,5521
0,0,0,0,102207430,week4,5521
0,0,0,0,102207430,week5,5521
4742,0,101,91,102207430,week6,5100
9080,32,22,30,102207430,week7,2400
2356,0,1568,34,102207430,week8,5600
0,0,0,0,102207430,week9,5521
0,0,10,0,102207430,week10,5521
0,0,0,0,102207430,week11,5521
0,0,0,0,102207430,week12,5521
11355,20,33,179,102207430,week13,2400
0,0,0,0,102207430,week14,5521
0,0,0,0,102207430,week15,5521
913,45,0,290,102207430,week16,5600
66,0,0,6,102207430,week17,5525
0,0,0,0,102207430,week18,5521
0,0,0,0,102208008,week1,5521
0,0,0,0,102208008,week2,5521
0,0,0,0,102208008,week3,5521
0,0,1317,0,102208008,week4,5300
0,0,1656,0,102208008,week5,5300
11,0,0,0,102208008,week6,5521
0,0,85,0,102208008,week7,5523
0,0,100,0,102208008,week8,5523
0,0,0,0,102208008,week9,5521
0,0,0,0,102208008,week10,5521
0,0,79,0,102208008,week11,5523
14,0,118,0,102208008,week12,5523
0,0,0,0,102208008,week13,5521
0,0,0,0,102208008,week14,5521
0,0,0,0,102208008,week15,5521
0,0,0,0,102208008,week16,5521
0,0,525,5,102208008,week17,5539
0,0,527,0,102208008,week18,5539
0,0,0,0,102208033,week1,5521
0,0,26,0,102208033,week2,5521
0,0,0,0,102208033,week3,5521
0,0,0,0,102208033,week4,5521
0,0,0,0,102208033,week5,5521
13,5,51068,33,102208033,week6,1300
0,0,0,0,102208033,week7,5521
0,0,0,6,102208033,week8,5521
0,0,0,0,102208033,week9,5521
0,0,0,7,102208033,week10,5521
0,0,0,0,102208033,week11,5521
1117,0,5204,668,102208033,week12,4100
0,0,0,0,102208033,week13,5521
0,0,0,0,102208033,week14,5521
0,0,0,0,102208033,week15,5521
0,0,0,0,102208033,week16,5521
0,0,0,0,102208033,week17,5521
0,0,0,0,102208033,week18,5521
0,0,0,0,102208049,week1,5521
0,0,0,0,102208049,week2,5521
0,0,0,0,102208049,week3,5521
0,0,0,0,102208049,week4,5521
0,0,0,0,102208049,week5,5521
0,0,14908,0,102208049,week6,1200
0,0,2271,0,102208049,week7,5300
0,0,4384,6,102208049,week8,4100
135,0,211,0,102208049,week9,5523
0,0,0,0,102208049,week10,5521
0,0,0,0,102208049,week11,5521
2312,8,5437,29,102208049,week12,4200
0,0,0,0,102208049,week13,5521
0,0,0,0,102208049,week14,5521
0,0,0,0,102208049,week15,5521
0,0,0,0,102208049,week16,5521
0,0,0,0,102208049,week17,5521
283,10,0,0,102208049,week18,5510
0,0,0,0,102208058,week1,5521
0,0,0,0,102208058,week2,5521
0,0,0,0,102208058,week3,5521
0,0,0,0,102208058,week4,5521
0,0,0,0,102208058,week5,5521
12,0,796,0,102208058,week6,5539
0,0,0,0,102208058,week7,5521
0,0,0,0,102208058,week8,5521
0,0,0,0,102208058,week9,5521
5,0,0,0,102208058,week10,5521
0,0,0,0,102208058,week11,5521
3841,0,705,8,102208058,week12,5100
0,0,0,0,102208058,week13,5521
0,0,0,0,102208058,week14,5521
0,0,0,0,102208058,week15,5521
0,0,0,0,102208058,week16,5521
0,0,0,0,102208058,week17,5521
19610,6,0,486,102208058,week18,2200
0,0,0,0,102208081,week1,5521
0,0,24,17,102208081,week2,5521
0,9,0,21,102208081,week3,5521
0,0,0,22,102208081,week4,5521
0,0,0,14,102208081,week5,5521
0,0,0,0,102208081,week6,5521
0,0,0,0,102208081,week7,5521
0,0,0,105,102208081,week8,5526
0,5,0,16,102208081,week9,5521
0,0,0,201,102208081,week10,5526
0,0,0,0,102208081,week11,5521
0,0,0,9,102208081,week12,5521
0,0,0,0,102208081,week13,5521
0,0,0,0,102208081,week14,5521
0,0,0,14,102208081,week15,5521
0,0,0,61,102208081,week16,5522
0,0,0,14,102208081,week17,5521
0,264,0,0,102208081,week18,5529
0,0,0,0,102208088,week1,5521
0,0,0,0,102208088,week2,5521
0,0,0,0,102208088,week3,5521
0,0,0,0,102208088,week4,5521
0,0,0,0,102208088,week5,5521
30,2352,117,27,102208088,week6,6300
0,0,0,0,102208088,week7,5521
196,0,0,114,102208088,week8,5525
0,0,34,0,102208088,week9,5521
0,0,12,0,102208088,week10,5521
0,0,0,0,102208088,week11,5521
2746,599,0,67,102208088,week12,5600
0,0,0,0,102208088,week13,5521
0,0,0,0,102208088,week14,5521
0,0,0,0,102208088,week15,5521
0,0,0,0,102208088,week16,5521
0,0,0,0,102208088,week17,5521
29329,3170,301,6,102208088,week18,2200
0,0,0,0,101208069,week1,5521
0,0,0,0,101208069,week2,5521
0,0,1602,310,101208069,week3,5300
0,0,3958,0,101208069,week4,4100
0,0,593,12,101208069,week5,5539
76,0,1264,0,101208069,week6,5300
0,0,0,0,101208069,week7,5521
2806,0,9917,116,101208069,week8,4600
0,0,0,208,101208069,week9,5560
0,0,0,33,101208069,week10,5522
12,0,0,55,101208069,week11,5522
4893,101,45,7,101208069,week12,5100
240,0,0,0,101208069,week13,5510
5,0,0,0,101208069,week14,5521
0,0,0,0,101208069,week15,5521
37,46,0,33,101208069,week16,5524
0,0,0,4485,101208069,week17,5240
0,321,792,0,101208069,week18,5539
0,0,0,0,101208085,week1,5521
0,0,0,0,101208085,week2,5521
0,0,0,0,101208085,week3,5521
0,0,0,0,101208085,week4,5521
0,0,0,0,101208085,week5,5521
0,0,0,0,101208085,week6,5521
0,0,0,0,101208085,week7,5521
0,0,0,0,101208085,week8,5521
0,0,0,0,101208085,week9,5521
0,0,0,0,101208085,week10,5521
0,0,0,0,101208085,week11,5521
0,0,466,22,101208085,week12,5539
0,0,0,0,101208085,week13,5521
0,0,0,0,101208085,week14,5521
0,0,0,0,101208085,week15,5521
0,0,0,0,101208085,week16,5521
0,0,0,0,101208085,week17,5521
0,0,0,0,101208085,week18,5521
0,0,0,0,102104031,week1,5521
0,11,0,23,102104031,week2,5521
10,8,0,171,102104031,week3,5526
9,0,0,61,102104031,week4,5522
0,0,6185,32,102104031,week5,4100
0,0,138,0,102104031,week6,5523
0,10,0,6,102104031,week7,5521
7,28,0,68,102104031,week8,5522
8,33,5259,320,102104031,week9,4100
9,164,0,35,102104031,week10,5529
20,17,0,116,102104031,week11,5526
6742,16,5,7,102104031,week12,5100
5,0,0,10,102104031,week13,5521
0,0,0,51,102104031,week14,5522
1210,7,0,52,102104031,week15,5600
0,0,0,0,102104031,week16,5521
0,0,0,0,102104031,week17,5521
25,263,0,3577,102104031,week18,5220
0,0,0,0,102205037,week1,5521
0,0,0,0,102205037,week2,5521
0,0,0,0,102205037,week3,5521
0,0,0,0,102205037,week4,5521
0,0,0,0,102205037,week5,5521
0,13,0,0,102205037,week6,5521
0,0,0,0,102205037,week7,5521
0,0,0,0,102205037,week8,5521
0,0,0,0,102205037,week9,5521
0,98,0,46,102205037,week10,5524
0,19,3176,0,102205037,week11,5300
9775,20,5658,20,102205037,week12,2400
0,0,0,0,102205037,week13,5521
0,0,0,0,102205037,week14,5521
0,0,0,0,102205037,week15,5521
20,0,0,0,102205037,week16,5521
11,65,0,19,102205037,week17,5524
3093,796,0,174,102205037,week18,5600
0,0,0,0,102208075,week1,5521
0,0,0,0,102208075,week2,5521
0,0,0,0,102208075,week3,5521
0,602,0,35,102208075,week4,5529
0,0,0,30,102208075,week5,5522
0,0,9344,7,102208075,week6,4300
0,0,0,41,102208075,week7,5522
0,0,0,15,102208075,week8,5521
0,0,0,15,102208075,week9,5521
0,0,0,0,102208075,week10,5521
0,0,0,0,102208075,week11,5521
7538,0,3500,285,102208075,week12,2400
0,0,0,0,102208075,week13,5521
0,0,0,0,102208075,week14,5521
0,0,0,12,102208075,week15,5521
0,0,0,5,102208075,week16,5521
0,0,0,0,102208075,week17,5521
8663,0,0,0,102208075,week18,2400
0,0,0,0,101208030,week1,5521
0,207,0,62,101208030,week2,5529
0,37,0,21,101208030,week3,5521
0,0,0,0,101208030,week4,5521
0,12,0,7,101208030,week5,5521
0,0,0,0,101208030,week6,5521
0,26,0,39,101208030,week7,5522
0,0,0,0,101208030,week8,5521
0,0,0,0,101208030,week9,5521
0,101,0,5,101208030,week10,5524
0,0,0,0,101208030,week11,5521
0,0,0,0,101208030,week12,5521
0,13,0,38,101208030,week13,5522
0,59,0,62,101208030,week14,5524
0,26,0,14,101208030,week15,5521
0,12,0,20,101208030,week16,5521
0,0,0,5,101208030,week17,5521
0,0,0,0,101208030,week18,5521
0,0,0,0,101208066,week1,5521
0,0,0,0,101208066,week2,5521
0,0,0,0,101208066,week3,5521
0,0,0,275,101208066,week4,5560
0,0,0,371,101208066,week5,5560
0,0,0,0,101208066,week6,5521
0,0,0,0,101208066,week7,5521
0,0,0,0,101208066,week8,5521
0,0,0,171,101208066,week9,5526
0,0,0,19,101208066,week10,5521
0,0,0,181,101208066,week11,5526
0,0,0,0,101208066,week12,5521
0,0,0,66,101208066,week13,5522
0,0,0,66,101208066,week14,5522
0,0,0,22,101208066,week15,5521
0,0,0,65,101208066,week16,5522
0,0,0,5828,101208066,week17,3220
0,0,0,14,101208066,week18,5521
0,0,0,0,102205089,week1,5521
0,0,0,0,102205089,week2,5521
0,0,0,0,102205089,week3,5521
0,0,0,0,102205089,week4,5521
0,0,0,0,102205089,week5,5521
0,0,0,0,102205089,week6,5521
0,0,0,0,102205089,week7,5521
0,0,0,0,102205089,week8,5521
0,0,0,0,102205089,week9,5521
0,0,0,0,102205089,week10,5521
0,0,0,0,102205089,week11,5521
21,108,0,96,102205089,week12,5524
0,25,0,0,102205089,week13,5521
0,10,0,21,102205089,week14,5521
0,0,0,9,102205089,week15,5521
0,0,0,0,102205089,week16,5521
0,0,0,0,102205089,week17,5521
0,0,0,437,102205089,week18,5560
0,0,0,0,101208087,week1,5521
0,0,0,0,101208087,week2,5521
0,0,0,0,101208087,week3,5521
0,0,0,0,101208087,week4,5521
0,0,0,0,101208087,week5,5521
0,0,0,0,101208087,week6,5521
0,0,0,0,101208087,week7,5521
0,0,0,0,101208087,week8,5521
0,0,0,0,101208087,week9,5521
0,0,0,0,101208087,week10,5521
0,0,0,0,101208087,week11,5521
12675,0,41,0,101208087,week12,2330
0,0,0,0,101208087,week13,5521
0,0,0,0,101208087,week14,5521
0,0,0,0,101208087,week15,5521
0,0,0,0,101208087,week16,5521
0,0,0,0,101208087,week17,5521
0,0,0,0,101208087,week18,5521
