id,TA_video_week1,TA_text_week1,Teacher_video_week1,Teacher_text_week1,TA_video_week2,TA_text_week2,Teacher_video_week2,Teacher_text_week2,TA_video_week3,TA_text_week3,Teacher_video_week3,Teacher_text_week3,TA_video_week4,TA_text_week4,Teacher_video_week4,Teacher_text_week4,TA_video_week5,TA_text_week5,Teacher_video_week5,Teacher_text_week5,TA_video_week6,TA_text_week6,Teacher_video_week6,Teacher_text_week6,TA_video_week7,TA_text_week7,Teacher_video_week7,Teacher_text_week7,TA_video_week8,TA_text_week8,Teacher_video_week8,Teacher_text_week8,TA_video_week9,TA_text_week9,Teacher_video_week9,Teacher_text_week9,TA_video_week10,TA_text_week10,Teacher_video_week10,Teacher_text_week10,TA_video_week11,TA_text_week11,Teacher_video_week11,Teacher_text_week11,TA_video_week12,TA_text_week12,Teacher_video_week12,Teacher_text_week12,TA_video_week13,TA_text_week13,Teacher_video_week13,Teacher_text_week13,TA_video_week14,TA_text_week14,Teacher_video_week14,Teacher_text_week14,TA_video_week15,TA_text_week15,Teacher_video_week15,Teacher_text_week15,TA_video_week16,TA_text_week16,Teacher_video_week16,Teacher_text_week16,TA_video_week17,TA_text_week17,Teacher_video_week17,Teacher_text_week17,TA_video_week18,TA_text_week18,Teacher_video_week18,Teacher_text_week18,TA_video_week19,TA_text_week19,Teacher_video_week19,Teacher_text_week19,TA_video_week20,TA_text_week20,Teacher_video_week20,Teacher_text_week20,TA_video_week21,TA_text_week21,Teacher_video_week21,Teacher_text_week21,TA_video_week22,TA_text_week22,Teacher_video_week22,Teacher_text_week22,TA_video_week23,TA_text_week23,Teacher_video_week23,Teacher_text_week23,TA_video_week24,TA_text_week24,Teacher_video_week24,Teacher_text_week24,TA_video_week25,TA_text_week25,Teacher_video_week25,Teacher_text_week25,TA_video_week26,TA_text_week26,Teacher_video_week26,Teacher_text_week26,TA_video_week27,TA_text_week27,Teacher_video_week27,Teacher_text_week27,TA_video_week28,TA_text_week28,Teacher_video_week28,Teacher_text_week28,TA_video_week29,TA_text_week29,Teacher_video_week29,Teacher_text_week29,TA_video_week30,TA_text_week30,Teacher_video_week30,Teacher_text_week30,TA_video_week31,TA_text_week31,Teacher_video_week31,Teacher_text_week31,TA_video_week32,TA_text_week32,Teacher_video_week32,Teacher_text_week32,TA_video_week33,TA_text_week33,Teacher_video_week33,Teacher_text_week33,TA_video_week34,TA_text_week34,Teacher_video_week34,Teacher_text_week34,TA_video_week35,TA_text_week35,Teacher_video_week35,Teacher_text_week35,TA_video_week36,TA_text_week36,Teacher_video_week36,Teacher_text_week36
100101021,0,0,0,0,0,0,9,94,28,60,5,44,0,8,0,104,0,88,0,20,34,0,8,257,0,49,0,47,0,0,0,46,0,53,0,39,0,34,0,49,0,41,0,43,0,0,904,0,0,38,6,47,0,254,0,35,0,89,0,39,0,0,0,307,0,0,2308,65,0,0,0,0,0,0,0,0,0,88,0,131,0,0,0,0,0,81,0,64,0,0,0,80,0,0,0,0,0,0,0,68,39,39,0,38,0,0,0,0,3118,0,0,39,35,0,0,0,0,0,0,0,0,0,0,0,0,0,0,54,0,0,0,0,0,0,0,0,0,0,0,0,0,0,52,0
100104041,0,0,0,0,0,0,0,88,0,23,0,16,0,0,0,13,0,13,0,53,0,0,0,0,0,0,0,375,0,12,0,30,0,49,3265,1394,0,16,0,1960,0,662,68,637,0,8,7,5,0,203,0,10,0,7,0,119,0,98,0,80,0,111,0,32,0,0,0,12,0,32,0,7089,0,0,0,0,0,435,0,0,0,0,0,0,0,0,0,41,0,0,0,0,0,0,0,0,0,0,0,993,0,0,0,0,0,0,0,0,0,0,0,118,0,940,0,0,0,0,0,0,0,0,0,0,0,0,0,38,0,0,0,0,0,0,0,79,0,0,9341,0,0,0,0,0
100202044,0,0,0,0,0,0,0,0,0,0,0,112,0,0,0,1231,0,0,0,61,0,0,0,0,0,0,0,39,0,0,0,24,0,0,0,122,0,0,0,10,0,1832,0,9,0,6,62,3871,0,0,0,7,0,0,0,43,0,0,0,123,0,0,0,37,0,0,0,0,0,0,0,14667,0,0,0,0,0,0,0,0,0,0,0,0,0,0,2166,0,0,0,0,0,0,0,0,2795,0,0,0,0,0,0,0,0,0,0,0,0,0,0,6526,0,0,0,42,0,0,0,0,0,0,0,0,0,0,0,0,323,0,0,0,139,0,0,0,0,0,0,0,0,0,0,0,7428
100206009,0,0,0,0,0,0,0,0,0,0,1055,20,0,0,0,0,0,0,806,16,3462,0,1818,0,0,0,0,0,0,946,0,89,0,0,0,0,0,6,0,9,0,0,0,0,1738,0,225,102,0,8,0,286,0,0,0,73,737,0,0,17,0,0,0,94,0,0,0,91,11,245,0,133,0,0,0,67,0,0,0,0,0,0,0,0,0,0,0,0,0,0,13296,0,2179,60,19456,0,0,0,0,0,579,0,17014,0,0,0,21601,0,0,0,1906,0,0,0,493,0,0,0,0,0,0,0,0,0,0,0,0,0,0,0,0,0,0,0,0,0,0,0,0,38,0,0,26826,0
100401044,0,0,0,0,0,0,0,0,0,127,6,101,0,0,0,0,0,0,0,23,3553,43,3293,146,0,140,0,14,5,8,576,44,0,0,0,0,0,0,0,0,0,0,0,0,13304,63,0,4720,0,0,0,7,0,9,0,0,0,0,0,0,0,0,0,0,0,946,0,4180,4991,40,0,0,0,0,0,0,5662,0,735,0,0,0,0,0,0,0,195,129,237,0,1668,18992,0,0,0,0,0,0,0,0,0,0,0,0,0,0,0,0,3328,0,0,40,0,0,1248,0,0,0,0,0,0,0,0,0,0,0,0,0,0,0,0,0,0,0,0,0,11509,0,970,941,874,0,1837,0
100401072,0,0,0,0,0,0,0,0,0,16,0,79,0,52,21,37,0,27,0,286,0,0,4607,0,0,5,0,105,0,0,0,0,0,26,945,86,0,25,0,208,0,288,6873,79,10261,991,3924,289,0,0,0,0,0,27,0,156,6327,76,0,95,0,0,0,68,0,5,0,10271,3629,543,6,420,0,0,0,0,126,43,6634,0,0,0,0,0,0,89,0,0,422,0,0,343,0,0,0,0,0,0,25302,3892,0,0,0,0,0,0,0,0,0,3558,13674,170,525,91,1119,132,0,0,0,0,0,0,0,0,0,0,0,0,0,0,0,0,0,0,0,0,0,0,0,50,646,505,9214,706
100508018,0,0,0,0,0,19,15,60,12,815,0,40,22,344,48,242,0,0,0,2688,0,0,0,40,0,0,0,40,0,0,0,10,42,8,5,37,0,0,0,106,220,69,0,31,23,109,6,43,0,0,0,10,0,0,0,9,0,0,0,0,0,0,0,1615,0,0,0,8314,6,0,0,10,0,0,0,262,81,51,3214,33,0,0,7583,173,0,0,0,0,0,0,57,36,0,0,4274,0,0,0,0,44,0,0,0,0,0,0,0,0,0,0,0,0,0,0,948,0,0,0,0,0,0,0,0,0,0,0,0,117,0,0,0,0,0,0,0,308,0,0,33329,0,0,0,0,0
101101050,0,0,0,0,0,14,67,73,0,0,0,130,0,0,0,9,0,0,0,27,0,0,0,0,0,0,0,160,0,0,0,8,0,0,0,142,0,0,0,14,0,0,0,83,0,0,0,0,0,0,0,24,0,0,0,17,0,0,0,43,0,0,0,0,0,0,0,15,0,0,0,0,0,0,0,0,0,0,0,0,0,0,1297,0,0,0,0,1158,0,0,0,0,0,0,0,0,0,0,0,149,0,82,0,0,0,0,0,0,0,0,0,351,0,0,0,0,0,0,0,341,0,0,0,0,0,0,0,439,0,0,0,81,0,0,0,0,0,0,0,0,0,0,0,0
101102025,0,0,0,0,0,9,0,17,0,19,0,74,0,0,0,328,0,0,0,1547,0,0,10,2828,0,0,0,38,0,5,0,1684,0,5,0,39,0,38,0,36,0,0,0,21,0,0,0,436,0,0,0,0,0,0,0,89,0,84,0,11,0,6,0,45,0,63,0,9,0,1200,0,0,0,0,0,0,0,0,0,51,0,0,0,0,0,0,4034,81,0,0,5484,206,0,0,0,0,0,0,0,0,0,0,0,31,0,0,496,192,0,0,48,118,63,0,0,43,0,0,0,53,0,0,0,0,0,0,3653,96,0,0,0,40,0,0,0,77,0,0,1668,0,0,0,0,0
101102026,0,0,0,0,0,0,0,0,0,0,0,74,0,0,0,29,0,0,0,54,0,7,86,699,0,0,0,0,0,0,0,0,0,0,0,0,0,0,0,0,0,0,0,0,0,20,2676,582,0,0,0,0,0,0,0,0,0,0,0,0,0,0,0,0,0,0,0,0,0,0,0,222,0,0,0,0,0,0,0,0,0,0,0,0,0,0,0,681,0,0,4164,167,0,0,0,0,0,0,0,0,0,0,0,417,0,0,0,0,0,0,0,0,828,0,1265,0,0,0,0,0,0,0,0,0,0,0,0,0,0,0,0,0,0,0,0,0,0,0,88,4424,0,0,0,0
101103034,0,0,0,0,0,21,10,30,0,0,0,0,0,20,0,23,0,0,0,20,0,0,0,67,0,0,0,0,0,93,0,0,2948,54,39,97,0,0,0,0,0,0,0,67,532,3074,235,29,0,0,0,0,0,81,0,0,0,0,0,0,0,12,0,0,0,0,0,94,30,447,50,2520,0,0,0,0,0,0,0,0,0,0,0,0,0,0,0,0,0,0,7330,116,0,0,0,0,0,0,0,48,0,0,0,0,0,0,0,0,0,0,0,0,0,0,0,0,0,0,0,60,0,0,0,0,0,0,0,43,0,0,0,0,0,0,0,0,0,0,0,0,0,0,0,0
101203054,0,0,0,0,0,25,7,38,0,0,0,0,7811,16,154,9,5,0,0,17,0,5,6,100,0,0,0,5,0,0,0,10,0,1080,0,0,0,5,0,0,0,10,0,114,21234,17,0,43,0,0,0,0,0,0,0,0,0,5,0,16,0,0,0,0,0,0,0,0,0,0,0,0,0,0,0,0,0,0,0,0,0,0,0,0,0,0,7083,0,0,0,0,0,0,0,0,154,0,0,0,0,0,0,0,212,0,0,0,172,2918,0,0,0,0,0,0,0,0,0,0,696,0,0,0,0,0,0,0,0,0,0,0,79,0,0,114,0,0,126,71,35,0,0,836,0
101204026,0,0,0,0,0,10,17,292,0,7,0,110,0,5,0,4263,0,0,0,285,0,0,0,20,0,6,0,15,0,9,0,8,0,122,0,107,0,5,0,6,199,7,21601,146,727,0,0,6,0,95,0,1845,0,160,0,7,0,0,0,16,0,0,0,10,0,0,0,0,21601,0,0,7,0,0,0,0,21601,0,2951,0,0,0,0,0,0,0,56,33,0,0,0,0,0,0,0,0,161,161,938,39,0,0,0,0,0,0,0,858,232,0,1115,0,0,0,0,0,0,0,0,275,0,0,0,0,0,0,0,0,0,0,0,0,0,0,0,0,0,0,0,0,0,0,0,0
101205029,0,0,0,0,0,35,27,203,1546,0,0,219,0,0,0,11,0,0,0,104,8,26,0,3262,36,6,0,35,5,0,0,6,776,0,0,32,61,7,0,206,6498,23,0,13,2506,0,0,2899,15,0,0,5,5908,0,0,60,2512,0,0,0,0,0,0,50,19,0,0,33,0,0,0,8,0,0,0,36,3837,0,0,68,2498,0,0,32,3881,0,0,0,7114,0,967,728,558,2750,1533,1681,0,0,0,0,0,0,0,0,0,0,0,1698,2862,0,0,78,0,0,1562,1247,0,39,0,0,0,0,0,0,3795,795,0,33,0,0,0,0,1433,0,0,66,0,0,0,0,0,0,690,1628
101205043,0,0,23,39,0,21,9,35,0,0,0,0,0,9,0,38,0,0,0,12,0,0,7940,0,0,0,0,0,0,0,13,0,0,171,0,861,0,6,0,10,0,0,0,0,13,34,252,0,0,67,15,73,0,0,0,31,0,0,0,0,0,0,0,0,0,0,0,0,0,0,10749,429,0,0,0,0,0,0,0,0,0,0,0,0,0,0,0,0,0,0,0,0,0,0,0,0,0,0,0,0,0,0,0,0,0,0,0,0,0,0,0,0,0,0,0,0,0,0,0,0,0,0,0,0,0,0,0,0,0,0,0,0,0,0,0,0,0,0,0,0,0,0,0,14235
101205093,0,0,0,9,0,19,0,59,0,30,13,7,0,24,0,1667,0,0,0,251,7,8,35,391,0,0,0,0,0,0,0,0,0,0,0,0,0,0,0,41,0,77,5626,36,5122,17184,684,15518,0,0,0,1000,0,0,0,178,874,0,0,19,0,0,0,0,0,0,0,0,1942,6,23717,19,1851,0,0,402,0,0,0,0,136,0,0,0,1547,0,0,0,0,0,0,0,18759,543,275,35,0,0,0,0,0,0,0,0,0,0,0,0,291,0,8153,0,0,0,73,0,0,0,0,0,0,0,0,0,13267,0,0,0,0,0,0,0,0,0,0,0,0,0,0,0,0,0,22877,140
101208002,0,0,0,0,0,589,20,769,0,1905,0,9,0,0,0,0,0,0,0,5851,0,0,97,19,0,0,0,0,0,0,7,0,0,0,0,0,0,0,0,0,0,0,0,0,1449,5,1579,221,0,0,0,9,0,0,0,0,0,0,0,0,0,0,0,1019,30,0,0,26,0,0,0,18,0,0,0,0,0,0,0,0,0,0,0,0,0,0,0,0,0,0,26282,0,0,0,2050,0,0,0,0,0,0,0,0,0,0,0,0,0,0,0,54,0,1416,179,5445,0,0,0,0,0,0,0,0,0,0,0,0,0,0,0,0,0,0,0,0,0,0,0,252,0,0,0,0,0
101208003,0,0,0,0,0,0,0,0,0,0,0,0,0,0,0,0,0,0,0,0,1153,0,46,7,0,0,0,0,0,0,0,0,0,0,0,0,0,0,0,0,0,0,0,0,2566,0,24,21,0,0,0,0,0,0,0,0,0,0,0,0,0,0,0,0,0,0,0,0,0,0,0,0,0,0,0,0,0,0,0,0,0,0,0,0,0,0,0,0,0,0,0,0,23948,0,0,0,0,0,0,0,0,0,0,0,0,0,0,0,0,0,0,0,806,97,1470,38,0,0,0,0,0,0,0,0,0,0,0,0,0,0,0,0,0,0,0,0,0,0,0,0,13588,0,10591,0
101208004,0,0,0,0,0,13,0,43,0,16,0,31,0,54,0,107,0,0,0,60,0,0,0,194,0,0,0,0,0,0,0,5,0,0,0,0,0,0,0,0,0,0,0,9,0,0,3424,39,0,0,0,36,0,0,0,71,0,0,0,26,0,0,0,0,0,0,0,0,0,0,0,0,0,0,0,0,0,0,0,0,0,0,0,0,0,0,0,0,0,0,0,47,0,0,0,0,0,0,0,80,0,0,0,0,0,0,0,0,0,0,0,0,49,0,9406,0,0,0,0,3944,0,0,0,0,0,0,0,0,0,0,0,0,0,0,0,0,0,0,0,0,0,0,0,0
101208005,0,0,0,0,0,0,0,0,0,0,0,0,0,0,0,0,0,1844,0,1732,0,0,0,5,0,0,0,0,0,0,0,41,0,0,0,0,0,0,0,0,0,0,0,0,1263,449,0,525,0,0,0,0,0,0,0,0,0,0,0,0,0,0,1162,0,0,0,0,0,0,98,0,0,0,0,0,0,0,0,0,0,0,0,0,0,0,0,0,0,0,0,7924,0,0,0,206,0,0,0,0,0,0,0,0,0,0,0,0,0,0,0,0,0,0,0,2765,0,0,0,0,0,0,0,0,0,0,0,0,0,0,0,0,0,0,0,0,0,0,0,0,0,0,0,0,0
101208008,0,0,0,0,0,0,0,0,0,0,0,0,0,0,0,0,0,7,0,416,0,0,0,96,0,0,0,0,0,0,0,0,0,0,0,0,0,0,0,0,0,0,0,0,0,0,0,0,0,0,0,0,0,0,0,0,0,0,0,0,0,0,0,0,0,0,0,0,489,0,0,0,0,0,0,0,0,0,0,0,0,0,0,0,0,0,0,0,0,0,0,0,0,0,0,0,0,0,0,0,0,0,0,0,0,0,0,0,0,0,399,0,0,0,482,70,0,0,0,0,0,0,0,0,0,0,0,0,0,0,0,0,0,0,0,0,0,0,1377,0,0,0,2897,0
101208015,0,0,0,0,0,0,0,0,0,0,0,0,0,0,0,0,0,944,0,305,0,0,1596,757,0,0,0,0,0,0,0,0,0,0,0,0,0,0,0,0,0,0,0,0,0,0,20903,181,0,0,0,0,0,0,0,0,0,0,0,0,0,0,0,0,0,0,0,36,2144,99,0,312,0,0,0,0,0,0,0,0,0,0,0,0,0,0,0,0,0,0,0,0,0,0,23580,0,0,0,0,0,0,0,0,0,0,0,0,0,0,0,0,0,0,0,15036,39,0,0,0,0,0,0,0,0,0,0,0,0,0,0,0,0,0,0,0,0,0,0,19260,0,0,0,12321,0
101208017,0,0,0,0,0,0,0,0,0,8,31,989,0,84,0,552,0,0,12878,252,0,0,0,967,0,0,0,47,0,0,0,0,0,0,0,0,0,0,0,7,0,0,0,0,11063,94,0,0,0,0,0,0,0,60,0,0,0,5,0,0,0,0,0,0,0,0,0,0,1533,142,0,477,0,0,0,0,0,0,7595,0,0,0,0,0,0,0,0,0,2540,0,63,0,0,132,0,0,0,0,0,0,0,0,0,80,0,0,0,0,156,198,3325,39,0,0,8188,0,0,0,0,0,0,0,0,0,31,1842,0,39,0,0,0,0,0,0,0,0,0,0,0,0,0,0,3326,0
101208025,0,0,0,0,0,0,0,0,0,419,0,904,0,765,0,1152,0,0,0,0,0,24,14185,766,0,0,0,55,0,0,0,5,0,0,0,0,0,0,0,0,0,0,0,6624,0,3477,0,7718,0,0,0,0,0,0,0,0,0,0,0,0,0,0,0,0,0,0,0,6,0,0,0,2500,0,0,0,0,0,0,0,0,0,0,21601,0,0,0,0,0,0,0,0,0,0,0,13878,5850,0,0,0,0,0,0,0,0,0,0,0,0,0,0,0,0,0,0,12427,5305,0,0,0,0,0,0,0,0,0,0,0,0,0,0,0,0,0,0,0,0,0,0,0,40,0,0,33186,36
101208031,0,0,0,0,0,0,0,0,0,18,0,52,6,138,0,207,0,0,205,44,0,48,1487,493,0,0,0,0,0,0,9,153,4398,615,0,2347,0,10,0,19,0,0,0,103,0,0,21,40,0,0,0,12,0,0,0,33,63,0,0,12,0,0,0,0,5,0,0,0,0,0,0,0,0,0,0,0,0,0,0,0,0,0,0,0,0,0,0,0,0,91,2349,73,0,0,852,0,0,0,0,0,0,0,0,0,0,0,0,103,0,0,104,0,0,0,0,0,0,0,0,0,0,0,0,0,0,0,0,79,0,0,0,0,0,0,0,0,0,0,34162,0,24498,0,129,0
101208034,0,0,11,6,0,9,15,78,18,40,0,74,0,0,0,24,0,0,144,45,0,0,0,0,0,0,0,34,0,6,0,24,0,9,0,19,0,8,0,7,0,20,0,23,0,5,0,0,13,18,0,6,0,20,0,9,0,18,0,59,0,5,0,9,0,6,0,24,0,0,0,36,0,0,0,0,0,0,0,0,0,0,0,0,0,0,0,0,0,0,0,0,0,0,0,0,0,0,0,0,0,0,0,33,0,0,0,0,0,0,1447,0,0,0,0,0,0,0,0,0,0,36,8359,0,0,0,0,173,0,0,0,160,0,0,0,0,0,0,2291,0,0,0,0,0
101208050,0,0,0,0,0,0,19,26,0,833,115,551,0,22,6,34,0,0,0,0,0,30,25612,33,0,16,18,195,0,0,0,16,0,0,0,0,0,0,0,0,0,20,0,93,17601,38,8741,48,0,0,0,0,0,0,0,0,0,0,0,0,0,0,0,0,0,0,0,35,299,0,0,0,0,0,0,0,0,0,0,0,0,0,0,0,0,0,0,2515,0,0,0,0,0,1959,23883,0,0,0,0,0,0,0,0,0,0,0,0,0,0,0,8434,0,3731,0,1423,0,0,0,0,0,0,0,0,0,0,0,0,0,0,0,0,0,0,0,0,0,0,0,129,32,0,0,11044,37
101208052,0,0,0,0,0,107,0,67,0,140,10,31,0,32,0,17,0,0,310,91,2753,0,1877,4122,0,92,0,22,0,5,0,20,0,203,0,77,0,3434,0,0,0,123,0,25,0,0,37707,6,0,214,0,18,0,13,0,331,0,38,0,87,0,0,0,0,11,0,0,64,0,0,0,773,0,0,0,0,0,100,0,41,0,0,0,0,0,0,0,0,0,0,0,41,0,50,15807,2123,0,0,0,0,0,0,0,34,0,0,0,0,0,0,0,0,0,0,35282,0,0,0,0,112,0,0,0,594,0,0,0,37,0,0,122,0,0,0,0,0,0,0,83,100,0,0,28573,0
101208053,0,0,0,0,0,135,0,29,0,40,0,73,0,0,0,16,0,0,0,21,0,0,0,19,0,15,0,51,0,39,0,32,0,0,0,0,0,0,0,0,0,11,0,59,0,17,0,0,0,11,0,129,0,0,0,2638,0,0,0,16,0,0,0,7699,0,0,0,20,0,0,0,0,0,0,0,0,0,188,0,0,0,0,0,0,0,0,0,135,0,0,0,0,1026,0,2749,0,0,35,68,71,0,0,0,330,0,54,0,0,0,0,0,35,0,0,0,0,0,0,0,0,0,0,0,0,2113,0,7682,41,92,3980,171,12886,0,0,0,0,0,0,0,0,0,0,0,0
101208054,0,0,0,0,0,26,0,29,0,13,0,66,0,14,0,0,0,6,6162,237,0,0,2413,1891,0,0,0,51,0,0,0,5,0,0,0,79,0,0,0,80,0,0,0,0,0,0,11692,407,0,0,0,0,0,0,0,57,0,0,0,83,0,0,0,0,0,0,0,24,0,0,0,13,0,0,0,482,0,0,0,0,0,0,0,90,0,0,0,55,0,0,0,0,0,0,5009,0,0,0,0,0,0,0,0,155,0,0,0,0,0,0,0,0,95,0,9889,0,0,0,0,0,0,0,0,0,0,0,0,0,0,0,0,0,0,0,0,0,0,0,0,0,0,0,10167,0
101208055,0,0,0,0,0,0,0,0,0,0,16,17,0,0,8128,37,0,0,164,0,73,0,337,15,0,0,0,0,0,0,13936,180,0,0,0,118,0,0,0,0,0,0,0,0,1872,6,245,6,0,0,0,0,0,0,0,0,0,0,0,0,0,0,0,0,124,0,0,5,680,6,53,63,0,0,0,0,0,0,0,0,0,0,0,0,0,0,0,0,0,0,13135,0,120,0,171,169,0,0,192,0,0,0,0,61,0,0,49,0,33,0,21654,0,33,0,40,0,0,0,0,0,0,0,0,0,0,0,0,0,0,0,128,0,0,0,0,0,11805,0,4663,0,161,0,0,0
101208056,0,0,0,0,0,30,0,81,0,34,0,40,0,15,0,65,0,0,0,1862,0,0,0,20,0,0,0,0,0,0,0,0,0,0,0,0,0,0,0,0,0,0,0,866,6,0,18354,14,0,0,0,0,0,0,0,0,0,0,0,19,0,0,0,8,0,0,0,1460,0,0,0,0,0,0,0,0,0,0,0,0,0,0,0,0,0,0,0,0,0,0,36151,497,0,0,16798,0,0,0,0,0,0,0,0,0,0,0,0,0,0,0,42728,220,0,0,17196,0,0,0,0,0,0,0,0,0,0,0,0,0,0,0,0,0,0,0,0,0,0,0,34482,0,0,0,0,0
101208058,0,0,17,14,0,19,21601,37,0,20,2589,707,14732,0,0,143,0,0,382,487,0,0,15741,217,0,15,0,109,1571,80,1194,17,0,0,0,0,0,129,0,47,0,0,1768,774,10025,0,21955,0,0,21,0,21703,0,15,0,29,0,6,0,61,0,0,0,6,0,0,0,12,3916,9,0,0,0,0,0,0,0,0,9259,0,0,0,0,55,0,0,0,0,0,0,0,0,3336,0,15035,52,0,0,0,0,0,0,0,0,0,0,0,0,0,0,0,101,3169,0,41613,42,0,0,0,0,0,0,0,0,0,0,0,0,0,0,0,0,0,0,0,0,0,0,0,0,896,0,5937,0
101208060,0,0,0,0,0,0,0,0,0,15,0,392,0,19,0,17,0,0,0,0,0,0,0,0,0,0,0,0,0,0,0,0,0,0,0,0,0,0,0,0,0,0,0,0,980,9909,10,0,0,0,0,0,0,0,0,0,0,0,0,0,0,0,0,0,0,12,0,0,5194,0,0,0,0,0,0,0,0,0,0,0,0,0,0,0,0,0,0,0,126,0,5684,0,0,0,733,0,0,0,0,0,0,0,0,0,0,0,0,34,0,0,0,0,287,620,204,1072,0,0,0,0,0,0,0,0,0,0,0,43,0,0,0,53,0,0,0,169,313,0,3213,2704,0,0,73,858
101208062,0,0,0,0,0,19,0,162,0,0,0,62,0,143,0,53,0,0,0,62,0,0,0,6,0,9,0,42,0,0,0,243,0,446,0,67,0,40,0,50,0,0,0,56,0,0,0,23,0,12,0,40,0,0,0,0,0,10,0,29,0,0,0,0,700,0,127,18,947,0,0,0,0,0,0,0,0,0,0,0,0,797,0,1515,0,0,0,0,0,34,0,42,952,0,1723,0,0,0,0,0,0,0,0,0,0,0,0,0,92,15115,1257,90,0,0,0,0,0,0,0,0,0,0,0,0,0,0,0,211,0,0,0,0,0,0,0,0,0,0,0,356,0,0,0,2105
101208064,0,0,0,0,0,0,0,47,0,28,0,8,0,74,0,6,0,22,0,2763,0,0,244,22,0,0,0,108,0,24,0,16,0,0,0,30,0,0,0,27,652,6,10274,15,0,0,136,0,0,0,0,28,0,0,0,10,0,0,0,1117,0,0,0,0,0,0,0,141,0,0,0,0,0,0,0,0,0,0,0,0,0,0,0,0,0,0,0,171,0,0,21601,0,0,0,3889,0,0,0,0,0,0,0,0,0,0,0,0,34,0,0,0,0,0,0,10733,0,0,0,0,0,0,0,0,0,0,0,478,0,0,0,0,0,0,0,0,0,0,0,12251,0,0,0,6408,444
101208065,0,0,0,0,0,0,0,112,0,0,0,26,0,0,0,5,0,0,0,6,6,0,0,5,0,0,0,0,0,0,0,13,0,0,0,0,0,0,0,12,0,0,0,8,0,0,0,53,0,0,0,0,0,0,0,0,0,0,0,0,0,0,0,0,0,0,0,14,0,0,0,8,0,0,0,0,0,0,0,272,0,0,0,0,0,0,0,0,0,0,297,33,0,0,0,0,0,0,50,171,0,0,0,0,0,0,0,0,547,0,574,0,0,0,0,0,0,0,0,0,0,0,0,0,0,0,0,109,0,0,0,0,0,0,0,0,0,0,0,0,0,0,0,0
101208070,0,0,0,0,0,9,6,12,0,31,0,0,0,8,0,25,0,0,0,39,0,0,0,0,0,10,0,25,0,9,0,10,0,8,0,16,0,7,0,5,0,190,0,5,0,0,0,0,0,7,0,28,0,6,0,8,0,0,0,21,0,0,0,0,0,0,0,18,0,0,0,0,0,0,0,0,0,0,0,62,0,0,0,0,0,0,0,0,0,0,0,0,0,0,0,0,0,0,0,0,0,0,0,172,0,0,0,0,0,0,0,0,0,0,0,0,0,0,0,1711,0,0,0,0,0,0,0,326,0,0,0,100,0,0,0,0,0,0,0,0,0,0,431,0
101208078,0,0,0,0,0,0,0,33,0,58,0,37,0,0,0,21,0,0,0,44,0,0,934,284,0,0,5,19,0,0,0,0,0,0,0,34,0,0,0,0,0,0,0,768,0,0,1487,92,0,0,0,0,0,0,0,0,0,0,0,0,0,0,0,0,0,0,0,0,0,0,0,93,0,0,0,0,0,0,0,0,0,0,0,0,0,0,0,0,0,0,13342,0,0,0,31883,0,0,0,0,0,0,0,0,0,0,0,0,0,0,0,0,0,478,0,26564,47,0,0,0,0,0,0,0,0,0,0,0,0,0,0,0,0,0,0,0,0,0,0,0,116,0,0,19643,36
101208079,0,0,0,0,0,103,15,487,0,155,0,0,0,0,3478,4800,0,0,0,0,0,0,39,0,0,0,0,0,0,0,0,0,0,13,0,55,0,17,0,0,0,5,0,31,0,84,0,8,0,50,0,15,0,0,0,61,0,0,0,104,0,0,0,15,0,0,0,408,0,93,0,77,0,0,0,2366,0,0,0,1524,0,0,0,121,0,188,0,0,0,92,1313,1948,0,0,0,0,0,0,0,0,0,0,658,409,0,0,0,0,0,0,1391,448,0,0,642,0,0,0,0,0,0,0,1306,703,0,0,0,0,0,0,75,225,0,0,0,0,0,0,8091,92,0,367,0,0
101208080,0,0,0,0,0,0,0,17,0,23,0,24,0,13,0,22,0,0,0,207,0,0,0,0,0,0,0,0,0,10,0,8,0,0,0,7,0,0,0,627,19,7,0,39,279,53,0,50,0,0,0,0,0,7,0,0,0,16,0,44,0,0,0,216,0,0,0,31,3839,19,516,6,0,0,0,0,0,0,0,0,33,0,0,0,0,0,0,6843,0,0,0,36,0,1037,0,0,0,0,0,0,0,0,0,0,0,0,0,0,0,0,0,0,0,0,0,0,0,0,0,0,0,0,0,0,0,0,0,0,0,0,0,0,0,0,0,0,0,0,0,0,0,0,0,0
101208082,0,0,0,0,17,389,74,180,0,0,0,0,0,24,0,159,8,68,4468,31,0,0,10163,93,0,0,0,0,0,9,0,47,0,0,0,0,0,0,0,0,0,526,261,87,16972,0,0,0,0,0,0,0,0,364,0,343,0,126,0,6,0,0,0,0,0,0,0,0,2159,0,0,0,0,0,0,0,0,191,3037,250,0,47,994,137,0,0,831,0,1785,60,2619,55,0,0,4873,0,0,0,0,0,0,0,0,322,0,0,82,1692,0,0,11229,0,3212,0,1835,34,0,0,0,0,0,0,0,0,0,0,0,0,0,0,0,0,0,0,0,0,0,0,11234,51,1866,0,3513,0
101208084,0,0,49,14,0,11,14,18,0,10,4218,14,0,0,146,24,0,0,5,7,14,0,7045,0,0,0,0,0,0,0,0,0,0,0,5,0,0,0,0,51,0,0,0,0,0,0,0,0,5,0,0,0,0,0,0,0,0,0,0,0,0,0,0,0,0,0,0,5,0,0,0,0,0,0,0,0,0,0,0,0,0,0,0,0,0,0,0,0,0,0,199,0,0,0,5229,0,0,0,0,0,0,0,0,0,0,0,0,0,0,0,15965,0,0,0,326,0,0,0,0,0,0,0,0,0,0,0,6000,0,0,0,0,0,0,0,2043,0,0,0,15222,0,0,0,0,0
101208090,0,0,0,12,0,10,0,25,0,0,0,29,0,0,0,20,0,0,0,378,0,0,0,2715,0,0,0,28,0,22,0,2492,0,18,0,6312,0,29,0,246,0,0,0,52,43373,410,0,1399,0,0,0,59,0,0,0,25,0,0,0,0,0,0,0,0,0,1798,0,193,0,0,0,11,0,0,0,54,0,0,0,41,0,0,0,0,0,32,0,60,6654,0,0,6265,0,0,0,0,0,0,0,0,0,182,0,0,349,0,0,4364,1738,0,0,11549,0,0,0,0,0,0,0,0,0,0,0,0,0,0,0,0,0,0,0,0,0,0,0,0,0,0,2531,3622,0,0,0,0
101208091,0,0,0,0,0,34,0,59,0,136,0,1252,0,255,0,265,0,7,0,355,0,0,45,6368,0,0,0,10,0,0,0,0,0,0,20,1383,0,0,0,5,0,0,867,11,0,0,0,0,0,0,0,0,0,0,0,0,0,0,0,0,0,0,0,0,0,0,0,0,0,0,0,0,0,0,0,0,0,0,0,0,0,0,0,0,0,0,0,0,2402,0,0,0,0,0,0,0,0,0,0,0,0,0,0,0,0,0,0,0,799,0,7168,0,0,0,0,0,0,0,0,0,0,0,0,0,0,0,0,0,0,0,0,0,0,0,0,0,33,0,0,0,0,0,0,0
101208094,0,0,0,0,0,0,0,0,0,0,0,0,0,90,0,44,0,0,0,0,0,9,6158,17,0,28,13,5071,0,0,0,18,0,0,0,0,0,29,0,80,0,34,0,83,1754,196,1769,11,0,0,0,95,0,0,0,0,0,49,0,59,0,77,0,98,0,0,0,7,0,0,1165,1594,0,0,0,0,0,0,0,88,0,0,0,44,0,0,0,0,0,0,10000,654,0,0,16958,0,0,0,125,0,0,0,0,0,0,0,0,0,241,241,0,66,596,596,3731,0,0,0,0,0,0,0,0,0,0,0,0,0,0,0,0,0,0,0,0,0,0,0,22352,752,0,0,3151,212
101209037,0,0,5,14,0,0,0,0,0,0,0,38,0,35,0,21,0,0,6688,479,310,0,7165,1477,0,12,11,24,274,0,7,28,0,30,0,23,0,17,0,283,0,869,0,23,5045,0,6200,8,0,0,0,89,0,0,0,12,0,0,0,411,0,0,0,0,0,0,0,3729,0,0,1844,0,0,0,0,0,0,0,3634,0,0,0,0,0,0,0,35,34,0,0,0,1639,5594,0,8109,0,0,0,0,0,0,0,0,0,2806,0,0,0,0,0,11753,188,263,0,5424,0,0,0,0,149,0,0,0,0,844,0,4330,0,0,0,0,0,0,0,0,0,0,0,10763,0,0,0,8954,0
101401042,0,0,0,0,0,0,0,0,0,0,0,38,0,0,0,0,0,0,0,0,9,0,4950,6,0,0,6,119,0,0,0,10,0,0,0,0,0,0,0,0,0,0,0,0,0,0,5875,8,0,0,0,0,0,0,0,0,0,0,0,0,0,0,0,10,0,0,0,93,0,0,0,0,0,0,0,0,0,0,0,0,0,0,0,0,0,0,0,0,0,0,6796,0,0,0,0,0,0,0,0,0,0,0,0,0,0,0,0,0,0,0,0,169,0,0,8791,0,0,0,0,0,0,0,0,0,0,0,0,0,0,0,0,0,0,0,0,0,0,0,18729,0,0,0,0,0
101502012,0,0,12,9,0,6,21,123,0,31,0,62,0,0,0,62,0,0,549,85,6,0,1575,20,0,7,0,62,0,13,0,11,0,33,0,68,5,0,0,127,0,24,0,39,100,61,32,249,0,8,0,9,0,0,0,0,0,22,0,48,0,0,0,84,0,0,0,8,6,6,48,552,0,0,0,0,0,88,0,0,0,0,0,0,0,0,0,91,0,0,0,44,3145,0,1214,0,0,0,0,38,0,0,0,0,0,0,0,31,0,0,0,90,0,0,3185,49,0,0,0,0,0,0,0,0,0,0,0,0,0,0,0,567,0,0,0,0,0,0,0,90,0,0,11833,110
102103012,0,0,0,0,0,187,17,34,0,20,0,34,0,0,0,31,7,128,17999,0,1778,1384,1728,2418,8,64,0,11,4997,0,5,0,8139,2979,0,21,0,82,0,118,7,5,0,0,2026,0,0,24,0,26,0,37,0,30,0,29,0,11,0,0,0,0,0,11,0,0,0,0,5851,0,0,148,0,78,0,60,0,0,0,0,0,0,0,0,0,0,0,0,0,0,0,0,0,0,0,0,0,0,0,0,0,0,0,168,0,0,2318,0,0,0,0,0,0,0,0,0,0,0,0,0,0,0,0,0,0,0,0,0,0,0,0,113,0,0,0,0,0,0,0,0,0,0,0,0
102205017,0,0,0,0,0,11,19,99,0,27,0,417,0,0,0,195,0,0,0,313,0,12,0,35,0,342,0,177,0,0,0,23,0,5,0,27,0,175,0,576,0,0,0,0,0,0,0,58,0,348,0,28,0,5,0,64,11,0,0,18,13,103,0,305,0,0,0,0,0,0,0,0,0,666,0,0,0,426,0,0,0,0,0,0,0,0,33,32,0,0,0,0,0,0,0,0,0,0,0,0,0,0,0,0,0,55,0,343,0,0,0,0,0,387,0,247,0,0,0,0,0,0,0,0,0,0,0,42,0,0,0,0,0,0,0,0,0,0,0,0,0,0,0,0
102205020,0,0,0,0,0,0,0,0,0,351,19,734,0,7,0,5845,0,0,0,0,0,74,16332,506,0,0,0,0,0,0,0,53,0,0,0,0,0,0,0,0,0,0,0,0,52,47,139,4485,0,0,0,0,0,0,0,0,0,0,0,0,0,0,0,0,0,0,0,0,7744,357,0,105,0,0,0,0,0,0,263,0,0,0,0,0,0,0,0,0,0,0,0,0,4261,0,256,0,0,0,0,0,0,0,0,0,0,0,0,0,0,0,0,121,4471,33,0,0,0,0,0,0,0,0,0,0,0,0,0,0,0,0,0,0,0,0,0,0,0,0,8901,6648,0,0,0,0
102205022,0,0,0,0,0,24,187,66,0,3307,0,635,0,15,20,33,0,0,0,0,0,70,22734,446,0,0,0,0,0,1383,48,150,0,22,0,0,0,6,0,0,0,20,0,37,466,0,0,0,0,0,0,0,0,0,0,0,0,0,0,0,0,0,0,0,0,0,0,0,1070,0,205,0,0,0,110,0,0,0,0,0,0,0,0,0,0,0,1303,32,0,0,0,0,0,0,0,0,0,0,0,0,0,0,0,0,0,0,0,0,0,0,0,0,0,0,308,0,0,0,0,0,0,0,0,0,0,0,0,0,0,0,0,0,0,0,0,0,0,0,0,0,0,0,0,0
102205024,0,0,0,0,0,0,0,39,0,67,0,33,0,0,0,54,0,0,0,16,0,5,0,131,0,0,0,16,0,0,0,53,0,7,0,726,0,20,0,31,0,8,0,45,0,0,0,0,0,18,0,50,0,5,0,136,0,6,0,11,0,0,0,26,0,0,0,0,0,0,0,0,0,0,0,57,0,0,0,0,0,0,0,0,0,0,0,21449,0,0,0,0,932,0,0,65,0,0,0,32,87,87,0,0,0,63,0,0,0,0,0,0,0,0,0,812,0,0,0,92,0,0,0,0,0,0,0,0,0,0,0,45,0,0,0,58,0,0,0,0,0,0,0,0
102205030,0,0,0,0,0,0,0,39,0,7,0,33,0,5,0,0,0,8,0,2834,0,828,0,12907,0,0,0,6,0,0,0,63,0,0,0,35,0,0,0,122,0,0,0,47,136,0,221,52,0,0,0,0,0,0,0,0,0,0,0,0,0,0,0,0,0,0,0,128,0,19,0,5794,0,0,0,0,4158,0,5687,0,0,0,0,0,0,0,0,0,0,0,0,0,0,0,0,0,0,0,0,0,0,0,0,0,0,0,0,0,0,0,0,0,0,0,0,0,0,0,0,0,0,0,0,0,0,0,0,0,0,0,0,0,0,0,0,0,0,0,0,0,0,0,0,0
102205033,0,0,0,10,0,0,0,28,0,0,0,18,0,13,0,35,0,0,0,0,0,0,0,0,0,35,0,17,0,0,0,9,0,25,0,15,0,6,0,0,0,38,0,11,6943,12,0,83,8,0,0,21,0,22,0,34,0,32,0,12,0,18,0,0,0,6,0,12,1191,0,0,0,0,0,0,0,0,0,0,0,0,0,10464,0,0,0,95,0,0,0,0,0,0,0,0,0,0,0,0,0,0,0,0,0,0,0,0,0,0,0,0,0,3400,0,0,0,0,0,0,0,0,0,0,0,0,0,0,0,0,0,0,0,0,0,0,143,0,0,0,0,0,0,0,0
102205051,0,0,0,0,0,0,0,0,0,619,0,418,0,0,0,0,0,0,0,49,0,0,0,33,0,0,19,0,0,12,0,80,0,0,0,0,0,0,0,0,59,7,637,0,1489,0,20,5,0,0,0,0,0,0,0,0,15,0,0,0,0,0,0,0,7903,20,0,5,3295,16,0,30,0,0,0,0,2349,0,80,0,0,0,0,0,0,0,0,0,0,0,6999,0,53,0,1285,0,0,0,0,0,0,0,0,360,0,0,0,0,0,0,985,0,3468,0,68,0,0,0,0,0,0,0,0,0,0,0,0,334,822,0,0,1999,0,0,0,0,0,0,3972,35,0,0,53,0
102205081,0,0,0,0,0,0,0,0,0,10,0,271,0,0,0,0,0,0,0,0,0,0,0,0,0,0,0,0,0,0,0,0,0,0,0,0,0,0,0,0,0,0,0,0,14231,24,0,30,0,0,0,0,0,0,0,0,0,0,0,0,0,0,0,0,0,0,0,0,1036,0,15,0,3848,33,0,0,0,0,1299,0,2589,0,4165,0,0,0,0,0,0,0,0,0,4472,0,0,0,0,0,0,0,0,0,0,0,0,0,0,0,0,0,0,0,0,0,0,0,0,0,0,0,0,0,0,0,0,0,0,0,0,0,0,0,0,0,0,0,0,0,0,0,0,0,510,31
102205092,0,0,0,0,0,0,0,0,0,61,0,129,0,49,0,173,0,17,0,4383,0,493,26,2799,0,13,0,21,0,99,0,20,0,16,0,10,0,0,0,5,0,20,0,24,0,364,0,1059,0,53,0,70,0,27,0,7,0,35,0,146,0,16,0,0,0,0,0,0,0,62,4853,714,0,0,0,0,0,157,0,67,0,0,0,0,0,0,0,0,913,0,28527,0,0,0,570,0,0,0,0,55,0,0,0,340,0,0,0,0,1469,0,16891,0,0,0,0,0,0,0,0,0,0,0,0,0,0,0,0,0,0,0,0,0,0,0,0,0,8438,8438,10174,831,37,37,0,0
102205095,0,0,0,0,0,0,0,60,0,78,0,199,0,0,0,17,0,0,0,108,0,0,0,0,0,17,0,98,0,0,0,41,0,7,0,24,0,23,0,32,15,65,0,60,0,0,0,0,0,22,0,41,0,50,0,208,0,23,0,45,0,13,0,0,0,11,0,18,0,0,0,0,0,39,0,113,0,0,0,125,0,0,0,0,0,0,0,200,0,0,0,194,0,0,0,0,0,0,0,353,0,0,0,0,0,0,0,40,0,0,0,133,0,0,0,0,0,0,0,0,0,0,0,0,0,0,0,82,0,0,0,53,0,0,0,0,0,0,0,35,0,0,0,0
102208001,0,0,349,20,0,52,5,34,0,26,0,117,0,709,0,502,0,0,0,2941,0,0,7339,5,0,0,7,0,0,0,614,7,0,0,0,29,0,0,0,0,0,0,0,6,7,22,0,0,0,0,0,0,0,0,0,9,0,0,0,0,0,0,0,0,0,0,0,21,0,0,0,22,0,0,0,0,0,0,0,0,0,0,0,0,0,0,0,0,0,0,1254,277,0,0,2337,0,0,0,0,0,0,0,0,0,3590,3590,168,0,0,0,1240,967,0,0,59,0,0,0,0,0,0,0,0,5470,0,0,0,0,0,0,54,0,0,0,0,0,0,1467,774,0,0,0,0,0
102208002,0,0,0,0,0,0,0,0,0,0,0,0,0,0,0,0,0,13,48,33,0,0,0,1933,0,0,0,0,0,0,0,0,0,0,0,174,0,0,0,30,6,8,0,49,0,48,0,12,0,0,0,19,0,0,0,40,0,0,0,0,0,0,0,0,0,0,0,0,0,191,0,29,0,0,0,0,0,0,0,0,0,0,0,0,0,0,0,0,0,0,10056,0,0,0,0,0,0,0,0,0,0,0,0,0,0,421,0,0,0,297,59,413,0,0,916,34,0,0,0,0,0,0,0,0,0,0,0,393,0,0,0,766,0,0,0,0,71,0,0,2313,0,0,0,0
102208004,0,0,0,0,0,0,123,0,0,0,415,2572,0,0,0,0,446,0,600,6,12,0,12056,593,0,0,0,0,0,0,0,2731,0,0,0,108,9,0,0,0,0,2019,0,6,469,12,0,509,0,0,0,0,0,876,0,202,0,0,0,408,0,0,0,0,0,733,0,723,0,854,0,615,0,0,0,0,0,33,0,449,0,0,6062,299,0,0,0,0,6380,0,3953,0,0,0,3989,208,0,0,0,0,0,0,0,0,0,0,1001,0,0,0,7249,230,65,57,49,102,0,0,0,0,0,0,0,0,0,0,0,0,0,0,0,201,0,0,0,0,842,0,4832,373,289,0,1589,0
102208005,0,0,0,0,0,0,0,0,0,0,0,75,0,0,0,0,0,0,0,0,0,0,15,17,0,0,0,0,0,0,0,0,0,5,0,15,0,0,0,16,0,0,0,0,0,0,52,0,0,0,0,0,0,0,0,0,0,0,0,0,0,0,0,0,0,0,0,0,0,17,0,0,0,0,0,0,0,0,0,0,0,0,0,0,0,0,0,0,0,0,0,0,0,0,0,0,0,0,0,0,0,0,0,0,0,0,0,0,0,0,0,0,0,0,23948,0,0,0,0,0,0,0,0,0,0,0,0,0,0,0,0,0,0,0,0,0,0,0,0,0,0,0,0,0
102208006,0,0,0,0,0,12,7,24,0,8,0,9,0,33,71,93,0,0,0,19,1547,0,12,0,0,0,0,6,0,0,0,18,0,12,0,33,0,7,0,12,21166,247,0,13,0,0,0,0,0,13,0,22,0,16,0,28,0,5,0,6,0,0,0,20,0,0,0,55,12908,1201,0,0,0,0,0,0,0,54,0,0,0,55,0,0,12614,292,0,1338,0,0,2141,0,0,0,0,0,0,0,0,0,0,0,0,0,0,0,0,0,0,51,149,0,0,0,0,0,0,121,0,36,0,0,0,0,0,0,17547,627,0,0,0,0,0,0,0,0,0,0,0,0,0,0,1224,0
102208007,0,0,0,0,0,0,0,29,0,25,48,123,0,65,0,0,0,0,0,0,0,1468,1538,290,0,0,0,21,0,0,0,1172,0,0,0,58,0,16,0,2166,0,10,0,114,13163,14,43,10,30,0,0,9,0,0,0,50,0,0,0,30,0,0,0,0,0,0,0,0,4598,42,0,16,0,0,0,0,0,0,0,0,0,0,0,0,0,0,0,0,0,0,0,127,6302,188,3108,0,0,0,0,0,0,0,0,0,0,97,0,0,0,124,9108,373,10345,8699,4546,0,0,0,0,0,0,0,0,0,0,0,0,0,0,0,0,54,0,0,0,0,0,0,0,118,1318,0,3422,21601
102208010,0,0,24,9,0,43,0,79,27,14,48,23,0,27,7848,70,0,0,784,54,13,0,3127,0,6,5,115,97,0,0,0,96,0,0,0,8,0,12426,0,39,0,18,7,19,6555,37,0,0,0,18,0,32,1813,0,0,11,6,6,0,29,0,0,0,0,14,0,0,61,16332,27,0,6,0,75,11285,0,0,1195,4318,78,0,75,0,133,0,0,0,0,1614,0,0,0,0,13457,0,0,0,207,0,0,0,0,0,50,0,0,0,0,33,0,7706,60,2040,0,0,0,0,0,0,0,0,0,0,0,0,0,0,77,0,0,0,93,0,0,0,0,0,0,0,0,0,0,0,0
102208014,0,0,0,0,0,0,0,0,0,0,0,46,0,0,21612,1489,0,0,3873,139,11,0,241,0,0,0,0,0,0,0,0,159,0,0,0,10,7,0,0,235,0,15,0,38,556,11,681,21907,0,0,0,0,234,6,0,0,0,0,0,0,0,0,0,0,0,0,0,0,1480,150,63,98,0,0,0,0,0,0,0,35,0,0,32,58,0,0,0,0,0,32,0,32,1278,0,3603,5868,0,0,0,0,359,1638,380,0,0,83,0,772,0,0,0,6396,5371,520,934,86,0,0,0,0,0,0,0,0,4883,0,284,0,71,0,0,155,0,0,0,0,5156,0,67,0,6913,0,2030,102
102208017,0,0,0,0,0,412,23,71,0,11,0,19,0,0,0,0,0,0,0,19,0,0,0,0,0,12,0,25,0,8,0,74,0,14,0,5,0,370,0,119,17,369,0,16,6687,131,0,0,12,374,0,12,0,5,0,7,0,22,0,7,0,0,0,0,0,0,0,22,11356,0,0,0,0,0,0,0,0,0,0,0,0,31,0,116,0,0,0,0,0,0,0,73,577,0,5906,302,0,0,0,0,0,729,0,2991,0,0,0,277,0,0,0,42,0,0,0,0,0,0,0,0,0,0,0,0,0,0,0,0,0,0,0,0,0,0,0,0,2218,0,7656,0,0,0,0,0
102208018,0,0,0,0,0,0,0,0,0,0,0,0,0,0,0,0,0,0,0,48,0,0,0,16,0,0,0,0,0,0,0,33,0,0,0,21,0,0,0,13,0,0,0,0,0,0,186,16,0,0,0,31,0,0,0,19,0,0,0,64,0,0,0,0,0,0,0,0,0,0,0,40,0,0,0,0,0,0,0,83,0,0,0,0,0,0,0,0,0,0,0,0,491,0,308,0,0,0,0,0,0,0,0,0,0,0,0,0,0,0,0,0,0,172,2866,297,0,0,0,0,0,0,0,0,0,0,0,66,0,0,0,0,0,0,0,0,0,0,0,72,0,0,0,0
102208021,0,0,0,5,0,19,22,78,0,0,0,0,0,0,0,0,0,0,0,23,0,0,0,21,0,0,0,10,0,0,0,0,0,0,0,18,0,0,0,11691,202,6,0,7,7,0,0,0,0,0,0,64,0,0,0,0,0,0,0,53,0,0,0,7,0,0,0,5,361,0,0,31,0,0,0,0,0,0,0,0,0,0,0,0,0,0,0,0,2209,0,0,0,996,0,117,68,0,0,0,0,0,0,0,0,0,0,0,0,0,0,1230,21601,737,0,1573,0,0,0,0,0,0,0,0,0,32,0,0,0,0,0,0,41,0,0,0,0,296,0,1708,0,0,0,0,43202
102208022,0,0,0,0,0,66,6,24,17,23,478,9,0,0,0,158,0,0,0,0,104,813,5170,13,0,6,0,39,39,157,0,32,0,54,0,61,0,0,0,0,0,274,325,57,17675,0,0,0,0,23,0,46,0,42,0,30,0,26,0,29,0,0,0,8,0,0,0,26,10011,0,0,0,0,31,0,133,0,0,0,37,0,0,0,0,7389,0,0,38,0,0,23391,0,0,0,8509,0,0,0,0,0,0,0,0,0,2455,0,0,0,0,0,27104,0,0,0,0,0,0,0,0,32,0,0,0,0,0,0,0,0,0,0,0,0,0,0,0,0,401,0,45027,0,0,0,0,0
102208023,0,0,0,0,0,22,0,55,0,0,0,0,6,166,496,771,0,0,0,1778,0,0,894,14,0,0,0,11,0,16,0,62,1907,0,0,0,8,0,0,0,113,58,0,0,84,0,752,9,0,0,0,0,0,0,0,0,0,0,0,0,0,0,0,0,0,0,0,0,163,0,13,0,0,0,0,0,0,0,0,0,0,0,0,0,0,0,0,0,0,0,1639,0,0,0,4645,0,0,0,0,0,0,0,0,0,3143,3143,0,0,1204,0,38319,0,16557,0,2353,0,0,0,0,0,0,0,0,0,0,0,0,0,0,0,0,0,0,0,0,0,0,0,0,0,190,0,2307,0
102208024,0,0,0,0,0,0,0,0,0,0,0,5256,0,0,0,103,0,0,151,72,127,0,899,13,0,0,0,0,0,0,0,0,71,0,459,74,0,0,0,11,0,0,0,7,1992,0,622,7,0,0,0,0,0,0,0,0,0,0,0,0,0,0,0,0,0,0,0,0,2217,0,0,0,0,0,0,0,0,0,0,0,0,0,35,0,0,0,0,0,0,0,0,31,887,0,420,0,0,0,0,0,0,0,0,0,896,0,0,0,0,0,0,0,387,0,1168,0,0,0,0,0,0,0,0,0,0,0,0,0,0,0,12820,0,0,0,0,0,0,0,2556,0,0,0,206,0
102208029,0,0,0,0,0,0,0,29,0,19,2957,91,0,55,236,498,591,0,4403,112,0,0,6,3319,0,7,0,5,24,12,0,13,0,13,0,21,0,65,0,34,12321,30,26,20,8604,0,0,737,0,16,0,34,0,20,0,16,0,16,0,22,0,18,0,0,0,22,0,22,7,0,0,0,0,0,0,0,0,0,0,356,0,0,0,0,0,0,0,0,2025,0,0,252,0,0,0,0,0,0,0,142,0,0,0,0,0,0,0,0,0,0,0,0,0,0,0,0,0,0,0,0,0,0,0,0,0,0,0,35,0,0,0,0,0,0,0,0,0,0,0,41,0,0,0,0
102208030,0,0,0,0,0,16,10,50,0,8,0,0,0,34,12,46,664,0,3853,0,0,0,13003,0,0,0,0,5675,2353,21601,38,21750,0,319,2875,28,0,34,0,22,21601,0,0,5,0,0,0,0,0,11,0,32,0,130,0,128,2286,34,0,304,0,0,0,22,6,915,0,74,7,20,0,7,0,0,0,0,0,0,3994,78,1781,0,0,41,0,0,21601,184,0,0,0,3469,0,0,0,0,0,0,0,0,0,0,0,0,0,0,0,0,8615,0,3542,0,696,0,37,0,0,0,0,0,0,0,0,33,0,0,0,0,0,0,5482,162,1314,343,1316,0,0,0,25784,0,0,0,0,0
102208032,0,0,0,0,0,10,0,88,0,0,0,15,0,0,0,0,0,0,0,0,0,0,9163,481,0,0,0,0,0,0,0,0,0,0,0,0,0,0,0,0,0,0,0,0,0,0,14405,3529,0,0,0,0,0,0,0,0,0,0,0,0,0,0,0,0,0,0,0,0,0,0,15184,472,0,0,0,0,0,0,0,0,0,0,0,0,0,0,0,0,0,0,94,43,0,0,2241,0,0,0,0,0,0,0,0,0,0,0,0,0,0,0,0,159,0,0,9934,0,0,0,0,0,0,0,0,0,0,0,0,0,0,0,0,0,0,0,0,0,0,0,0,51,0,0,0,34
102208034,0,0,0,0,0,86,0,57,0,12,0,0,0,0,0,0,0,0,0,0,10,8,0,0,0,0,0,0,0,0,0,0,0,0,0,0,0,0,0,0,0,0,0,0,16044,40,0,34,0,0,0,0,0,0,0,0,0,0,0,0,0,0,0,0,0,0,0,0,1096,28,0,0,0,0,0,0,0,0,0,55,0,0,0,0,0,0,0,0,976,0,0,0,0,72,0,0,0,0,0,0,0,0,0,0,0,0,0,0,911,0,0,0,0,0,0,0,0,0,0,0,0,0,0,0,0,0,0,0,0,0,0,41,0,0,0,0,5166,0,0,0,402,0,0,0
102208038,0,0,0,0,0,0,0,0,0,0,0,0,0,0,0,0,0,21,0,137,0,326,0,3661,0,0,0,0,0,0,0,0,0,0,0,5,0,0,0,0,62,0,7215,5,459,362,0,1573,0,0,0,0,0,0,0,0,0,0,0,0,0,0,0,0,0,0,0,0,186,13,9,7,0,0,0,0,0,0,0,0,0,0,0,0,0,0,0,0,0,0,0,0,1703,0,14125,0,0,0,0,0,0,0,0,0,0,0,244,2230,0,0,4314,0,0,0,562,0,0,0,0,0,0,0,0,0,0,0,0,0,0,0,0,0,0,0,0,0,0,0,0,0,1084,0,6102,0
102208041,0,0,0,0,0,0,0,0,0,8043,0,8178,207,3594,37,20,702,6,1682,4171,0,89,4496,1149,0,0,0,7,0,0,0,54,271,12,445,37,0,0,0,10,5,6088,8,18,2327,1464,3365,4532,26,0,0,31,0,0,0,33,0,0,0,966,0,123,198,20053,514,25,671,17,4304,6926,902,73,0,0,0,0,0,0,0,0,0,0,0,0,0,0,0,0,0,0,17023,0,1671,0,683,115,0,0,0,0,0,0,0,49,0,0,0,32,0,0,12062,0,1319,0,1330,0,0,0,0,0,0,0,0,0,0,0,0,0,0,0,0,51,0,0,0,0,175,0,24388,675,103,0,1092,0
102208042,0,0,0,0,0,15,0,658,0,60,0,2368,0,0,0,0,0,1564,3276,4259,0,0,0,11,0,0,6,24,0,0,0,7,0,0,0,20,0,0,0,0,0,9,0,9,0,23,0,125,0,0,0,34,0,0,0,7,0,0,0,0,0,0,0,0,10,0,0,46,0,4381,0,9,0,0,0,0,0,0,0,0,0,0,0,0,0,0,0,0,0,0,1317,31,0,0,0,0,0,0,0,0,0,0,0,0,0,0,0,0,0,0,4057,168,0,0,0,0,0,0,8270,337,0,0,0,0,0,0,0,0,0,0,1430,0,0,0,0,0,90,0,3285,36,0,0,101,31
102208043,0,0,0,0,0,13,0,26,0,13,0,60,69,0,44,25,0,0,0,9,0,0,0,5,0,0,0,17,0,0,0,8,0,0,0,18,0,0,0,82,0,0,0,16,0,0,0,0,0,0,0,0,0,0,0,0,4757,34,0,370,13,0,0,12,0,0,0,6,5450,22,0,9,61,0,0,0,1601,39,0,0,0,0,0,51,0,0,0,0,8358,0,0,0,0,0,0,0,0,0,0,0,0,0,0,0,0,100,0,43,0,0,0,0,0,0,0,0,0,0,83,0,0,0,0,0,0,0,0,0,0,0,0,0,0,0,0,0,0,0,0,0,0,0,0,0
102208045,0,0,0,0,0,19,95,74,0,0,0,92,5,0,0,13,0,0,0,9,0,0,392,55,0,0,0,68,0,0,0,0,8355,5,0,282,28,15,0,6,0,5,0,12,4534,19,0,69,0,0,0,22,0,0,0,40,0,0,0,15,0,0,0,65,0,0,0,52,3913,0,0,0,0,0,0,0,0,0,1598,0,0,0,0,0,3532,0,1265,0,36,0,0,0,0,0,0,0,0,0,0,0,2466,0,3180,0,0,0,0,0,3468,0,0,0,0,0,0,41,0,0,0,0,0,0,0,0,0,0,0,0,0,0,0,0,0,0,0,0,0,0,3958,0,0,0,1033,0
102208046,0,0,0,0,0,0,0,0,6,47,32,29,0,0,0,0,1558,327,8,11,5,0,30063,11,8,0,0,0,0,0,0,0,2353,35,6366,9,0,0,0,0,3498,362,28,137,17,0,0,0,0,0,0,25,0,0,0,58,0,5,0,0,0,0,0,48,0,0,0,150,12211,75,0,17,0,0,0,0,0,96,0,887,0,0,0,0,0,122,0,355,4392,34,25214,0,0,0,0,0,0,0,0,0,0,0,0,0,0,0,0,0,2730,207,21653,0,685,0,5276,0,0,0,0,188,0,0,0,214,0,0,0,204,0,0,0,205,0,0,77,0,0,0,21601,615,4860,31,0,0
102208052,0,0,0,0,0,0,0,69,0,25,0,99,0,7,0,507,0,0,13,17,0,0,1326,7641,0,50,0,68,0,5,0,51,0,69,0,15,0,31,0,13,0,655,5819,26,11955,0,0,0,0,29,0,32,0,0,0,0,0,1322,0,23,0,0,0,0,0,0,0,98,1451,5,135,15,3336,356,7668,0,0,0,0,0,0,0,11945,183,0,0,0,0,1055,94,8076,303,0,0,0,0,0,0,0,0,0,0,0,0,0,0,0,56,6205,133,26346,0,0,0,0,0,0,0,0,0,0,0,0,0,0,0,0,33,0,0,119,65,0,0,0,0,6050,0,9283,0,0,0,0,0
102208053,0,0,0,0,0,0,0,0,0,0,0,0,0,0,0,0,0,0,0,0,0,15,15130,84,0,0,0,0,0,0,0,11,0,0,0,0,0,0,0,1674,0,0,0,0,0,44,0,114,0,0,0,21,0,0,0,0,0,0,0,26,0,0,0,0,0,0,0,0,0,0,0,0,0,0,0,0,0,0,0,0,0,0,0,0,0,0,0,0,0,0,12893,392,5927,0,891,0,0,0,0,0,0,0,0,127,0,0,0,0,0,0,0,0,5523,0,572,1859,0,0,0,0,0,0,0,0,0,0,0,0,0,0,0,0,834,0,50,40,0,0,0,0,0,0,0,0
102208054,0,0,0,0,0,0,0,0,0,13,10,1742,0,0,0,2436,0,0,528,103,0,1211,195,1691,0,0,0,0,0,11,0,0,0,0,0,0,0,0,0,0,0,0,0,51,59,0,8259,3131,0,0,0,33,0,0,0,115,0,0,0,0,0,0,0,0,0,0,0,0,12890,0,0,112,0,0,0,0,0,0,0,0,0,0,4413,0,0,0,4721,0,0,0,0,0,238,0,4062,0,0,0,0,0,0,0,0,0,0,0,0,0,1460,0,9449,0,0,0,0,0,0,0,0,0,0,0,0,0,0,0,0,0,70,0,0,75,2316,0,1802,629,46,0,5098,0,0,0,0,0
102208055,0,0,0,0,0,0,0,0,0,0,0,0,0,3296,0,232,0,12,82,93,0,0,7480,1690,0,0,834,93,0,0,13,0,17,0,80,7,0,0,0,0,0,0,1050,8,0,0,1734,50,0,0,0,0,0,0,0,0,0,0,0,0,0,0,0,0,0,0,0,0,8,0,1292,25,0,0,0,0,1170,0,0,0,0,0,0,0,0,0,375,0,0,0,206,0,0,0,1148,0,0,0,0,0,0,0,0,0,0,0,0,0,2385,0,199,0,359,0,21601,0,0,0,0,0,0,0,0,0,0,0,0,0,0,0,0,0,0,0,0,0,768,0,0,0,0,0,0,0
102208056,0,0,0,0,0,0,0,0,0,4593,0,17,0,13,0,0,0,0,0,8814,0,5,84,5183,0,0,0,0,0,30,12,763,7,0,47,5,0,0,0,0,0,43,0,38,6054,33,0,0,0,30,0,68,0,45,0,89,0,33,0,21,0,9,0,0,0,0,0,22,2116,54,14628,152,0,0,0,0,0,0,0,0,0,0,0,0,0,0,0,92,4457,0,3049,0,0,0,0,0,0,0,0,0,0,0,0,0,975,0,2950,0,0,0,8049,2566,0,0,0,0,0,0,0,0,0,0,0,0,0,0,0,0,0,0,0,0,0,0,5633,114,3388,0,7277,0,3258,0,1236,0
102208057,0,0,0,0,0,0,38,98,0,40,0,14,0,20,0,16,0,0,16917,44,652,0,11669,0,6,0,0,0,5,0,0,0,7,0,0,22,41,0,0,0,6,0,0,7,3230,8,0,0,0,0,0,0,0,0,0,0,0,0,0,0,0,7,0,55,0,0,0,0,83,0,0,0,0,0,0,0,99,0,0,0,0,0,42,0,0,0,0,0,585,0,16713,0,16765,0,0,0,0,0,0,0,0,0,0,0,0,0,0,0,396,158,0,44,1457,0,0,0,0,0,0,0,0,0,0,0,261,0,0,0,0,0,0,0,0,78,0,0,0,0,18577,0,0,0,0,0
102208059,0,0,0,0,0,907,0,44,10,347,58,110,0,6,0,18,0,0,0,89,1081,1212,0,2244,12,2512,0,587,2341,0,0,0,1585,0,0,0,0,0,0,62,568,103,1978,290,16444,25,7,54,1824,0,0,0,8,0,0,61,0,0,0,0,0,0,0,0,78,1643,0,0,0,0,0,0,0,0,0,0,0,433,259,0,0,0,0,0,0,0,0,0,1923,0,10671,1528,0,0,2446,0,0,0,0,0,0,0,0,0,0,0,0,0,2339,1470,0,1148,0,0,0,0,0,0,0,0,0,0,0,0,158,0,0,0,233,0,6017,138,0,0,0,39,1267,0,0,0,0,0,0,33
102208060,0,0,0,0,0,0,0,0,0,0,0,0,0,0,0,0,0,6263,0,764,0,9,7398,32,0,0,0,0,0,0,0,0,0,0,0,0,0,0,0,0,0,0,0,0,5,5,104,406,0,0,0,0,0,0,0,0,0,0,0,0,0,0,0,0,0,0,0,0,9,27,45,107,0,0,0,0,0,0,0,0,0,0,0,0,0,0,0,215,0,0,0,0,5620,0,563,0,0,0,0,0,0,0,0,0,0,0,0,0,0,0,0,0,9495,0,60,323,0,0,0,0,0,0,0,0,0,0,0,0,0,0,0,0,0,0,0,0,0,0,0,0,2171,0,0,0
102208061,0,0,0,0,0,5,56,226,0,0,0,0,0,0,0,0,0,0,0,0,0,2605,0,6667,0,0,0,1446,0,0,0,0,0,0,0,0,0,0,0,0,0,0,0,0,0,0,0,0,0,0,0,38,0,0,0,0,0,7,0,11,0,0,0,7,0,0,0,0,0,0,0,0,0,0,0,0,0,0,0,137,0,0,0,0,0,0,0,0,0,0,0,0,0,159,0,0,0,0,0,0,0,0,0,0,0,0,0,0,171,171,0,2350,0,0,0,0,0,0,0,0,0,0,0,0,0,0,0,0,0,0,0,0,0,0,0,0,0,0,0,0,0,0,0,48
102208062,0,0,0,0,0,0,0,0,0,181,25,79,0,0,8,0,0,0,6,6,0,5,1317,0,0,0,0,0,0,0,0,0,0,0,0,0,0,0,0,4221,0,0,0,244,4005,2405,4668,630,0,0,0,0,0,0,0,0,0,0,0,0,27,0,40,17,12,7,0,195,51,0,0,0,0,0,0,42,0,0,0,706,0,0,0,0,199,390,9255,0,4891,508,0,73,0,0,0,0,0,0,0,0,0,0,0,0,0,0,0,0,11403,0,0,959,0,0,0,0,0,0,0,0,0,0,0,0,0,0,0,0,0,0,0,0,0,0,0,0,0,0,944,0,47,0,0,0
102208063,0,0,0,0,0,0,0,0,7,71,61,17,0,17,54,1336,10,0,5,559,0,53,1118,309,0,0,0,16,0,0,0,536,0,0,0,5,0,0,0,0,12,0,21601,117,5856,6,390,89,0,0,0,22,0,0,0,8582,0,0,0,59,0,0,0,20785,0,0,0,0,3013,0,0,9606,0,0,0,0,1930,307,1968,0,0,0,0,0,0,0,21601,0,9222,0,7178,0,3054,59,123,0,0,0,0,0,0,0,0,0,0,0,0,0,0,0,0,0,287,21601,1853,0,0,0,0,0,0,0,0,0,0,0,0,0,0,0,0,0,0,0,0,0,0,0,188,0,386,0,569,0
102208064,0,0,0,0,0,0,0,0,0,6,0,0,0,0,0,0,0,10,0,0,454,5,2928,14,0,0,0,0,0,0,0,0,0,0,0,0,0,0,0,0,0,0,0,0,5052,4718,614,223,0,0,0,0,0,0,0,0,0,0,0,0,0,0,0,0,0,0,0,0,0,0,0,8,0,0,0,0,0,0,0,0,0,0,0,0,0,0,0,0,0,0,0,0,21601,0,7825,0,0,0,0,0,0,1384,2067,0,0,0,0,0,0,0,0,0,2671,0,38346,0,0,0,0,0,0,0,0,0,0,0,0,0,0,0,0,0,0,0,0,0,0,0,0,0,0,0,0,0
102208065,0,0,0,0,0,0,0,0,0,0,6,72,0,0,0,651,0,0,0,0,0,35,7,69,0,0,0,0,0,0,0,140,0,0,0,28,0,0,0,6,0,0,0,54,0,0,0,0,0,0,0,14,0,0,0,59,0,0,0,1340,0,0,0,13,0,0,0,0,0,0,0,0,0,0,0,0,0,0,0,0,0,0,0,53,0,0,0,69,0,0,0,101,0,0,0,0,0,0,0,0,0,0,0,0,0,0,0,0,0,0,0,0,0,0,0,0,0,0,0,0,0,0,0,0,0,0,0,0,0,0,0,0,0,0,0,0,0,0,0,0,0,0,0,1404
102208066,0,0,0,0,0,14,0,1066,0,100,0,35,0,0,0,31,0,19,0,317,0,0,0,5765,0,235,0,88,17,9,54,84,6,37,0,215,0,0,0,0,23,80,746,151,595,90,0,919,5,11,0,9,0,78,0,151,2606,798,0,6,0,0,0,0,0,0,0,186,20598,5,0,0,0,203,0,0,0,35,0,0,0,34,0,39,0,0,0,0,1289,0,4957,88,0,0,0,0,3088,3088,0,0,0,0,0,0,0,0,0,0,3936,345,14864,0,0,0,0,0,0,0,0,0,0,0,0,0,146,0,0,0,0,0,0,63,0,0,0,0,0,0,4964,46,0,0,0,0
102208068,0,0,0,0,0,0,0,0,0,6,0,952,10,0,6,43,6,0,7,7,0,0,10925,3977,0,0,0,68,0,0,51,8,0,0,0,110,0,0,0,13,0,0,0,0,2584,0,446,7,0,0,0,0,0,0,0,0,0,0,0,43,0,0,0,0,0,0,113,250,311,6,0,0,0,0,0,0,0,0,0,0,0,0,0,0,0,0,0,0,48,0,5247,45,0,0,0,0,0,0,0,0,0,0,0,0,0,0,0,0,1326,0,36256,0,0,0,0,0,0,0,0,0,0,0,0,0,0,0,0,0,0,0,0,0,0,0,0,0,8899,0,4805,0,0,0,0,0
102208073,0,0,0,0,0,0,7,23,0,53,9081,36,231,0,6431,14,0,0,42,0,793,0,111,0,0,0,7997,8,0,0,0,0,601,0,14,0,0,0,0,0,8,0,0,0,8796,0,0,27,0,0,0,0,0,0,0,0,0,0,0,0,0,0,0,15,0,0,0,0,0,6,0,111,0,0,0,0,0,0,0,0,0,0,0,0,0,0,0,0,0,0,184,0,0,0,0,0,0,0,679,0,51,0,89,0,0,0,0,108,0,0,2888,0,0,0,0,0,0,0,592,0,0,0,0,0,0,0,0,0,0,0,0,0,0,0,0,0,0,0,53,0,0,0,0,0
102208074,0,0,0,0,0,0,0,0,0,0,0,0,0,16,0,134,0,0,0,0,0,19,0,42,0,0,0,0,0,0,0,0,0,12,0,30,0,0,0,0,0,0,1277,0,7915,0,14778,0,0,0,0,0,0,0,0,0,0,0,0,0,0,0,0,91,0,0,0,11,18713,0,0,310,0,0,0,0,0,0,982,332,0,0,5671,0,0,0,4447,0,12977,0,0,0,191,0,0,0,0,0,0,0,0,0,0,0,0,0,0,0,0,0,21608,0,0,0,0,0,0,0,0,0,979,0,0,0,38,0,0,0,0,0,0,0,0,0,0,0,8720,0,2446,104,0,0,0,0
102208078,0,0,0,0,0,103,0,20,0,59,80,71,0,0,0,9,0,0,0,191,1187,0,11056,27,0,0,0,43,0,5,0,36,0,0,0,0,0,0,0,14,7,116,0,437,6,11,0,94,0,56,0,3727,0,52,0,109,0,8,0,795,0,0,0,0,0,0,0,79,14759,0,0,0,0,0,0,0,0,90,0,44,0,0,0,0,0,41,0,0,8931,0,0,0,8906,0,0,0,0,0,0,0,0,0,0,0,40,40,1970,0,0,0,238,122,0,0,0,0,0,0,0,0,0,0,0,0,0,0,0,0,0,0,0,0,0,0,0,0,0,0,0,2755,254,566,0,0
102208082,0,0,0,7,0,0,0,5,0,0,0,8,0,0,369,56,0,0,0,616,0,0,3978,265,0,0,0,0,0,0,0,61,0,0,0,0,0,0,0,0,8,0,646,41,1681,0,0,0,0,0,0,87,0,0,0,6,0,0,0,0,0,0,0,24,0,0,0,14,440,21,0,82,0,0,0,0,0,0,0,0,0,0,199,0,0,0,0,88,0,0,429,0,0,0,0,0,0,0,0,0,0,0,0,0,0,0,0,0,515,0,0,200,0,0,0,0,0,0,0,0,0,0,0,0,0,0,0,65,1995,0,0,80,0,0,0,0,0,227,620,0,0,0,0,0
102208083,0,0,0,0,0,137,0,29,0,60,0,20,0,0,196,15,0,0,8,20,354,307,10277,1572,0,10,0,37,0,0,0,9,2391,13,12,32,0,302,0,0,0,27,0,33,4129,0,0,5,0,0,0,1703,0,57,0,33,0,0,0,13,0,0,0,0,0,15,0,45,4930,0,0,0,0,0,0,0,2059,0,0,0,0,0,0,0,21601,502,21601,42,1904,0,4573,46,0,0,1051,0,120,120,0,0,88,88,21601,0,0,0,1236,0,0,0,0,0,2052,0,1607,0,0,0,0,0,0,0,0,0,0,685,21601,0,0,0,0,0,0,0,0,135,2831,0,9185,0,0,0,0,0
102208084,0,0,0,0,0,0,0,0,0,0,0,1855,0,0,0,11,0,0,0,0,0,0,23,378,0,0,0,0,0,0,0,0,0,0,0,0,0,0,0,0,0,0,8005,57,0,0,5,373,0,0,0,0,0,0,0,19,0,0,0,14,0,0,0,3585,0,0,0,5,0,1623,0,2036,0,0,0,0,0,0,0,0,0,0,0,2169,0,0,0,0,0,0,0,0,0,0,0,669,0,0,0,0,0,0,0,718,0,0,0,0,0,0,20992,0,368,0,0,0,0,0,0,0,0,0,0,0,0,0,0,0,0,0,0,0,0,0,0,0,0,0,4841,0,0,0,16085,4478
102208085,0,0,0,0,0,0,0,11,0,6,0,7,0,0,1721,0,0,0,360,0,0,0,247,4435,0,0,0,0,0,0,0,0,573,0,51,32,0,0,12,0,0,0,0,0,278,0,0,0,0,0,0,0,0,0,0,0,14,0,0,0,0,0,0,0,0,0,0,0,20,6,0,0,0,0,0,0,0,0,0,0,0,0,0,0,0,0,0,0,3804,0,322,0,0,0,0,0,0,0,0,0,0,0,0,0,5056,47,530,0,0,0,16047,0,0,0,3926,0,0,0,0,0,0,0,0,0,0,0,0,0,0,0,0,0,0,0,0,0,0,0,0,0,0,0,0,0
102208086,0,0,0,0,0,0,0,0,0,0,0,0,0,0,0,0,0,0,0,1013,0,0,0,620,0,0,0,7,0,0,0,333,0,0,0,57,0,0,0,418,0,749,386,1145,0,0,0,62,0,0,0,367,0,0,0,268,0,8,0,603,0,0,0,10,0,0,0,17,0,60,0,1492,0,0,0,0,0,0,0,0,0,0,0,0,0,0,0,502,0,0,0,220,0,0,0,0,0,0,0,0,0,0,0,0,0,0,0,0,0,0,0,0,0,0,0,0,0,0,0,0,0,0,0,0,0,0,0,0,0,0,0,0,0,0,33,0,0,0,0,0,0,0,0,0
102208089,0,0,0,0,0,15,0,20,0,18,31,25,0,0,0,32,0,8,0,136,674,7,15292,35,0,24,0,7,0,0,0,9,0,143,0,279,0,11,0,10,0,0,0,147,446,269,51,38,0,0,0,0,0,0,0,19,0,157,0,5313,0,0,0,0,0,0,0,0,0,0,0,20,0,0,0,0,0,0,0,0,0,0,0,0,0,0,0,0,0,0,256,3797,1271,0,1606,0,0,0,0,167,0,0,0,101,0,0,0,0,0,0,9250,455,83,0,5623,244,0,0,0,0,0,0,0,0,0,0,0,0,0,0,0,0,0,0,0,0,0,0,27100,721,0,0,0,0
102208090,0,0,0,0,0,0,0,0,0,20,66,52,0,27,0,190,0,0,0,85,0,44,0,3452,0,0,0,200,0,11,0,2845,0,3427,0,713,0,8,0,563,0,0,0,0,10,426,8,10,0,0,0,0,11,5,0,34,0,176,0,0,0,0,0,69,0,0,0,0,484,478,0,3692,0,0,0,0,0,0,0,0,0,0,0,0,0,0,0,267,0,0,21601,0,0,0,0,1137,0,0,0,0,0,0,0,0,0,0,0,424,1116,1116,0,190,2545,2796,0,0,0,0,0,0,0,0,0,0,0,0,0,617,0,0,0,0,0,0,0,33,0,0,134,0,0,0,0,0
102209035,0,0,0,0,0,17,68,81,0,115,0,24,0,14,0,34,0,0,0,16,2269,22,22,0,0,15,0,152,25,0,6,65,0,45,0,28,0,255,0,81,17,476,0,114,15927,0,0,23710,0,0,0,0,35,10,0,96,26,29,0,15,0,5,0,13,0,0,0,14,4459,29,0,106,0,0,0,0,0,0,0,0,0,0,0,0,0,39,0,0,0,0,0,0,3012,0,0,3044,0,0,0,0,0,0,0,84,0,45,0,0,0,0,0,85,0,0,0,9570,0,0,0,83,0,0,0,0,0,0,0,37,0,0,0,0,0,0,0,34,13733,0,8861,0,0,0,0,0
99203054,0,0,7,6,0,38,12,283,1177,5,0,20,6,11,14,649,0,0,0,5,359,7,0,83,0,0,0,0,0,0,0,17,8294,0,0,0,69,12,0,1128,3828,36,0,1108,255,0,0,1390,0,0,0,0,0,0,0,0,1315,191,0,12,0,12,0,0,0,0,0,7,0,0,0,0,0,0,0,142,0,0,0,35,0,0,0,0,0,0,0,0,0,0,0,0,0,0,0,37,0,0,0,0,0,0,0,0,1484,0,0,0,291,0,0,320,0,0,0,255,0,0,0,49,0,0,0,0,0,0,0,0,0,0,0,0,0,0,0,0,0,0,0,177,0,0,0,0
101208074,0,0,0,0,0,0,0,0,0,0,0,0,0,0,0,0,0,0,151,0,472,0,1814,0,0,0,0,0,0,0,0,28,0,0,0,0,0,0,0,0,0,0,0,64,7930,0,3935,58,0,0,0,13,0,0,0,37,0,0,0,31,0,0,0,0,0,0,0,46,153,19,22,1751,0,0,0,0,0,0,0,69,0,497,680,0,3115,36,1143,0,0,0,15091,82,0,0,1963,0,0,0,0,0,0,0,0,0,0,0,0,0,0,0,0,0,0,0,0,0,0,0,0,0,0,0,0,0,0,0,0,0,0,0,0,0,0,0,0,0,0,0,0,0,0,0,0,0
102208008,0,0,0,0,0,0,0,0,0,0,0,0,0,0,1317,0,0,0,1656,0,11,0,0,0,0,0,85,0,0,0,100,0,0,0,0,0,0,0,0,0,0,0,79,0,14,0,118,0,0,0,0,0,0,0,0,0,0,0,0,0,0,0,0,0,0,0,525,5,0,0,527,0,0,0,264,0,0,0,95,0,0,0,0,0,0,0,262,0,0,0,245,0,0,0,0,0,0,0,85,0,0,0,182,0,0,0,516,0,0,0,1600,0,0,0,118,0,0,0,0,0,0,0,0,0,0,0,0,0,0,0,0,0,0,0,0,0,0,0,129,0,0,0,0,0
102208033,0,0,0,0,0,0,26,0,0,0,0,0,0,0,0,0,0,0,0,0,13,5,51068,33,0,0,0,0,0,0,0,6,0,0,0,0,0,0,0,7,0,0,0,0,1117,0,5204,668,0,0,0,0,0,0,0,0,0,0,0,0,0,0,0,0,0,0,0,0,0,0,0,0,0,0,0,0,0,0,0,0,0,0,0,0,0,0,0,0,0,0,41119,0,0,0,10221,0,0,0,1201,0,0,0,0,0,0,0,0,0,0,0,2510,0,0,0,31657,0,0,0,0,0,0,0,0,0,0,0,0,0,0,0,0,0,0,0,0,0,0,0,0,0,0,0,8239,0
102208058,0,0,0,0,0,0,0,0,0,0,0,0,0,0,0,0,0,0,0,0,12,0,796,0,0,0,0,0,0,0,0,0,0,0,0,0,5,0,0,0,0,0,0,0,3841,0,705,8,0,0,0,0,0,0,0,0,0,0,0,0,0,0,0,0,0,0,0,0,19610,6,0,486,0,0,0,0,0,0,0,0,0,0,0,0,0,0,0,0,0,0,0,0,12430,0,2949,0,0,0,0,0,0,0,0,0,0,0,0,0,0,0,0,0,0,0,38,0,0,0,0,121,0,0,0,0,0,0,0,0,0,0,0,0,0,0,0,144,0,0,1610,0,0,0,20318,0
102208081,0,0,0,0,0,0,24,17,0,9,0,21,0,0,0,22,0,0,0,14,0,0,0,0,0,0,0,0,0,0,0,105,0,5,0,16,0,0,0,201,0,0,0,0,0,0,0,9,0,0,0,0,0,0,0,0,0,0,0,14,0,0,0,61,0,0,0,14,0,264,0,0,0,0,0,0,0,0,0,0,0,0,0,0,0,0,0,0,0,0,7619,0,0,0,0,0,0,0,0,0,0,0,0,0,0,0,0,609,0,38,0,39,431,0,0,0,0,0,0,0,0,0,0,0,0,0,0,0,0,0,0,105,0,0,0,0,508,280,0,0,0,0,0,0
102208088,0,0,0,0,0,0,0,0,0,0,0,0,0,0,0,0,0,0,0,0,30,2352,117,27,0,0,0,0,196,0,0,114,0,0,34,0,0,0,12,0,0,0,0,0,2746,599,0,67,0,0,0,0,0,0,0,0,0,0,0,0,0,0,0,0,0,0,0,0,29329,3170,301,6,0,0,0,0,433,0,0,0,21601,0,0,0,39661,0,0,0,0,0,163,0,5122,0,0,0,0,0,0,0,0,0,0,0,0,0,0,0,7991,0,0,0,198,0,751,0,0,0,0,0,0,0,0,0,0,0,0,0,0,0,0,0,0,0,0,0,2888,0,727,6785,9476,0,629,0
101208069,0,0,0,0,0,0,0,0,0,0,1602,310,0,0,3958,0,0,0,593,12,76,0,1264,0,0,0,0,0,2806,0,9917,116,0,0,0,208,0,0,0,33,12,0,0,55,4893,101,45,7,240,0,0,0,5,0,0,0,0,0,0,0,37,46,0,33,0,0,0,4485,0,321,792,0,7083,340,1026,0,3649,261,0,0,4060,707,1762,0,649,0,0,0,0,0,6844,0,0,0,0,1172,0,0,5269,0,0,0,6704,0,53,126,0,0,0,0,0,0,0,0,0,0,0,0,0,0,0,0,0,0,3206,0,1272,0,0,0,0,0,0,0,0,0,0,0,0,0,0,0,0,0
101208085,0,0,0,0,0,0,0,0,0,0,0,0,0,0,0,0,0,0,0,0,0,0,0,0,0,0,0,0,0,0,0,0,0,0,0,0,0,0,0,0,0,0,0,0,0,0,466,22,0,0,0,0,0,0,0,0,0,0,0,0,0,0,0,0,0,0,0,0,0,0,0,0,0,0,0,0,0,0,0,0,0,0,0,0,0,0,0,0,0,0,0,0,0,0,15260,0,0,0,0,0,0,0,0,0,0,0,0,0,0,0,0,0,0,0,16204,0,0,0,0,0,0,0,0,0,0,0,0,0,0,0,0,0,0,0,0,0,0,0,112,0,0,0,0,0
102104031,0,0,0,0,0,11,0,23,10,8,0,171,9,0,0,61,0,0,6185,32,0,0,138,0,0,10,0,6,7,28,0,68,8,33,5259,320,9,164,0,35,20,17,0,116,6742,16,5,7,5,0,0,10,0,0,0,51,1210,7,0,52,0,0,0,0,0,0,0,0,25,263,0,3577,21416,0,632,0,0,38,0,2342,6761,0,0,0,0,0,0,150,223,0,4347,8838,0,0,0,0,0,0,0,1519,0,0,0,31,18912,0,2654,97,4910,0,3253,178,0,0,0,0,0,0,0,0,0,0,0,0,0,0,0,7679,0,0,0,56,1872,0,0,0,0,0,1502,223,0,0,161,0
102205037,0,0,0,0,0,0,0,0,0,0,0,0,0,0,0,0,0,0,0,0,0,13,0,0,0,0,0,0,0,0,0,0,0,0,0,0,0,98,0,46,0,19,3176,0,9775,20,5658,20,0,0,0,0,0,0,0,0,0,0,0,0,20,0,0,0,11,65,0,19,3093,796,0,174,0,0,0,0,0,0,0,0,0,0,0,0,0,0,0,0,0,0,10742,0,5445,0,759,0,0,0,0,0,0,0,0,0,0,0,0,0,0,0,0,0,230,0,0,0,0,0,0,0,0,0,0,0,0,0,0,0,0,0,0,0,0,0,0,0,0,0,0,0,0,0,0,0
102208075,0,0,0,0,0,0,0,0,0,0,0,0,0,602,0,35,0,0,0,30,0,0,9344,7,0,0,0,41,0,0,0,15,0,0,0,15,0,0,0,0,0,0,0,0,7538,0,3500,285,0,0,0,0,0,0,0,0,0,0,0,12,0,0,0,5,0,0,0,0,8663,0,0,0,0,0,0,0,0,0,0,0,0,0,0,31,0,0,0,0,4533,0,20522,0,1875,0,6618,0,0,0,0,0,0,0,0,107,0,0,0,0,0,0,0,0,6670,0,14423,0,0,0,0,0,0,0,0,0,0,0,0,0,0,0,0,0,0,0,0,0,0,0,0,0,797,0,13015,0
101208030,0,0,0,0,0,207,0,62,0,37,0,21,0,0,0,0,0,12,0,7,0,0,0,0,0,26,0,39,0,0,0,0,0,0,0,0,0,101,0,5,0,0,0,0,0,0,0,0,0,13,0,38,0,59,0,62,0,26,0,14,0,12,0,20,0,0,0,5,0,0,0,0,0,0,0,0,0,180,0,129,0,0,0,0,0,0,0,0,0,0,0,0,0,0,0,0,47,47,0,50,0,0,0,0,0,0,0,0,0,0,0,0,0,0,0,0,0,46,0,198,0,0,0,0,0,0,0,0,0,0,0,54,0,0,0,0,0,0,0,0,0,0,0,0
101208066,0,0,0,0,0,0,0,0,0,0,0,0,0,0,0,275,0,0,0,371,0,0,0,0,0,0,0,0,0,0,0,0,0,0,0,171,0,0,0,19,0,0,0,181,0,0,0,0,0,0,0,66,0,0,0,66,0,0,0,22,0,0,0,65,0,0,0,5828,0,0,0,14,0,0,0,0,0,0,0,2542,0,0,0,0,0,0,0,0,0,0,0,0,0,0,0,0,0,0,0,0,0,0,0,0,0,0,0,0,1123,41,0,64,0,0,0,0,0,0,0,33,0,0,0,0,0,0,0,0,0,0,0,0,0,0,0,57,0,0,0,0,0,0,0,0
102205089,0,0,0,0,0,0,0,0,0,0,0,0,0,0,0,0,0,0,0,0,0,0,0,0,0,0,0,0,0,0,0,0,0,0,0,0,0,0,0,0,0,0,0,0,21,108,0,96,0,25,0,0,0,10,0,21,0,0,0,9,0,0,0,0,0,0,0,0,0,0,0,437,0,0,0,0,0,0,0,0,0,0,0,0,0,0,0,0,0,0,0,32,0,0,0,0,0,0,0,0,0,0,0,41,0,0,0,0,0,0,0,0,0,0,0,0,0,0,0,0,0,0,0,0,170,0,0,0,0,0,0,0,0,0,0,0,0,0,0,0,0,0,0,0
101208087,0,0,0,0,0,0,0,0,0,0,0,0,0,0,0,0,0,0,0,0,0,0,0,0,0,0,0,0,0,0,0,0,0,0,0,0,0,0,0,0,0,0,0,0,12675,0,41,0,0,0,0,0,0,0,0,0,0,0,0,0,0,0,0,0,0,0,0,0,0,0,0,0,0,0,0,0,0,0,0,0,0,0,0,0,0,0,0,0,0,0,0,0,0,0,0,0,0,0,0,0,0,0,0,0,0,0,0,0,0,0,0,0,0,0,0,0,0,0,0,0,0,0,0,0,0,0,0,0,0,0,0,0,0,0,0,0,919,0,3269,0,143,0,267,0
