id,week1,week2,week3,week4,week5,week6,week7,week8,week9,week10,week11,week12,week13,week14,week15,week16,week17,week18,week19,week20,week21,week22,week23,week24,week25,week26,week27,week28,week29,week30,week31,week32,week33,week34,week35,week36
101208087,0.4633,0.4633,0.4633,0.4633,0.4633,0.4633,0.4633,0.4633,0.4633,0.4633,0.4633,0.61,0.4633,0.4633,0.4633,0.4633,0.4633,0.4633,0.4633,0.4633,0.4633,0.4633,0.4633,0.4633,0.4633,0.4633,0.4633,0.4633,0.4633,0.4633,0.4633,0.4633,0.4633,0.4633,0.44,0.46399999999999997
102205089,0.4633,0.4633,0.4633,0.4633,0.4633,0.4633,0.4633,0.4633,0.4633,0.4633,0.4633,0.4634,0.4633,0.4633,0.4633,0.4633,0.4633,0.462,0.4633,0.4633,0.4633,0.4633,0.4634,0.4633,0.4633,0.4634,0.4633,0.4633,0.4633,0.4633,0.4633,0.4635,0.4633,0.4633,0.4633,0.4633
101208066,0.4633,0.4633,0.4633,0.462,0.462,0.4633,0.4633,0.4633,0.4632,0.4633,0.4632,0.4633,0.4634,0.4634,0.4633,0.4634,0.424,0.4633,0.4633,0.426,0.4633,0.4633,0.4633,0.4633,0.4633,0.4633,0.4633,0.41,0.4633,0.4634,0.4633,0.4633,0.4633,0.4634,0.4633,0.4633
101208030,0.4633,0.4631,0.4633,0.4633,0.4633,0.4633,0.4634,0.4633,0.4633,0.4633,0.4633,0.4633,0.4634,0.4634,0.4633,0.4633,0.4633,0.4633,0.4633,0.4631,0.4633,0.4633,0.4633,0.4633,0.4634,0.4633,0.4633,0.4633,0.4633,0.4632,0.4633,0.4633,0.4634,0.4633,0.4633,0.4633
102208075,0.4633,0.4633,0.4633,0.4631,0.4633,0.24,0.4634,0.4633,0.4633,0.4633,0.4633,0.56,0.4633,0.4633,0.4633,0.4633,0.4633,0.55,0.4633,0.4633,0.4634,0.4633,0.31,0.21,0.4633,0.4634,0.4633,0.4633,0.23,0.4633,0.4633,0.4633,0.4633,0.4633,0.4633,0.25
102205037,0.4633,0.4633,0.4633,0.4633,0.4633,0.4633,0.4633,0.4633,0.4633,0.4634,0.44,0.56,0.4633,0.4633,0.4633,0.4633,0.4634,0.51,0.4633,0.4633,0.4633,0.4633,0.25,0.51,0.4633,0.4633,0.4633,0.4633,0.4635,0.4633,0.4633,0.4633,0.4633,0.4633,0.4633,0.4633
102104031,0.4633,0.4633,0.4632,0.4634,0.21,0.4636,0.4633,0.4634,0.21,0.4631,0.4632,0.55,0.4633,0.4634,0.41,0.4633,0.4633,0.425,0.65,0.426,0.55,0.4632,0.11,0.4633,0.461,0.4634,0.64,0.54,0.4633,0.4633,0.4633,0.11,0.4634,0.41,0.45,0.4636
101208085,0.4633,0.4633,0.4633,0.4633,0.4633,0.4633,0.4633,0.4633,0.4633,0.4633,0.4633,0.46399999999999997,0.4633,0.4633,0.4633,0.4633,0.4633,0.4633,0.4633,0.4633,0.4633,0.4633,0.4633,0.26,0.4633,0.4633,0.4633,0.4633,0.26,0.4633,0.4633,0.4633,0.4633,0.4633,0.4636,0.4633
101208069,0.4633,0.4633,0.45,0.44,0.46399999999999997,0.45,0.4633,0.24,0.4632,0.4634,0.4634,0.51,0.4635,0.4633,0.4633,0.4634,0.425,0.45,0.55,0.51,0.51,0.466,0.21,0.461,0.21,0.21,0.4631,0.4633,0.4633,0.4633,0.4633,0.51,0.4633,0.4633,0.4633,0.4633
102208088,0.4633,0.4633,0.4633,0.4633,0.4633,0.465,0.4633,0.4635,0.4633,0.4633,0.4633,0.41,0.4633,0.4633,0.4633,0.4633,0.4633,0.65,0.4633,0.466,0.65,0.66,0.4636,0.51,0.4633,0.4633,0.4633,0.55,0.46399999999999997,0.4633,0.4633,0.4633,0.4633,0.4633,0.11,0.55
102208081,0.4633,0.4633,0.4633,0.4633,0.4633,0.4633,0.4633,0.4634,0.4633,0.4632,0.4633,0.4633,0.4633,0.4633,0.4633,0.4634,0.4633,0.4631,0.4633,0.4633,0.4633,0.4633,0.24,0.4633,0.4633,0.4633,0.462,0.4634,0.466,0.4633,0.4633,0.4633,0.4634,0.4633,0.466,0.4633
102208058,0.4633,0.4633,0.4633,0.4633,0.4633,0.45,0.4633,0.4633,0.4633,0.4633,0.4633,0.51,0.4633,0.4633,0.4633,0.4633,0.4633,0.64,0.4633,0.4633,0.4633,0.4633,0.4633,0.61,0.4633,0.4633,0.4633,0.4633,0.4633,0.4632,0.4633,0.4633,0.4633,0.4632,0.45,0.31
102208033,0.4633,0.4633,0.4633,0.4633,0.4633,0.34,0.4633,0.4633,0.4633,0.4633,0.4633,0.21,0.4633,0.4633,0.4633,0.4633,0.4633,0.4633,0.4633,0.4633,0.4633,0.4633,0.34,0.25,0.45,0.4633,0.4633,0.45,0.33,0.4633,0.4633,0.4633,0.4633,0.4633,0.4633,0.24
102208008,0.4633,0.4633,0.4633,0.45,0.45,0.4633,0.4636,0.4636,0.4633,0.4633,0.4636,0.4636,0.4633,0.4633,0.4633,0.4633,0.46399999999999997,0.46399999999999997,0.46399999999999997,0.4636,0.4633,0.46399999999999997,0.4636,0.4633,0.4636,0.4636,0.46399999999999997,0.45,0.4636,0.4633,0.4633,0.4633,0.4633,0.4633,0.4636,0.4633
101208074,0.4633,0.4633,0.4633,0.4633,0.4636,0.45,0.4633,0.4633,0.4633,0.4633,0.4634,0.56,0.4633,0.4634,0.4634,0.4633,0.4634,0.461,0.4633,0.4634,0.46399999999999997,0.51,0.26,0.45,0.4633,0.4633,0.4633,0.4633,0.4633,0.4633,0.4633,0.4633,0.4633,0.4633,0.4633,0.4633
99203054,0.4633,0.462,0.41,0.462,0.4633,0.466,0.4633,0.4633,0.55,0.461,0.51,0.461,0.4633,0.4633,0.41,0.4633,0.4633,0.4633,0.4632,0.4634,0.4633,0.4633,0.4633,0.4634,0.4633,0.4633,0.41,0.462,0.462,0.4634,0.4633,0.4633,0.4633,0.4633,0.4632,0.4633
102209035,0.4633,0.4634,0.4634,0.4634,0.4633,0.41,0.4632,0.4634,0.4634,0.4631,0.4631,0.14,0.4633,0.4634,0.4633,0.4633,0.4633,0.51,0.4633,0.4633,0.4633,0.4633,0.4633,0.52,0.4633,0.4634,0.4633,0.4634,0.11,0.4634,0.4633,0.4634,0.4633,0.4634,0.62,0.4633
102208090,0.4633,0.4633,0.4634,0.4632,0.4634,0.425,0.4632,0.426,0.43,0.462,0.4633,0.4631,0.4633,0.4634,0.4631,0.4634,0.4633,0.425,0.4633,0.4633,0.4633,0.462,0.31,0.461,0.4633,0.4633,0.462,0.41,0.41,0.4633,0.4633,0.462,0.4633,0.4634,0.4636,0.4633
102208089,0.4633,0.4633,0.4634,0.4634,0.4632,0.26,0.4633,0.4633,0.462,0.4633,0.4632,0.466,0.4633,0.4633,0.424,0.4633,0.4633,0.4633,0.4633,0.4633,0.4633,0.4633,0.425,0.45,0.4632,0.4634,0.4633,0.24,0.21,0.4633,0.4633,0.4633,0.4633,0.4633,0.32,0.4633
102208086,0.4633,0.4633,0.4633,0.4633,0.461,0.462,0.4633,0.462,0.4634,0.462,0.461,0.4634,0.462,0.462,0.462,0.4633,0.4633,0.461,0.4633,0.4633,0.4633,0.462,0.4632,0.4633,0.4633,0.4633,0.4633,0.4633,0.4633,0.4633,0.4633,0.4633,0.4633,0.4633,0.4633,0.4633
102208085,0.4633,0.4633,0.4633,0.45,0.46399999999999997,0.425,0.4633,0.4633,0.466,0.4633,0.4633,0.466,0.4633,0.4633,0.4633,0.4633,0.4633,0.4633,0.4633,0.4633,0.4633,0.4633,0.51,0.4633,0.4633,0.4633,0.51,0.26,0.44,0.4633,0.4633,0.4633,0.4633,0.4633,0.4633,0.4633
102208084,0.4633,0.4633,0.426,0.4633,0.4633,0.462,0.4633,0.4633,0.4633,0.4633,0.24,0.462,0.4633,0.4633,0.4633,0.425,0.4633,0.423,0.4633,0.4633,0.426,0.4633,0.4633,0.462,0.4633,0.462,0.4633,0.31,0.466,0.4633,0.4633,0.4633,0.4633,0.4633,0.44,0.26
102208083,0.4633,0.4631,0.4634,0.4636,0.4633,0.25,0.4634,0.4633,0.41,0.4631,0.4634,0.51,0.461,0.4634,0.4633,0.4633,0.4634,0.51,0.4633,0.41,0.4633,0.63,0.44,0.45,0.4635,0.31,0.45,0.4633,0.41,0.4633,0.4633,0.31,0.4633,0.4632,0.24,0.4633
102208082,0.4633,0.4633,0.4633,0.46399999999999997,0.462,0.44,0.4633,0.4634,0.4633,0.4633,0.46399999999999997,0.41,0.4634,0.4633,0.4633,0.4633,0.4633,0.466,0.4633,0.4633,0.4636,0.4634,0.46399999999999997,0.4633,0.4633,0.4633,0.4633,0.466,0.4633,0.4633,0.4633,0.4634,0.41,0.4633,0.46399999999999997,0.4633
102208078,0.4633,0.4634,0.4634,0.4633,0.4632,0.25,0.4634,0.4634,0.4633,0.4633,0.462,0.4634,0.425,0.4634,0.462,0.4633,0.4634,0.61,0.4633,0.4634,0.4633,0.4633,0.55,0.55,0.4633,0.4633,0.45,0.4636,0.4633,0.4633,0.4633,0.4633,0.4633,0.4633,0.426,0.466
102208074,0.4633,0.4633,0.4633,0.4632,0.4633,0.4634,0.4633,0.4633,0.4634,0.4633,0.45,0.23,0.4633,0.4633,0.4633,0.4634,0.4633,0.64,0.4633,0.45,0.21,0.44,0.61,0.4635,0.4633,0.4633,0.4633,0.31,0.4633,0.4633,0.41,0.4633,0.4633,0.4633,0.56,0.4633
102208073,0.4633,0.4633,0.24,0.21,0.4633,0.466,0.24,0.4633,0.466,0.4633,0.4633,0.55,0.4633,0.4633,0.4633,0.4633,0.4633,0.4632,0.4633,0.4633,0.4633,0.4633,0.4636,0.4633,0.46399999999999997,0.4636,0.4634,0.44,0.4633,0.46399999999999997,0.4633,0.4633,0.4633,0.4633,0.4633,0.4633
102208068,0.4633,0.4633,0.461,0.4634,0.4633,0.25,0.4634,0.4633,0.4634,0.4633,0.4633,0.41,0.4633,0.4633,0.4634,0.4633,0.462,0.466,0.4633,0.4633,0.4633,0.4633,0.21,0.4633,0.4633,0.4633,0.4633,0.33,0.4633,0.4633,0.4633,0.4633,0.4633,0.4633,0.56,0.4633
102208066,0.4633,0.461,0.4634,0.4634,0.462,0.424,0.4631,0.4634,0.4632,0.4633,0.46399999999999997,0.461,0.4633,0.4632,0.41,0.4633,0.4632,0.65,0.4631,0.4633,0.4634,0.4633,0.44,0.4633,0.51,0.4633,0.4633,0.23,0.4633,0.4633,0.4633,0.4635,0.4634,0.4633,0.44,0.4633
102208065,0.4633,0.4633,0.4634,0.462,0.4633,0.4634,0.4633,0.4632,0.4633,0.4633,0.4634,0.4633,0.4633,0.4634,0.461,0.4633,0.4633,0.4633,0.4633,0.4633,0.4634,0.4634,0.4634,0.4633,0.4633,0.4633,0.4633,0.4633,0.4633,0.4633,0.4633,0.4633,0.4633,0.4633,0.4633,0.461
102208064,0.4633,0.4633,0.4633,0.4633,0.4633,0.44,0.4633,0.4633,0.4633,0.4633,0.4633,0.53,0.4633,0.4633,0.4633,0.4633,0.4633,0.4633,0.4633,0.4633,0.4633,0.4633,0.4633,0.62,0.4633,0.45,0.4633,0.4633,0.33,0.4633,0.4633,0.4633,0.4633,0.4633,0.4633,0.4633
102208063,0.4633,0.4633,0.4634,0.461,0.462,0.45,0.4633,0.462,0.4633,0.4633,0.31,0.51,0.4633,0.11,0.4634,0.14,0.4633,0.11,0.4633,0.41,0.4633,0.31,0.56,0.51,0.4633,0.4633,0.4633,0.4633,0.43,0.4633,0.4633,0.4633,0.4633,0.4633,0.4636,0.46399999999999997
102208062,0.4633,0.4633,0.4631,0.4633,0.4633,0.45,0.4633,0.4633,0.4633,0.425,0.4632,0.54,0.4633,0.4633,0.4633,0.4633,0.4632,0.4633,0.4634,0.462,0.4633,0.24,0.51,0.4633,0.4633,0.4633,0.4633,0.61,0.4633,0.4633,0.4633,0.4633,0.4633,0.4633,0.45,0.4633
102208061,0.4633,0.4632,0.4633,0.4633,0.4633,0.11,0.461,0.4633,0.4633,0.4633,0.4633,0.4633,0.4634,0.4633,0.4633,0.4633,0.4633,0.4633,0.4633,0.4632,0.4633,0.4633,0.4633,0.4631,0.4633,0.4633,0.4633,0.426,0.4633,0.4633,0.4633,0.4633,0.4633,0.4633,0.4633,0.4634
102208060,0.4633,0.4633,0.4633,0.4633,0.43,0.24,0.4633,0.4633,0.4633,0.4633,0.4633,0.462,0.4633,0.4633,0.4633,0.4633,0.4633,0.4634,0.4633,0.4633,0.4633,0.4632,0.4633,0.51,0.4633,0.4633,0.4633,0.4633,0.55,0.4633,0.4633,0.4633,0.4633,0.4633,0.4633,0.41
102208059,0.4633,0.465,0.4631,0.4633,0.4634,0.423,0.465,0.41,0.41,0.4634,0.45,0.64,0.41,0.4634,0.4633,0.4633,0.465,0.4633,0.4633,0.46399999999999997,0.4633,0.4633,0.25,0.45,0.4633,0.4633,0.4633,0.41,0.4633,0.4633,0.4633,0.4635,0.21,0.4634,0.41,0.4634
102208057,0.4633,0.4634,0.4633,0.4633,0.26,0.25,0.4633,0.4633,0.4633,0.4633,0.4633,0.51,0.4633,0.4633,0.4633,0.4634,0.4633,0.4635,0.4633,0.4635,0.4633,0.4633,0.26,0.64,0.4633,0.4633,0.4633,0.466,0.41,0.4633,0.4633,0.466,0.4633,0.4633,0.31,0.4633
102208056,0.4633,0.4633,0.43,0.4633,0.11,0.424,0.4633,0.462,0.4633,0.4633,0.4634,0.55,0.4634,0.4634,0.4633,0.4633,0.4633,0.26,0.4633,0.4633,0.4633,0.4634,0.54,0.4633,0.4633,0.4633,0.44,0.24,0.4633,0.4633,0.4633,0.4633,0.4633,0.21,0.24,0.51
102208055,0.4633,0.4633,0.4633,0.43,0.4634,0.24,0.45,0.4633,0.4636,0.4633,0.45,0.45,0.4633,0.4633,0.4633,0.4633,0.4633,0.45,0.4633,0.41,0.4633,0.46399999999999997,0.4636,0.45,0.4633,0.4633,0.4633,0.41,0.31,0.4633,0.4633,0.4633,0.4633,0.4633,0.466,0.4633
102208054,0.4633,0.4633,0.461,0.426,0.46399999999999997,0.461,0.4633,0.4633,0.4633,0.4633,0.4634,0.24,0.4634,0.4632,0.4633,0.4633,0.4633,0.61,0.4633,0.4633,0.44,0.44,0.4633,0.44,0.4633,0.4633,0.4633,0.24,0.4633,0.4633,0.4633,0.4633,0.4634,0.41,0.21,0.4633
102208053,0.4633,0.4633,0.4633,0.4633,0.4633,0.26,0.4633,0.4633,0.4633,0.461,0.4633,0.4632,0.4633,0.4633,0.4633,0.4633,0.4633,0.4633,0.4633,0.4633,0.4633,0.4633,0.25,0.51,0.4633,0.4632,0.4633,0.4633,0.51,0.4633,0.4633,0.4633,0.4633,0.466,0.4633,0.4633
102208052,0.4633,0.4634,0.4634,0.462,0.4633,0.11,0.4634,0.4634,0.4634,0.4633,0.21,0.61,0.4634,0.4633,0.465,0.4633,0.4634,0.41,0.24,0.4633,0.25,0.4633,0.24,0.4633,0.4633,0.4633,0.4634,0.32,0.4633,0.4633,0.4633,0.4634,0.4636,0.4633,0.22,0.4633
102208046,0.4633,0.4633,0.4634,0.4633,0.41,0.32,0.4633,0.4633,0.21,0.4633,0.51,0.4633,0.4633,0.4634,0.4633,0.4634,0.4632,0.61,0.4633,0.462,0.4633,0.462,0.32,0.4633,0.4633,0.4633,0.4633,0.31,0.21,0.4632,0.4632,0.4632,0.4632,0.4636,0.31,0.51
102208045,0.4633,0.4636,0.4634,0.4633,0.4633,0.46399999999999997,0.4634,0.4633,0.55,0.4633,0.4633,0.51,0.4633,0.4634,0.4633,0.4634,0.4634,0.51,0.4633,0.45,0.4633,0.51,0.4633,0.4633,0.4633,0.44,0.4633,0.51,0.4634,0.4633,0.4633,0.4633,0.4633,0.4633,0.44,0.45
102208043,0.4633,0.4633,0.4634,0.4635,0.4633,0.4633,0.4633,0.4633,0.4633,0.4634,0.4633,0.4633,0.4633,0.4633,0.51,0.4633,0.4633,0.51,0.4633,0.41,0.4634,0.4633,0.55,0.4633,0.4633,0.4633,0.4634,0.4633,0.4633,0.4636,0.4633,0.4633,0.4633,0.4633,0.4633,0.4633
102208042,0.4633,0.462,0.426,0.4633,0.42100000000000004,0.4633,0.4633,0.4633,0.4633,0.4633,0.4633,0.4632,0.4634,0.4633,0.4633,0.4633,0.4634,0.43,0.4633,0.4633,0.4633,0.4633,0.45,0.4633,0.4633,0.4633,0.4633,0.44,0.4633,0.24,0.4633,0.4633,0.45,0.4633,0.44,0.4636
102208041,0.4633,0.4633,0.13,0.43,0.42100000000000004,0.44,0.4633,0.4634,0.46399999999999997,0.4633,0.43,0.42100000000000004,0.4634,0.4634,0.461,0.14,0.46399999999999997,0.53,0.4633,0.4633,0.4633,0.4633,0.26,0.41,0.4633,0.4634,0.4634,0.25,0.45,0.4633,0.4633,0.4633,0.4634,0.4633,0.32,0.45
102208038,0.4633,0.4633,0.4633,0.4633,0.4632,0.425,0.4633,0.4633,0.4633,0.4633,0.21,0.461,0.4633,0.4633,0.4633,0.4633,0.4633,0.4635,0.4633,0.4633,0.4633,0.4633,0.4633,0.26,0.4633,0.4633,0.426,0.44,0.46399999999999997,0.4633,0.4633,0.4633,0.4633,0.4633,0.4633,0.21
102208034,0.4633,0.4634,0.4633,0.4633,0.4633,0.4633,0.4633,0.4633,0.4633,0.4633,0.4633,0.64,0.4633,0.4633,0.4633,0.4633,0.4633,0.41,0.4633,0.4634,0.4633,0.4633,0.41,0.4633,0.4633,0.4633,0.4633,0.41,0.4633,0.4633,0.4633,0.4633,0.4634,0.4633,0.51,0.466
102208032,0.4633,0.4634,0.4633,0.4633,0.4633,0.24,0.4633,0.4633,0.4633,0.4633,0.4633,0.26,0.4633,0.4633,0.4633,0.4633,0.4633,0.26,0.4633,0.4633,0.4633,0.4633,0.4636,0.45,0.4633,0.4633,0.4633,0.4632,0.24,0.4633,0.4633,0.4633,0.4633,0.4633,0.4634,0.4634
102208030,0.4633,0.4634,0.4633,0.4634,0.44,0.25,0.424,0.15,0.44,0.4633,0.65,0.4633,0.4634,0.4632,0.41,0.4633,0.465,0.4633,0.4633,0.44,0.41,0.31,0.425,0.4633,0.4633,0.4633,0.4633,0.56,0.466,0.4633,0.4634,0.4633,0.21,0.41,0.32,0.4633
102208029,0.4633,0.4633,0.44,0.462,0.44,0.425,0.4633,0.4633,0.4633,0.4634,0.61,0.55,0.4634,0.4633,0.4633,0.4633,0.4633,0.4633,0.4633,0.462,0.4633,0.4633,0.41,0.4633,0.4632,0.4633,0.4633,0.4633,0.4633,0.4633,0.4633,0.4634,0.4633,0.4633,0.4634,0.4633
102208024,0.4633,0.4633,0.424,0.4634,0.4636,0.45,0.4633,0.4633,0.46399999999999997,0.4633,0.4633,0.41,0.4633,0.4633,0.4633,0.4633,0.4633,0.41,0.4633,0.4633,0.4633,0.4633,0.4634,0.41,0.4633,0.4633,0.466,0.4633,0.45,0.4633,0.4633,0.4633,0.25,0.4633,0.45,0.4636
102208023,0.4633,0.4634,0.4633,0.462,0.426,0.45,0.4633,0.4634,0.41,0.4633,0.4635,0.46399999999999997,0.4633,0.4633,0.4633,0.4633,0.4633,0.4635,0.4633,0.4633,0.4633,0.4633,0.45,0.44,0.4633,0.4633,0.51,0.33,0.64,0.4633,0.4633,0.4633,0.4633,0.4633,0.4633,0.45
102208022,0.4633,0.4634,0.46399999999999997,0.4632,0.4633,0.21,0.4634,0.4631,0.4634,0.4633,0.46399999999999997,0.64,0.4634,0.4634,0.4634,0.4633,0.4633,0.55,0.4632,0.4634,0.4633,0.55,0.31,0.24,0.4633,0.4633,0.41,0.32,0.4633,0.4634,0.4633,0.4633,0.4633,0.4633,0.34,0.4633
102208021,0.4633,0.4634,0.4633,0.4633,0.4633,0.4633,0.4633,0.4633,0.4633,0.12,0.4635,0.4633,0.4634,0.4633,0.4634,0.4633,0.4633,0.466,0.4633,0.4633,0.4633,0.4633,0.41,0.41,0.4633,0.4633,0.4633,0.14,0.45,0.4633,0.4633,0.4633,0.4634,0.4633,0.45,0.16
102208018,0.4633,0.4633,0.4633,0.4633,0.4634,0.4633,0.4633,0.4634,0.4633,0.4633,0.4633,0.4636,0.4634,0.4633,0.4634,0.4633,0.4633,0.4634,0.4633,0.4634,0.4633,0.4633,0.4633,0.466,0.4633,0.4633,0.4633,0.4633,0.44,0.4633,0.4633,0.4634,0.4633,0.4633,0.4634,0.4633
102208017,0.4633,0.4631,0.4633,0.4633,0.4633,0.4633,0.4633,0.4634,0.4633,0.4631,0.4631,0.55,0.4631,0.4633,0.4633,0.4633,0.4633,0.61,0.4633,0.4633,0.4632,0.4633,0.4634,0.21,0.4633,0.426,0.462,0.4634,0.4633,0.4633,0.4633,0.4633,0.4633,0.4633,0.24,0.4633
102208014,0.4633,0.4633,0.4634,0.31,0.44,0.4636,0.4633,0.4632,0.4633,0.4632,0.4634,0.14,0.4633,0.4635,0.4633,0.4633,0.4633,0.41,0.4633,0.4634,0.4634,0.4633,0.4634,0.11,0.4633,0.465,0.462,0.11,0.51,0.4633,0.4633,0.51,0.4632,0.4633,0.51,0.55
102208010,0.4633,0.4634,0.4633,0.24,0.45,0.44,0.4636,0.4634,0.4633,0.43,0.4633,0.55,0.4634,0.41,0.4633,0.4633,0.4634,0.64,0.25,0.44,0.4632,0.4633,0.41,0.43,0.4631,0.4634,0.4633,0.24,0.41,0.4633,0.4633,0.4634,0.4634,0.4633,0.4633,0.4633
102208007,0.4633,0.4633,0.4632,0.4633,0.4633,0.45,0.4633,0.461,0.4634,0.426,0.4632,0.61,0.4633,0.4634,0.4633,0.4633,0.4633,0.51,0.4633,0.4633,0.4633,0.4633,0.4632,0.54,0.4633,0.4633,0.4633,0.24,0.53,0.4633,0.4633,0.4633,0.4634,0.4633,0.4632,0.14
102208006,0.4633,0.4633,0.4633,0.4634,0.4633,0.41,0.4633,0.4633,0.4634,0.4633,0.65,0.4633,0.4633,0.4634,0.4633,0.4633,0.4634,0.61,0.4633,0.4633,0.4633,0.61,0.45,0.4633,0.4633,0.4633,0.4633,0.4636,0.4633,0.4631,0.4633,0.26,0.4633,0.4633,0.4633,0.45
102208005,0.4633,0.4633,0.4634,0.4633,0.4633,0.4633,0.4633,0.4633,0.4633,0.4633,0.4633,0.4633,0.4633,0.4633,0.4633,0.4633,0.4633,0.4633,0.4633,0.4633,0.4633,0.4633,0.4633,0.4633,0.4633,0.4633,0.4633,0.4633,0.31,0.4633,0.4633,0.4633,0.4633,0.4633,0.4633,0.4633
102208004,0.4633,0.4636,0.426,0.4633,0.46399999999999997,0.25,0.4633,0.426,0.4634,0.4633,0.465,0.462,0.4633,0.465,0.462,0.4633,0.462,0.465,0.4633,0.462,0.21,0.4633,0.54,0.44,0.4633,0.4633,0.45,0.21,0.4634,0.4633,0.4633,0.4633,0.4632,0.4633,0.44,0.45
102208002,0.4633,0.4633,0.4633,0.4633,0.4634,0.426,0.4633,0.4633,0.4632,0.4633,0.4634,0.4633,0.4633,0.4634,0.4633,0.4633,0.4633,0.4631,0.4633,0.4633,0.4633,0.4633,0.25,0.4633,0.4633,0.4633,0.4631,0.462,0.45,0.4633,0.4633,0.462,0.462,0.4633,0.426,0.4633
102208001,0.46399999999999997,0.4634,0.4632,0.462,0.426,0.24,0.4633,0.46399999999999997,0.4633,0.4633,0.4633,0.4633,0.4633,0.4633,0.4633,0.4633,0.4633,0.4633,0.4633,0.4633,0.4633,0.4633,0.45,0.45,0.4633,0.4633,0.51,0.45,0.4633,0.4633,0.424,0.4633,0.4633,0.4633,0.45,0.4633
102205095,0.4633,0.4634,0.4632,0.4633,0.4634,0.4633,0.4634,0.4634,0.4633,0.4634,0.4634,0.4633,0.4634,0.4632,0.4634,0.4633,0.4633,0.4633,0.4632,0.4632,0.4633,0.4632,0.4632,0.4633,0.462,0.4633,0.4634,0.4632,0.4633,0.4633,0.4633,0.4634,0.4634,0.4633,0.4634,0.4633
102205092,0.4633,0.4633,0.4632,0.4632,0.425,0.426,0.4633,0.4634,0.4633,0.4633,0.4633,0.461,0.4634,0.4633,0.4632,0.4633,0.4633,0.44,0.4633,0.4631,0.4633,0.4633,0.32,0.46399999999999997,0.4634,0.462,0.4633,0.26,0.4633,0.4633,0.4633,0.4633,0.4633,0.4633,0.22,0.4633
102205081,0.4633,0.4633,0.462,0.4633,0.4633,0.4633,0.4633,0.4633,0.4633,0.4633,0.4633,0.61,0.4633,0.4633,0.4633,0.4633,0.4633,0.41,0.51,0.45,0.54,0.4633,0.4633,0.51,0.4633,0.4633,0.4633,0.4633,0.4633,0.4633,0.4633,0.4633,0.4633,0.4633,0.4633,0.46399999999999997
102205051,0.4633,0.4633,0.462,0.4633,0.4634,0.4634,0.4633,0.4634,0.4633,0.4633,0.46399999999999997,0.41,0.4633,0.4633,0.4633,0.4633,0.55,0.51,0.4633,0.41,0.4633,0.4633,0.21,0.45,0.4633,0.462,0.4633,0.45,0.51,0.4633,0.4633,0.462,0.426,0.4633,0.44,0.4633
102205033,0.4633,0.4633,0.4633,0.4634,0.4633,0.4633,0.4633,0.4633,0.4633,0.4633,0.4633,0.55,0.4633,0.4634,0.4633,0.4633,0.4633,0.41,0.4633,0.4633,0.25,0.4636,0.4633,0.4633,0.4633,0.4633,0.4633,0.4633,0.51,0.4633,0.4633,0.4633,0.4633,0.4632,0.4633,0.4633
102205030,0.4633,0.4634,0.4634,0.4633,0.426,0.12,0.4633,0.4634,0.4634,0.4632,0.4634,0.4636,0.4633,0.4633,0.4633,0.4633,0.4632,0.424,0.4633,0.54,0.4633,0.4633,0.4633,0.4633,0.4633,0.4633,0.4633,0.4633,0.4633,0.4633,0.4633,0.4633,0.4633,0.4633,0.4633,0.4633
102205024,0.4633,0.4634,0.4634,0.4634,0.4633,0.4632,0.4633,0.4634,0.462,0.4634,0.4634,0.4633,0.4634,0.4632,0.4633,0.4633,0.4633,0.4633,0.4634,0.4633,0.4633,0.14,0.4633,0.41,0.4634,0.4635,0.4633,0.4633,0.462,0.4634,0.4633,0.4633,0.4634,0.4634,0.4633,0.4633
102205022,0.4633,0.4636,0.43,0.4634,0.4633,0.31,0.4633,0.465,0.4633,0.4633,0.4634,0.466,0.4633,0.4633,0.4633,0.4633,0.4633,0.41,0.4636,0.4633,0.4633,0.45,0.4633,0.4633,0.4633,0.4633,0.4633,0.4633,0.46399999999999997,0.4633,0.4633,0.4633,0.4633,0.4633,0.4633,0.4633
102205020,0.4633,0.4633,0.462,0.424,0.4633,0.26,0.4633,0.4634,0.4633,0.4633,0.4633,0.425,0.4633,0.4633,0.4633,0.4633,0.4633,0.55,0.4633,0.46399999999999997,0.4633,0.4633,0.4633,0.51,0.4633,0.4633,0.4633,0.4632,0.51,0.4633,0.4633,0.4633,0.4633,0.4633,0.24,0.4633
102205017,0.4633,0.4634,0.462,0.4632,0.462,0.4634,0.4631,0.4633,0.4633,0.462,0.4633,0.4634,0.4631,0.4634,0.4633,0.462,0.4633,0.4633,0.465,0.4631,0.4633,0.4634,0.4633,0.4633,0.4633,0.4633,0.462,0.4633,0.462,0.4633,0.4633,0.4634,0.4633,0.4633,0.4633,0.4633
102103012,0.4633,0.4631,0.4634,0.4634,0.26,0.42200000000000004,0.4633,0.51,0.55,0.4632,0.4633,0.41,0.4634,0.4634,0.4633,0.4633,0.4633,0.51,0.4634,0.4633,0.4633,0.4633,0.4633,0.4633,0.4633,0.4632,0.45,0.4633,0.4633,0.4633,0.4633,0.4633,0.4632,0.4633,0.4633,0.4633
101502012,0.4633,0.4632,0.4634,0.4634,0.46399999999999997,0.45,0.4634,0.4633,0.4634,0.4632,0.4634,0.462,0.4633,0.4633,0.4634,0.4634,0.4633,0.462,0.4633,0.4633,0.4633,0.4634,0.4634,0.51,0.4634,0.4633,0.4634,0.4634,0.44,0.4633,0.4633,0.4633,0.462,0.4633,0.4634,0.25
101401042,0.4633,0.4633,0.4634,0.4633,0.4633,0.44,0.4632,0.4633,0.4633,0.4633,0.4633,0.21,0.4633,0.4633,0.4633,0.4633,0.4634,0.4633,0.4633,0.4633,0.4633,0.4633,0.21,0.4633,0.4633,0.4633,0.4633,0.4632,0.24,0.4633,0.4633,0.4633,0.4633,0.4633,0.31,0.4633
101209037,0.4633,0.4633,0.4634,0.4633,0.21,0.24,0.4633,0.466,0.4633,0.462,0.465,0.54,0.4634,0.4633,0.462,0.4633,0.425,0.45,0.4633,0.44,0.4633,0.4634,0.461,0.22,0.4633,0.4633,0.41,0.25,0.21,0.4632,0.4633,0.44,0.4633,0.4633,0.25,0.24
101208094,0.4633,0.4633,0.4633,0.4634,0.4633,0.21,0.424,0.4633,0.4633,0.4634,0.4634,0.41,0.4634,0.4633,0.4634,0.4634,0.4633,0.45,0.4633,0.4634,0.4634,0.4633,0.25,0.26,0.4636,0.4633,0.4633,0.466,0.44,0.4633,0.4633,0.4633,0.4633,0.4633,0.31,0.44
101208091,0.4633,0.4634,0.461,0.462,0.462,0.11,0.4633,0.4633,0.461,0.4633,0.45,0.4633,0.4633,0.4633,0.4633,0.4633,0.4633,0.4633,0.4633,0.4633,0.4633,0.4633,0.41,0.4633,0.4633,0.4633,0.4633,0.21,0.4633,0.4633,0.4633,0.4633,0.4633,0.4633,0.4633,0.4633
101208090,0.4633,0.4633,0.4633,0.4633,0.462,0.426,0.4633,0.426,0.11,0.4632,0.4634,0.66,0.4634,0.4633,0.4633,0.4633,0.465,0.4633,0.4634,0.4634,0.4633,0.4634,0.52,0.4633,0.4633,0.4631,0.425,0.12,0.4633,0.4633,0.4633,0.4633,0.4633,0.4633,0.42100000000000004,0.4633
101208084,0.4633,0.4633,0.44,0.4636,0.4633,0.21,0.4633,0.4633,0.4633,0.4634,0.4633,0.4633,0.4633,0.4633,0.4633,0.4633,0.4633,0.4633,0.4633,0.4633,0.4633,0.4633,0.4636,0.21,0.4633,0.4633,0.4633,0.26,0.46399999999999997,0.4633,0.4633,0.21,0.4633,0.45,0.26,0.4633
101208082,0.4633,0.4631,0.4633,0.4632,0.44,0.25,0.4633,0.4634,0.4633,0.4633,0.46399999999999997,0.64,0.4633,0.462,0.4631,0.4633,0.4633,0.41,0.4633,0.44,0.45,0.45,0.45,0.44,0.4633,0.462,0.461,0.25,0.51,0.4633,0.4633,0.4633,0.4633,0.4633,0.25,0.44
101208080,0.4633,0.4633,0.4633,0.4633,0.4632,0.4633,0.4633,0.4633,0.4633,0.462,0.4634,0.466,0.4633,0.4633,0.4634,0.4632,0.4634,0.51,0.4633,0.4633,0.4633,0.11,0.4634,0.465,0.4633,0.4633,0.4633,0.4633,0.4633,0.4633,0.4633,0.4633,0.4633,0.4633,0.4633,0.4633
101208079,0.4633,0.462,0.4631,0.42100000000000004,0.4633,0.4633,0.4633,0.4633,0.4634,0.4633,0.4634,0.4633,0.4633,0.4634,0.4634,0.4633,0.462,0.4634,0.426,0.461,0.4632,0.4631,0.45,0.4633,0.4633,0.46399999999999997,0.4633,0.45,0.46399999999999997,0.4633,0.45,0.4633,0.4632,0.4633,0.24,0.4631
101208078,0.4633,0.4634,0.4634,0.4633,0.4634,0.45,0.4633,0.4633,0.4634,0.4633,0.462,0.45,0.4633,0.4633,0.4633,0.4633,0.4633,0.4634,0.4633,0.4633,0.4633,0.4633,0.25,0.33,0.4633,0.4633,0.4633,0.4633,0.32,0.4633,0.4633,0.4633,0.4633,0.4633,0.4632,0.31
101208070,0.4633,0.4633,0.4633,0.4633,0.4634,0.4633,0.4633,0.4633,0.4633,0.4633,0.4631,0.4633,0.4633,0.4633,0.4633,0.4633,0.4633,0.4633,0.4633,0.4634,0.4633,0.4633,0.4633,0.4633,0.4633,0.4632,0.4633,0.4633,0.4633,0.461,0.4633,0.462,0.4634,0.4633,0.4633,0.46399999999999997
101208065,0.4633,0.4632,0.4633,0.4633,0.4633,0.4633,0.4633,0.4633,0.4633,0.4633,0.4633,0.4634,0.4633,0.4633,0.4633,0.4633,0.4633,0.4633,0.4633,0.462,0.4633,0.4633,0.46399999999999997,0.4633,0.4632,0.4633,0.4633,0.46399999999999997,0.4633,0.4633,0.4633,0.4634,0.4633,0.4633,0.4633,0.4633
101208064,0.4633,0.4634,0.4633,0.4633,0.426,0.4636,0.4634,0.4633,0.4633,0.4633,0.25,0.4636,0.4633,0.4633,0.461,0.4633,0.4632,0.4633,0.4633,0.4633,0.4633,0.4632,0.31,0.44,0.4633,0.4633,0.4634,0.4633,0.25,0.4633,0.4633,0.46399999999999997,0.4633,0.4633,0.25,0.21
101208062,0.4633,0.4632,0.4634,0.4631,0.4634,0.4633,0.4634,0.4632,0.4631,0.4634,0.4634,0.4633,0.4634,0.4633,0.4634,0.4633,0.466,0.41,0.4633,0.4633,0.461,0.4633,0.4634,0.45,0.4633,0.4633,0.4633,0.43,0.4633,0.4633,0.4633,0.4632,0.4633,0.4633,0.462,0.426
101208060,0.4633,0.4633,0.462,0.4633,0.4633,0.4633,0.4633,0.4633,0.4633,0.4633,0.4633,0.43,0.4633,0.4633,0.4633,0.4633,0.4633,0.51,0.4633,0.4633,0.4633,0.4633,0.21,0.46399999999999997,0.4633,0.4633,0.4634,0.4633,0.461,0.4633,0.4633,0.4634,0.4634,0.4632,0.44,0.462
101208058,0.4633,0.31,0.45,0.61,0.462,0.26,0.4634,0.41,0.4633,0.4631,0.45,0.31,0.14,0.4634,0.4634,0.4633,0.4633,0.51,0.4633,0.24,0.4634,0.4633,0.4633,0.23,0.4633,0.4633,0.4633,0.4634,0.34,0.4633,0.4633,0.4633,0.4633,0.4633,0.4633,0.21
101208056,0.4633,0.4634,0.4634,0.4634,0.426,0.4633,0.4633,0.4633,0.4633,0.4633,0.462,0.31,0.4633,0.4633,0.4633,0.4633,0.461,0.4633,0.4633,0.4633,0.4633,0.4633,0.33,0.26,0.4633,0.4633,0.4633,0.34,0.26,0.4633,0.4633,0.4633,0.4633,0.4633,0.33,0.4633
101208055,0.4633,0.4633,0.4633,0.24,0.4636,0.46399999999999997,0.4633,0.26,0.4632,0.4633,0.4633,0.41,0.4633,0.4633,0.4633,0.4633,0.4635,0.466,0.4633,0.4633,0.4633,0.4633,0.25,0.4636,0.4636,0.4634,0.4633,0.31,0.4633,0.4633,0.4633,0.4633,0.4636,0.4633,0.61,0.4635
101208054,0.4633,0.4634,0.4634,0.4633,0.21,0.45,0.4634,0.4633,0.4634,0.4634,0.4633,0.25,0.4633,0.4634,0.4634,0.4633,0.4633,0.4633,0.462,0.4633,0.4634,0.4634,0.4633,0.44,0.4633,0.4632,0.4633,0.4633,0.24,0.4633,0.4633,0.4633,0.4633,0.4633,0.4633,0.25
101208053,0.4633,0.4631,0.4634,0.4633,0.4633,0.4633,0.4634,0.4634,0.4633,0.4633,0.4634,0.4633,0.4632,0.426,0.4633,0.11,0.4633,0.4633,0.4633,0.4631,0.4633,0.4632,0.4633,0.44,0.4634,0.462,0.4633,0.4634,0.4633,0.4633,0.4633,0.24,0.12,0.4633,0.4633,0.4633
101208052,0.4633,0.4634,0.4631,0.4633,0.46399999999999997,0.52,0.4634,0.4633,0.4631,0.43,0.4631,0.33,0.4631,0.462,0.4634,0.4633,0.4634,0.462,0.4633,0.4634,0.4633,0.4633,0.4634,0.26,0.4633,0.4634,0.4633,0.4633,0.33,0.4632,0.462,0.4634,0.4636,0.4633,0.4634,0.32
101208050,0.4633,0.4633,0.465,0.4634,0.4633,0.32,0.4632,0.4633,0.4633,0.4633,0.4634,0.62,0.4633,0.4633,0.4633,0.4633,0.4634,0.466,0.4633,0.4633,0.4633,0.426,0.4633,0.31,0.4633,0.4633,0.4633,0.24,0.51,0.4633,0.4633,0.4633,0.4633,0.4633,0.4636,0.25
101208034,0.4633,0.4634,0.4634,0.4633,0.4636,0.4633,0.4634,0.4633,0.4633,0.4633,0.4633,0.4633,0.4633,0.4633,0.4634,0.4633,0.4633,0.4634,0.4633,0.4633,0.4633,0.4633,0.4633,0.4633,0.4633,0.4634,0.4633,0.45,0.4633,0.4633,0.24,0.4632,0.4632,0.4633,0.45,0.4633
101208031,0.4633,0.4633,0.4634,0.4632,0.4636,0.45,0.4633,0.4632,0.52,0.4633,0.4634,0.4634,0.4633,0.4634,0.4635,0.4633,0.4633,0.4633,0.4633,0.4633,0.4633,0.4633,0.45,0.45,0.4633,0.4633,0.4634,0.4636,0.4633,0.4633,0.4633,0.4634,0.4633,0.4633,0.33,0.65
101208025,0.4633,0.4633,0.462,0.461,0.4633,0.26,0.4634,0.4633,0.4633,0.4633,0.11,0.13,0.4633,0.4633,0.4633,0.4633,0.4633,0.426,0.4633,0.4633,0.31,0.4633,0.4633,0.26,0.4633,0.4633,0.4633,0.4633,0.25,0.4633,0.4633,0.4633,0.4633,0.4633,0.4634,0.33
101208017,0.4633,0.4633,0.461,0.462,0.25,0.461,0.4634,0.4633,0.4633,0.4633,0.4633,0.55,0.4633,0.4633,0.4633,0.4633,0.4633,0.41,0.4633,0.24,0.4633,0.4633,0.41,0.4631,0.4633,0.4634,0.4633,0.44,0.24,0.4633,0.4633,0.465,0.4633,0.4633,0.4633,0.44
101208015,0.4633,0.4633,0.4633,0.4633,0.465,0.45,0.4633,0.4633,0.4633,0.4633,0.4633,0.31,0.4633,0.4633,0.4633,0.4633,0.4634,0.41,0.4633,0.4633,0.4633,0.4633,0.4633,0.31,0.4633,0.4633,0.4633,0.4633,0.26,0.4633,0.4633,0.4633,0.4633,0.4633,0.31,0.25
101208008,0.4633,0.4633,0.4633,0.4633,0.462,0.4634,0.4633,0.4633,0.4633,0.4633,0.4633,0.4633,0.4633,0.4633,0.4633,0.4633,0.4633,0.466,0.4633,0.4633,0.4633,0.4633,0.4633,0.4633,0.4633,0.4633,0.4633,0.46399999999999997,0.46399999999999997,0.4633,0.4633,0.4633,0.4633,0.4633,0.45,0.44
101208005,0.4633,0.4633,0.4633,0.4633,0.423,0.4633,0.4633,0.4634,0.4633,0.4633,0.4633,0.41,0.4633,0.4633,0.4633,0.45,0.4633,0.4633,0.4633,0.4633,0.4633,0.4633,0.24,0.4636,0.4633,0.4633,0.4633,0.4633,0.44,0.4633,0.4633,0.4633,0.4633,0.4633,0.4633,0.4633
101208004,0.4633,0.4634,0.4634,0.4634,0.4634,0.4632,0.4633,0.4633,0.4633,0.4633,0.4633,0.44,0.4634,0.4634,0.4633,0.4633,0.4633,0.4633,0.4633,0.4633,0.4633,0.4633,0.4634,0.4633,0.4634,0.4633,0.4633,0.4633,0.24,0.425,0.4633,0.4633,0.4633,0.4633,0.4633,0.4633
101208003,0.4633,0.4633,0.4633,0.4633,0.4633,0.41,0.4633,0.4633,0.4633,0.4633,0.4633,0.41,0.4633,0.4633,0.4633,0.4633,0.4633,0.4633,0.4633,0.4633,0.4633,0.4633,0.4633,0.65,0.4633,0.4633,0.4633,0.4633,0.45,0.4633,0.4633,0.4633,0.4633,0.4633,0.4633,0.62
101208002,0.4633,0.462,0.465,0.4633,0.424,0.4636,0.4633,0.4633,0.4633,0.4633,0.4633,0.45,0.4633,0.4633,0.4633,0.461,0.4633,0.4633,0.4633,0.4633,0.4633,0.4633,0.32,0.45,0.4633,0.4633,0.4633,0.4633,0.21,0.4633,0.4633,0.4633,0.4633,0.4633,0.46399999999999997,0.4633
101205093,0.4633,0.4634,0.4633,0.461,0.4632,0.462,0.4633,0.4633,0.4633,0.4634,0.21,0.15,0.461,0.4632,0.466,0.4633,0.4633,0.31,0.41,0.4633,0.4635,0.41,0.4633,0.64,0.4633,0.4633,0.4633,0.24,0.4633,0.4633,0.4633,0.61,0.4633,0.4633,0.4633,0.31
101205043,0.4634,0.4634,0.4633,0.4634,0.4633,0.24,0.4633,0.4633,0.462,0.4633,0.4633,0.46399999999999997,0.4634,0.4634,0.4633,0.4633,0.4633,0.25,0.4633,0.4633,0.4633,0.4633,0.4633,0.4633,0.4633,0.4633,0.4633,0.4633,0.4633,0.4633,0.4633,0.4633,0.4633,0.4633,0.4633,0.12
101205029,0.4633,0.4632,0.41,0.4633,0.4634,0.425,0.4634,0.4633,0.466,0.4632,0.55,0.42200000000000004,0.4633,0.51,0.41,0.4634,0.4634,0.4633,0.4634,0.51,0.41,0.51,0.55,0.45,0.4633,0.4633,0.461,0.41,0.45,0.4633,0.4633,0.51,0.4633,0.41,0.4633,0.461
101204026,0.4633,0.462,0.4634,0.425,0.462,0.4633,0.4633,0.4633,0.4634,0.4633,0.31,0.466,0.426,0.4631,0.4633,0.4633,0.4633,0.65,0.4633,0.65,0.4633,0.4634,0.4633,0.4633,0.45,0.4633,0.462,0.45,0.4633,0.462,0.4633,0.4633,0.4633,0.4633,0.4633,0.4633
101203054,0.4633,0.4634,0.4633,0.55,0.4633,0.4634,0.4633,0.4633,0.465,0.4633,0.4632,0.65,0.4633,0.4633,0.4633,0.4633,0.4633,0.4633,0.4633,0.4633,0.4633,0.21,0.4633,0.4632,0.4633,0.4632,0.4632,0.41,0.4633,0.462,0.4633,0.4633,0.4634,0.4636,0.4631,0.45
101103034,0.4633,0.4634,0.4633,0.4633,0.4633,0.4634,0.4633,0.4633,0.51,0.4633,0.4634,0.43,0.4633,0.4633,0.4633,0.4633,0.4634,0.426,0.4633,0.4633,0.4633,0.4633,0.24,0.4633,0.4634,0.4633,0.4633,0.4633,0.4633,0.4634,0.4633,0.4634,0.4633,0.4633,0.4633,0.4633
101102026,0.4633,0.4633,0.4634,0.4633,0.4634,0.462,0.4633,0.4633,0.4633,0.4633,0.4633,0.45,0.4633,0.4633,0.4633,0.4633,0.4633,0.4632,0.4633,0.4633,0.4633,0.462,0.44,0.4633,0.4633,0.462,0.4633,0.4633,0.45,0.4633,0.4633,0.4633,0.4633,0.4633,0.425,0.4633
101102025,0.4633,0.4633,0.4634,0.462,0.461,0.426,0.4634,0.461,0.4634,0.4634,0.4633,0.462,0.4633,0.4634,0.4633,0.4634,0.4633,0.465,0.4633,0.4634,0.4633,0.44,0.21,0.4633,0.4633,0.4634,0.46399999999999997,0.4632,0.4634,0.4634,0.4633,0.44,0.4634,0.4634,0.45,0.4633
101101050,0.4633,0.4634,0.4632,0.4633,0.4633,0.4633,0.4632,0.4633,0.4632,0.4633,0.4634,0.4633,0.4633,0.4633,0.4634,0.4633,0.4633,0.4633,0.4633,0.4633,0.45,0.461,0.4633,0.4633,0.4632,0.4633,0.4633,0.462,0.4633,0.462,0.4633,0.462,0.4634,0.4633,0.4633,0.4633
100508018,0.4633,0.4634,0.465,0.462,0.426,0.4634,0.4634,0.4633,0.4634,0.4634,0.4635,0.4634,0.4633,0.4633,0.4633,0.461,0.11,0.4633,0.462,0.44,0.24,0.4633,0.4634,0.44,0.4634,0.4633,0.4633,0.4633,0.45,0.4633,0.4633,0.4632,0.4633,0.462,0.33,0.4633
100401072,0.4633,0.4633,0.4634,0.4634,0.462,0.44,0.4634,0.4633,0.45,0.4632,0.21,0.56,0.4633,0.4632,0.55,0.4634,0.12,0.51,0.4633,0.21,0.4633,0.4633,0.466,0.4633,0.32,0.4633,0.4633,0.26,0.45,0.4633,0.4633,0.4633,0.4633,0.4633,0.4634,0.24
100401044,0.4633,0.4633,0.4631,0.4633,0.4633,0.54,0.4631,0.46399999999999997,0.4633,0.4633,0.4633,0.61,0.4633,0.4633,0.4633,0.4633,0.425,0.51,0.4633,0.51,0.4633,0.4636,0.14,0.4633,0.4633,0.4633,0.4633,0.51,0.45,0.4633,0.4633,0.4633,0.4633,0.4633,0.61,0.45
100206009,0.4633,0.4633,0.45,0.4633,0.45,0.51,0.4633,0.465,0.4633,0.4633,0.4633,0.41,0.462,0.4634,0.466,0.4634,0.4634,0.4631,0.4634,0.4633,0.4633,0.4633,0.25,0.31,0.4633,0.26,0.31,0.45,0.46399999999999997,0.4633,0.4633,0.4633,0.4633,0.4633,0.4634,0.32
100202044,0.4633,0.4633,0.4632,0.461,0.4634,0.4633,0.4634,0.4633,0.4632,0.4633,0.465,0.425,0.4633,0.4634,0.4632,0.4634,0.4633,0.12,0.4633,0.4633,0.4633,0.45,0.4633,0.426,0.4633,0.4633,0.4633,0.21,0.4633,0.4633,0.4633,0.462,0.4632,0.4633,0.4633,0.11
100104041,0.4633,0.4634,0.4633,0.4633,0.4634,0.4633,0.462,0.4634,0.44,0.426,0.462,0.4633,0.4631,0.4632,0.4634,0.4634,0.4633,0.11,0.4633,0.4631,0.4633,0.4634,0.4633,0.4633,0.461,0.4633,0.4633,0.4632,0.465,0.4633,0.4633,0.4634,0.4633,0.4634,0.24,0.4633
100101021,0.4633,0.4634,0.4634,0.4634,0.4634,0.462,0.4634,0.4634,0.4634,0.4634,0.4634,0.45,0.4634,0.4631,0.4634,0.462,0.45,0.4633,0.4633,0.4632,0.4633,0.4634,0.4634,0.4633,0.4634,0.4634,0.4633,0.51,0.4633,0.4633,0.4633,0.4634,0.4633,0.4633,0.4633,0.4633
