,actual_grade,predict_grade,torrance,week,id,torrance_v2
0,55,75.47783883,20.47783883,9,101208087,31.77783883
10,91,75.47783883,-15.52216117,9,102205089,-4.222161172
20,77,71.5260582,-5.473941799,9,101208066,5.826058201
30,99,84.87532468,-14.12467532,9,101208030,-2.824675325
40,74,80.05555556,6.055555556,9,102208075,17.35555556
50,66,75.47783883,9.477838828,9,102205037,20.77783883
60,83,79.00793651,-3.992063492,9,102104031,7.307936508
70,71,75.47783883,4.477838828,9,101208085,15.77783883
80,89,89.44444444,0.444444444,9,101208069,11.74444444
90,56,55.44444444,-0.555555556,9,102208088,10.74444444
100,81,75.96139683,-5.038603175,9,102208081,6.261396825
110,33,66.12747253,33.12747253,9,102208058,44.42747253
120,53,55.44444444,2.444444444,9,102208049,13.74444444
130,67,65.85714286,-1.142857143,9,102208033,10.15714286
140,92,77.65892857,-14.34107143,9,102208008,-3.041071429
150,63,66.12747253,3.127472527,9,101208074,14.42747253
160,33,70.75064935,37.75064935,9,99304030,49.05064935
170,99,91.48582766,-7.514172336,9,99203054,3.785827664
180,99,99,0,9,103302104,11.3
190,99,99,0,9,103302103,11.3
200,78,76.20545635,-1.794543651,9,102306046,9.505456349
210,48,72.92888889,24.92888889,9,102306041,36.22888889
220,55,64.46359788,9.463597884,9,102209035,20.76359788
230,83,80.05555556,-2.944444444,9,102208090,8.355555556
240,80,80.05555556,0.055555556,9,102208089,11.35555556
250,96,80.91137566,-15.08862434,9,102208086,-3.788624339
260,84,80.05555556,-3.944444444,9,102208085,7.355555556
270,65,69.79117063,4.791170635,9,102208084,16.09117063
280,61,61.5,0.5,9,102208083,11.8
290,94,74.94550265,-19.05449735,9,102208082,-7.754497354
300,66,65.85714286,-0.142857143,9,102208078,11.15714286
310,78,74.03473389,-3.965266106,9,102208074,7.334733894
320,80,80.05555556,0.055555556,9,102208073,11.35555556
330,67,65.85714286,-1.142857143,9,102208068,10.15714286
340,77,80.05555556,3.055555556,9,102208066,14.35555556
350,72,70.84761905,-1.152380952,9,102208065,10.14761905
360,47,66.38412698,19.38412698,9,102208064,30.68412698
370,68,68.81432749,0.814327485,9,102208063,12.11432749
380,41,61.35982143,20.35982143,9,102208062,31.65982143
390,88,89.44444444,1.444444444,9,102208061,12.74444444
400,57,55.44444444,-1.555555556,9,102208060,9.744444444
410,67,65.85714286,-1.142857143,9,102208059,10.15714286
420,87,80.05555556,-6.944444444,9,102208057,4.355555556
430,83,80.05555556,-2.944444444,9,102208056,8.355555556
440,90,89.44444444,-0.555555556,9,102208055,10.74444444
450,64,61.5,-2.5,9,102208054,8.8
460,32,40.7,8.7,9,102208053,20
470,92,92.85714286,0.857142857,9,102208052,12.15714286
480,99,99,0,9,102208046,11.3
490,99,79.64285714,-19.35714286,9,102208045,-8.057142857
500,58,55.44444444,-2.555555556,9,102208044,8.744444444
510,73,71.3713352,-1.628664799,9,102208043,9.671335201
520,93,92.85714286,-0.142857143,9,102208042,11.15714286
530,64,62,-2,9,102208041,9.3
540,68,68.28571429,0.285714286,9,102208038,11.58571429
550,76,71.5260582,-4.473941799,9,102208034,6.826058201
560,68,65.85714286,-2.142857143,9,102208032,9.157142857
570,83,80.05555556,-2.944444444,9,102208030,8.355555556
580,99,99,0,9,102208029,11.3
590,99,99,0,9,102208024,11.3
600,99,99,0,9,102208023,11.3
610,91,80.44312169,-10.55687831,9,102208022,0.743121693
620,84,74.03473389,-9.965266106,9,102208021,1.334733894
630,94,83.37666079,-10.62333921,9,102208018,0.676660788
640,90,78.62172097,-11.37827903,9,102208017,-0.078279031
650,70,71,1,9,102208014,12.3
660,95,93.31777778,-1.682222222,9,102208010,9.617777778
670,66,68.28571429,2.285714286,9,102208007,13.58571429
680,90,84.65642857,-5.343571429,9,102208006,5.956428571
690,66,67.91856662,1.918566619,9,102208005,13.21856662
700,99,99,0,9,102208004,11.3
710,68,70.70436508,2.704365079,9,102208002,14.00436508
720,92,92.85714286,0.857142857,9,102208001,12.15714286
730,99,82.64511278,-16.35488722,9,102205095,-5.054887218
740,87,80.05555556,-6.944444444,9,102205092,4.355555556
750,62,67.66218487,5.662184874,9,102205081,16.96218487
760,60,64.43402778,4.434027778,9,102205051,15.73402778
770,72,72.18217338,0.182173382,9,102205033,11.48217338
780,62,61.5,-0.5,9,102205030,10.8
790,99,90.90781441,-8.092185592,9,102205024,3.207814408
800,56,55.44444444,-0.555555556,9,102205022,10.74444444
810,65,65.85714286,0.857142857,9,102205020,12.15714286
820,97,91.95490196,-5.045098039,9,102205017,6.254901961
830,72,80.05555556,8.055555556,9,102103012,19.35555556
840,96,79.34761905,-16.65238095,9,101502012,-5.352380952
850,60,71.14920635,11.14920635,9,101401042,22.44920635
860,49,59.06428571,10.06428571,9,101302049,21.36428571
870,76,78.74603175,2.746031746,9,101209037,14.04603175
880,73,80.05555556,7.055555556,9,101208094,18.35555556
890,90,89.44444444,-0.555555556,9,101208091,10.74444444
900,99,99,0,9,101208090,11.3
910,83,79.00793651,-3.992063492,9,101208084,7.307936508
920,85,80.05555556,-4.944444444,9,101208082,6.355555556
930,99,75.0967033,-23.9032967,9,101208080,-12.6032967
940,89,89.44444444,0.444444444,9,101208079,11.74444444
950,67,68.26758242,1.267582418,9,101208078,12.56758242
960,92,78.63641975,-13.36358025,9,101208070,-2.063580247
970,99,85.81250794,-13.18749206,9,101208065,-1.887492063
980,74,80.05555556,6.055555556,9,101208064,17.35555556
990,82,78.17863248,-3.821367521,9,101208062,7.478632479
1000,70,71.27680098,1.276800977,9,101208060,12.57680098
1010,99,99,0,9,101208058,11.3
1020,80,77.27480159,-2.725198413,9,101208056,8.574801587
1030,79,80.46376812,1.463768116,9,101208055,12.76376812
1040,80,77.01111111,-2.988888889,9,101208054,8.311111111
1050,82,77.28923209,-4.710767911,9,101208053,6.589232089
1060,83,80.05555556,-2.944444444,9,101208052,8.355555556
1070,92,92.85714286,0.857142857,9,101208050,12.15714286
1080,96,82.49906205,-13.50093795,9,101208034,-2.200937951
1090,66,65.85714286,-0.142857143,9,101208031,11.15714286
1100,42,40.7,-1.3,9,101208025,10
1110,53,55.44444444,2.444444444,9,101208017,13.74444444
1120,75,80.05555556,5.055555556,9,101208015,16.35555556
1130,50,55.72532468,5.725324675,9,101208013,17.02532468
1140,62,68.35070547,6.350705467,9,101208008,17.65070547
1150,69,71,2,9,101208005,13.3
1160,99,83.46285714,-15.53714286,9,101208004,-4.237142857
1170,32,63.72207792,31.72207792,9,101208003,43.02207792
1180,87,89.44444444,2.444444444,9,101208002,13.74444444
1190,62,71.78769841,9.787698413,9,101205093,21.08769841
1200,64,69.27876984,5.278769841,9,101205043,16.57876984
1210,85,80.05555556,-4.944444444,9,101205029,6.355555556
1220,91,89.44444444,-1.555555556,9,101204026,9.744444444
1230,90,92.85714286,2.857142857,9,101203054,14.15714286
1240,56,67.50565476,11.50565476,9,101203004,22.80565476
1250,60,65.84214286,5.842142857,9,101103034,17.14214286
1260,65,75.94312169,10.94312169,9,101102026,22.24312169
1270,94,92.85714286,-1.142857143,9,101102025,10.15714286
1280,81,75.96139683,-5.038603175,9,101101050,6.261396825
1290,86,80.05555556,-5.944444444,9,100508018,5.355555556
1300,81,77.58377425,-3.41622575,9,100401072,7.88377425
1310,78,77.83095238,-0.169047619,9,100401044,11.13095238
1320,96,87.01466667,-8.985333333,9,100208053,2.314666667
1330,99,96.27777778,-2.722222222,9,100206009,8.577777778
1340,67,72.58112875,5.581128748,9,100202044,16.88112875
1350,94,82.46891534,-11.53108466,9,100104041,-0.231084656
1360,98,83.7452381,-14.2547619,9,100101021,-2.954761905
1,55,76.86895238,21.86895238,10,101208087,30.16895238
11,91,76.86895238,-14.13104762,10,102205089,-5.831047619
21,77,74.32842713,-2.671572872,10,101208066,5.628427128
31,99,87.78120301,-11.21879699,10,101208030,-2.918796992
41,74,80.05555556,6.055555556,10,102208075,14.35555556
51,66,73.75571429,7.755714286,10,102205037,16.05571429
61,83,79.00793651,-3.992063492,10,102104031,4.307936508
71,71,76.86895238,5.868952381,10,101208085,14.16895238
81,89,89.44444444,0.444444444,10,101208069,8.744444444
91,56,55.44444444,-0.555555556,10,102208088,7.744444444
101,81,77.31649413,-3.683505866,10,102208081,4.616494134
111,33,68.24642857,35.24642857,10,102208058,43.54642857
121,53,55.44444444,2.444444444,10,102208049,10.74444444
131,67,65.85714286,-1.142857143,10,102208033,7.157142857
141,92,80.12285714,-11.87714286,10,102208008,-3.577142857
151,63,68.24642857,5.246428571,10,101208074,13.54642857
161,33,61.86296296,28.86296296,10,99304030,37.16296296
171,99,99,0,10,99203054,8.3
181,99,99,0,10,103302104,8.3
191,99,99,0,10,103302103,8.3
201,78,76.20545635,-1.794543651,10,102306046,6.505456349
211,48,66.41111111,18.41111111,10,102306041,26.71111111
221,55,66.16099773,11.16099773,10,102209035,19.46099773
231,83,80.05555556,-2.944444444,10,102208090,5.355555556
241,80,80.05555556,0.055555556,10,102208089,8.355555556
251,96,80.91137566,-15.08862434,10,102208086,-6.788624339
261,84,80.05555556,-3.944444444,10,102208085,4.355555556
271,65,69.79117063,4.791170635,10,102208084,13.09117063
281,61,61.5,0.5,10,102208083,8.8
291,94,74.30674603,-19.69325397,10,102208082,-11.39325397
301,66,65.85714286,-0.142857143,10,102208078,8.157142857
311,78,76.11815476,-1.881845238,10,102208074,6.418154762
321,80,80.05555556,0.055555556,10,102208073,8.355555556
331,67,65.85714286,-1.142857143,10,102208068,7.157142857
341,77,80.05555556,3.055555556,10,102208066,11.35555556
351,72,72.6210084,0.621008403,10,102208065,8.921008403
361,47,66.38412698,19.38412698,10,102208064,27.68412698
371,68,68.81432749,0.814327485,10,102208063,9.114327485
381,41,40.7,-0.3,10,102208062,8
391,88,89.44444444,1.444444444,10,102208061,9.744444444
401,57,55.44444444,-1.555555556,10,102208060,6.744444444
411,67,65.85714286,-1.142857143,10,102208059,7.157142857
421,87,80.05555556,-6.944444444,10,102208057,1.355555556
431,83,80.05555556,-2.944444444,10,102208056,5.355555556
441,90,89.44444444,-0.555555556,10,102208055,7.744444444
451,64,61.5,-2.5,10,102208054,5.8
461,32,40.7,8.7,10,102208053,17
471,92,92.85714286,0.857142857,10,102208052,9.157142857
481,99,99,0,10,102208046,8.3
491,99,79.64285714,-19.35714286,10,102208045,-11.05714286
501,58,55.44444444,-2.555555556,10,102208044,5.744444444
511,73,73.28829365,0.288293651,10,102208043,8.588293651
521,93,92.85714286,-0.142857143,10,102208042,8.157142857
531,64,62,-2,10,102208041,6.3
541,68,68.28571429,0.285714286,10,102208038,8.585714286
551,76,74.32842713,-1.671572872,10,102208034,6.628427128
561,68,65.85714286,-2.142857143,10,102208032,6.157142857
571,83,80.05555556,-2.944444444,10,102208030,5.355555556
581,99,99,0,10,102208029,8.3
591,99,99,0,10,102208024,8.3
601,99,99,0,10,102208023,8.3
611,91,80.44312169,-10.55687831,10,102208022,-2.256878307
621,84,80.05555556,-3.944444444,10,102208021,4.355555556
631,94,85.01807082,-8.981929182,10,102208018,-0.681929182
641,90,80.89990079,-9.100099206,10,102208017,-0.800099206
651,70,71,1,10,102208014,9.3
661,95,95.66666667,0.666666667,10,102208010,8.966666667
671,66,68.28571429,2.285714286,10,102208007,10.58571429
681,90,84.65642857,-5.343571429,10,102208006,2.956428571
691,66,68.76914683,2.769146825,10,102208005,11.06914683
701,99,99,0,10,102208004,8.3
711,68,70.70436508,2.704365079,10,102208002,11.00436508
721,92,92.85714286,0.857142857,10,102208001,9.157142857
731,99,84.97539683,-14.02460317,10,102205095,-5.724603175
741,87,80.05555556,-6.944444444,10,102205092,1.355555556
751,62,69.34732143,7.347321429,10,102205081,15.64732143
761,60,64.43402778,4.434027778,10,102205051,12.73402778
771,72,74.80568783,2.805687831,10,102205033,11.10568783
781,62,61.5,-0.5,10,102205030,7.8
791,99,92.44949495,-6.550505051,10,102205024,1.749494949
801,56,55.44444444,-0.555555556,10,102205022,7.744444444
811,65,65.85714286,0.857142857,10,102205020,9.157142857
821,97,91.93685714,-5.063142857,10,102205017,3.236857143
831,72,80.05555556,8.055555556,10,102103012,16.35555556
841,96,81.6210084,-14.3789916,10,101502012,-6.078991597
851,60,71.14920635,11.14920635,10,101401042,19.44920635
861,49,60.14453782,11.14453782,10,101302049,19.44453782
871,76,78.55895692,2.558956916,10,101209037,10.85895692
881,73,80.05555556,7.055555556,10,101208094,15.35555556
891,90,89.44444444,-0.555555556,10,101208091,7.744444444
901,99,99,0,10,101208090,8.3
911,83,80.4691358,-2.530864198,10,101208084,5.769135802
921,85,80.05555556,-4.944444444,10,101208082,3.355555556
931,99,77.96309524,-21.03690476,10,101208080,-12.73690476
941,89,89.44444444,0.444444444,10,101208079,8.744444444
951,67,70.56488095,3.564880952,10,101208078,11.86488095
961,92,80.86797386,-11.13202614,10,101208070,-2.832026144
971,99,87.69219577,-11.30780423,10,101208065,-3.007804233
981,74,80.05555556,6.055555556,10,101208064,14.35555556
991,82,77.59149206,-4.408507937,10,101208062,3.891492063
1001,70,73.82486772,3.824867725,10,101208060,12.12486772
1011,99,99,0,10,101208058,8.3
1021,80,76.87755102,-3.12244898,10,101208056,5.17755102
1031,79,80.46376812,1.463768116,10,101208055,9.763768116
1041,80,77.01111111,-2.988888889,10,101208054,5.311111111
1051,82,78.30559965,-3.694400353,10,101208053,4.605599647
1061,83,80.05555556,-2.944444444,10,101208052,5.355555556
1071,92,92.85714286,0.857142857,10,101208050,9.157142857
1081,96,84.48949358,-11.51050642,10,101208034,-3.210506425
1091,66,65.85714286,-0.142857143,10,101208031,8.157142857
1101,42,40.7,-1.3,10,101208025,7
1111,53,55.44444444,2.444444444,10,101208017,10.74444444
1121,75,80.05555556,5.055555556,10,101208015,13.35555556
1131,50,56.44081633,6.440816327,10,101208013,14.74081633
1141,62,69.97721755,7.977217554,10,101208008,16.27721755
1151,69,71,2,10,101208005,10.3
1161,99,85.71353383,-13.28646617,10,101208004,-4.986466165
1171,32,63.72207792,31.72207792,10,101208003,40.02207792
1181,87,89.44444444,2.444444444,10,101208002,10.74444444
1191,62,71.78769841,9.787698413,10,101205093,18.08769841
1201,64,69.27876984,5.278769841,10,101205043,13.57876984
1211,85,80.05555556,-4.944444444,10,101205029,3.355555556
1221,91,89.44444444,-1.555555556,10,101204026,6.744444444
1231,90,92.85714286,2.857142857,10,101203054,11.15714286
1241,56,69.29269841,13.29269841,10,101203004,21.59269841
1251,60,65.84214286,5.842142857,10,101103034,14.14214286
1261,65,75.94312169,10.94312169,10,101102026,19.24312169
1271,94,92.85714286,-1.142857143,10,101102025,7.157142857
1281,81,77.43062169,-3.569378307,10,101101050,4.730621693
1291,86,80.05555556,-5.944444444,10,100508018,2.355555556
1301,81,78.74603175,-2.253968254,10,100401072,6.046031746
1311,78,77.83095238,-0.169047619,10,100401044,8.130952381
1321,96,87.01466667,-8.985333333,10,100208053,-0.685333333
1331,99,96.27777778,-2.722222222,10,100206009,5.577777778
1341,67,73.42162698,6.421626984,10,100202044,14.72162698
1351,94,86.05291005,-7.947089947,10,100104041,0.352910053
1361,98,83.7452381,-14.2547619,10,100101021,-5.954761905
2,55,76.73617725,21.73617725,11,101208087,26.03617725
12,91,76.73617725,-14.26382275,11,102205089,-9.963822751
22,77,74.32842713,-2.671572872,11,101208066,1.628427128
32,99,87.78120301,-11.21879699,11,101208030,-6.918796992
42,74,80.05555556,6.055555556,11,102208075,10.35555556
52,66,76.3478836,10.3478836,11,102205037,14.6478836
62,83,80.4691358,-2.530864198,11,102104031,1.769135802
72,71,76.73617725,5.736177249,11,101208085,10.03617725
82,89,89.44444444,0.444444444,11,101208069,4.744444444
92,56,55.44444444,-0.555555556,11,102208088,3.744444444
102,81,77.31649413,-3.683505866,11,102208081,0.616494134
112,33,68.24642857,35.24642857,11,102208058,39.54642857
122,53,55.44444444,2.444444444,11,102208049,6.744444444
132,67,65.85714286,-1.142857143,11,102208033,3.157142857
142,92,80.12285714,-11.87714286,11,102208008,-7.577142857
152,63,73.75571429,10.75571429,11,101208074,15.05571429
162,33,61.86296296,28.86296296,11,99304030,33.16296296
172,99,99,0,11,99203054,4.3
182,99,99,0,11,103302104,4.3
192,99,99,0,11,103302103,4.3
202,78,77.60383598,-0.396164021,11,102306046,3.903835979
212,48,40.7,-7.3,11,102306041,-3
222,55,65.09218559,10.09218559,11,102209035,14.39218559
232,83,80.05555556,-2.944444444,11,102208090,1.355555556
242,80,80.05555556,0.055555556,11,102208089,4.355555556
252,96,95.66666667,-0.333333333,11,102208086,3.966666667
262,84,80.05555556,-3.944444444,11,102208085,0.355555556
272,65,67.96275946,2.962759463,11,102208084,7.262759463
282,61,61.5,0.5,11,102208083,4.8
292,94,81.31613757,-12.68386243,11,102208082,-8.383862434
302,66,65.85714286,-0.142857143,11,102208078,4.157142857
312,78,76.11815476,-1.881845238,11,102208074,2.418154762
322,80,80.05555556,0.055555556,11,102208073,4.355555556
332,67,65.85714286,-1.142857143,11,102208068,3.157142857
342,77,80.05555556,3.055555556,11,102208066,7.355555556
352,72,72.6210084,0.621008403,11,102208065,4.921008403
362,47,63.50857143,16.50857143,11,102208064,20.80857143
372,68,68.28571429,0.285714286,11,102208063,4.585714286
382,41,40.7,-0.3,11,102208062,4
392,88,89.44444444,1.444444444,11,102208061,5.744444444
402,57,55.44444444,-1.555555556,11,102208060,2.744444444
412,67,65.85714286,-1.142857143,11,102208059,3.157142857
422,87,80.05555556,-6.944444444,11,102208057,-2.644444444
432,83,80.05555556,-2.944444444,11,102208056,1.355555556
442,90,89.44444444,-0.555555556,11,102208055,3.744444444
452,64,61.5,-2.5,11,102208054,1.8
462,32,40.7,8.7,11,102208053,13
472,92,92.85714286,0.857142857,11,102208052,5.157142857
482,99,99,0,11,102208046,4.3
492,99,81.6122449,-17.3877551,11,102208045,-13.0877551
502,58,55.44444444,-2.555555556,11,102208044,1.744444444
512,73,72.83714286,-0.162857143,11,102208043,4.137142857
522,93,92.85714286,-0.142857143,11,102208042,4.157142857
532,64,62,-2,11,102208041,2.3
542,68,68.28571429,0.285714286,11,102208038,4.585714286
552,76,74.32842713,-1.671572872,11,102208034,2.628427128
562,68,65.85714286,-2.142857143,11,102208032,2.157142857
572,83,80.05555556,-2.944444444,11,102208030,1.355555556
582,99,99,0,11,102208029,4.3
592,99,99,0,11,102208024,4.3
602,99,99,0,11,102208023,4.3
612,91,83.36031746,-7.63968254,11,102208022,-3.33968254
622,84,80.05555556,-3.944444444,11,102208021,0.355555556
632,94,85.21657143,-8.783428571,11,102208018,-4.483428571
642,90,83.57989418,-6.42010582,11,102208017,-2.12010582
652,70,71,1,11,102208014,5.3
662,95,95.66666667,0.666666667,11,102208010,4.966666667
672,66,68.28571429,2.285714286,11,102208007,6.585714286
682,90,92.85714286,2.857142857,11,102208006,7.157142857
692,66,68.40506912,2.405069124,11,102208005,6.705069124
702,99,99,0,11,102208004,4.3
712,68,70.95948204,2.959482038,11,102208002,7.259482038
722,92,92.85714286,0.857142857,11,102208001,5.157142857
732,99,85.67767857,-13.32232143,11,102205095,-9.022321429
742,87,80.05555556,-6.944444444,11,102205092,-2.644444444
752,62,69.34732143,7.347321429,11,102205081,11.64732143
762,60,63.39259259,3.392592593,11,102205051,7.692592593
772,72,74.32842713,2.328427128,11,102205033,6.628427128
782,62,61.5,-0.5,11,102205030,3.8
792,99,92.44949495,-6.550505051,11,102205024,-2.250505051
802,56,55.44444444,-0.555555556,11,102205022,3.744444444
812,65,65.85714286,0.857142857,11,102205020,5.157142857
822,97,91.93685714,-5.063142857,11,102205017,-0.763142857
832,72,80.05555556,8.055555556,11,102103012,12.35555556
842,96,81.6210084,-14.3789916,11,101502012,-10.0789916
852,60,71.81071429,11.81071429,11,101401042,16.11071429
862,49,60.14453782,11.14453782,11,101302049,15.44453782
872,76,80.05555556,4.055555556,11,101209037,8.355555556
882,73,80.05555556,7.055555556,11,101208094,11.35555556
892,90,89.44444444,-0.555555556,11,101208091,3.744444444
902,99,99,0,11,101208090,4.3
912,83,80.4691358,-2.530864198,11,101208084,1.769135802
922,85,80.05555556,-4.944444444,11,101208082,-0.644444444
932,99,77.96309524,-21.03690476,11,101208080,-16.73690476
942,89,89.44444444,0.444444444,11,101208079,4.744444444
952,67,69.26675485,2.26675485,11,101208078,6.56675485
962,92,80.91875,-11.08125,11,101208070,-6.78125
972,99,88.0242236,-10.9757764,11,101208065,-6.675776398
982,74,80.05555556,6.055555556,11,101208064,10.35555556
992,82,78.08042328,-3.91957672,11,101208062,0.38042328
1002,70,73.25844156,3.258441558,11,101208060,7.558441558
1012,99,99,0,11,101208058,4.3
1022,80,67.75,-12.25,11,101208056,-7.95
1032,79,80.46376812,1.463768116,11,101208055,5.763768116
1042,80,77.01111111,-2.988888889,11,101208054,1.311111111
1052,82,78.30559965,-3.694400353,11,101208053,0.605599647
1062,83,80.05555556,-2.944444444,11,101208052,1.355555556
1072,92,92.85714286,0.857142857,11,101208050,5.157142857
1082,96,84.71119048,-11.28880952,11,101208034,-6.988809524
1092,66,65.85714286,-0.142857143,11,101208031,4.157142857
1102,42,40.7,-1.3,11,101208025,3
1112,53,55.44444444,2.444444444,11,101208017,6.744444444
1122,75,80.05555556,5.055555556,11,101208015,9.355555556
1132,50,56.44081633,6.440816327,11,101208013,10.74081633
1142,62,69.34732143,7.347321429,11,101208008,11.64732143
1152,69,71,2,11,101208005,6.3
1162,99,85.71353383,-13.28646617,11,101208004,-8.986466165
1172,32,63.72207792,31.72207792,11,101208003,36.02207792
1182,87,89.44444444,2.444444444,11,101208002,6.744444444
1192,62,68.24074074,6.240740741,11,101205093,10.54074074
1202,64,69.27876984,5.278769841,11,101205043,9.578769841
1212,85,80.05555556,-4.944444444,11,101205029,-0.644444444
1222,91,89.44444444,-1.555555556,11,101204026,2.744444444
1232,90,92.85714286,2.857142857,11,101203054,7.157142857
1242,56,68.5239229,12.5239229,11,101203004,16.8239229
1252,60,65.84214286,5.842142857,11,101103034,10.14214286
1262,65,77.96031746,12.96031746,11,101102026,17.26031746
1272,94,92.85714286,-1.142857143,11,101102025,3.157142857
1282,81,77.31649413,-3.683505866,11,101101050,0.616494134
1292,86,80.05555556,-5.944444444,11,100508018,-1.644444444
1302,81,77.51851852,-3.481481481,11,100401072,0.818518519
1312,78,79.16137566,1.161375661,11,100401044,5.461375661
1322,96,87.01466667,-8.985333333,11,100208053,-4.685333333
1332,99,96.27777778,-2.722222222,11,100206009,1.577777778
1342,67,65.85714286,-1.142857143,11,100202044,3.157142857
1352,94,92.85714286,-1.142857143,11,100104041,3.157142857
1362,98,84.79747899,-13.20252101,11,100101021,-8.902521008
3,55,60.65079365,5.650793651,12,101208087,9.950793651
13,91,84.03639456,-6.963605442,12,102205089,-2.663605442
23,77,78.80674603,1.806746032,12,101208066,6.106746032
33,99,94.11507937,-4.884920635,12,101208030,-0.584920635
43,74,80.05555556,6.055555556,12,102208075,10.35555556
53,66,60.65079365,-5.349206349,12,102205037,-1.049206349
63,83,80.05555556,-2.944444444,12,102104031,1.355555556
73,71,73.45702948,2.457029478,12,101208085,6.757029478
83,89,89.44444444,0.444444444,12,101208069,4.744444444
93,56,55.44444444,-0.555555556,12,102208088,3.744444444
103,81,79.55603175,-1.443968254,12,102208081,2.856031746
113,33,69.76555556,36.76555556,12,102208058,41.06555556
123,53,55.44444444,2.444444444,12,102208049,6.744444444
133,67,65.85714286,-1.142857143,12,102208033,3.157142857
143,92,84.55701058,-7.442989418,12,102208008,-3.142989418
153,63,73.89047619,10.89047619,12,101208074,15.19047619
163,33,40.7,7.7,12,99304030,12
173,99,99,0,12,99203054,4.3
183,99,99,0,12,103302104,4.3
193,99,99,0,12,103302103,4.3
203,78,80.05555556,2.055555556,12,102306046,6.355555556
213,48,40.7,-7.3,12,102306041,-3
223,55,55.44444444,0.444444444,12,102209035,4.744444444
233,83,80.05555556,-2.944444444,12,102208090,1.355555556
243,80,80.05555556,0.055555556,12,102208089,4.355555556
253,96,95.66666667,-0.333333333,12,102208086,3.966666667
263,84,80.05555556,-3.944444444,12,102208085,0.355555556
273,65,69.00595238,4.005952381,12,102208084,8.305952381
283,61,61.5,0.5,12,102208083,4.8
293,94,88.38888889,-5.611111111,12,102208082,-1.311111111
303,66,65.85714286,-0.142857143,12,102208078,4.157142857
313,78,80.05555556,2.055555556,12,102208074,6.355555556
323,80,80.05555556,0.055555556,12,102208073,4.355555556
333,67,65.85714286,-1.142857143,12,102208068,3.157142857
343,77,80.05555556,3.055555556,12,102208066,7.355555556
353,72,74.81417234,2.814172336,12,102208065,7.114172336
363,47,40.7,-6.3,12,102208064,-2
373,68,68.28571429,0.285714286,12,102208063,4.585714286
383,41,40.7,-0.3,12,102208062,4
393,88,89.44444444,1.444444444,12,102208061,5.744444444
403,57,55.44444444,-1.555555556,12,102208060,2.744444444
413,67,65.85714286,-1.142857143,12,102208059,3.157142857
423,87,80.05555556,-6.944444444,12,102208057,-2.644444444
433,83,80.05555556,-2.944444444,12,102208056,1.355555556
443,90,89.44444444,-0.555555556,12,102208055,3.744444444
453,64,61.5,-2.5,12,102208054,1.8
463,32,40.7,8.7,12,102208053,13
473,92,92.85714286,0.857142857,12,102208052,5.157142857
483,99,99,0,12,102208046,4.3
493,99,89.5,-9.5,12,102208045,-5.2
503,58,55.44444444,-2.555555556,12,102208044,1.744444444
513,73,75.44986772,2.449867725,12,102208043,6.749867725
523,93,92.85714286,-0.142857143,12,102208042,4.157142857
533,64,62,-2,12,102208041,2.3
543,68,68.28571429,0.285714286,12,102208038,4.585714286
553,76,67.75,-8.25,12,102208034,-3.95
563,68,65.85714286,-2.142857143,12,102208032,2.157142857
573,83,80.05555556,-2.944444444,12,102208030,1.355555556
583,99,99,0,12,102208029,4.3
593,99,99,0,12,102208024,4.3
603,99,99,0,12,102208023,4.3
613,91,74.15079365,-16.84920635,12,102208022,-12.54920635
623,84,80.05555556,-3.944444444,12,102208021,0.355555556
633,94,88.32979798,-5.67020202,12,102208018,-1.37020202
643,90,89.45959596,-0.54040404,12,102208017,3.75959596
653,70,71,1,12,102208014,5.3
663,95,95.66666667,0.666666667,12,102208010,4.966666667
673,66,68.28571429,2.285714286,12,102208007,6.585714286
683,90,92.85714286,2.857142857,12,102208006,7.157142857
693,66,69.04994331,3.049943311,12,102208005,7.349943311
703,99,99,0,12,102208004,4.3
713,68,71.82142857,3.821428571,12,102208002,8.121428571
723,92,92.85714286,0.857142857,12,102208001,5.157142857
733,99,92.98778999,-6.012210012,12,102205095,-1.712210012
743,87,80.05555556,-6.944444444,12,102205092,-2.644444444
753,62,61.06349206,-0.936507937,12,102205081,3.363492063
763,60,62,2,12,102205051,6.3
773,72,75.43174603,3.431746032,12,102205033,7.731746032
783,62,61.5,-0.5,12,102205030,3.8
793,99,96.15,-2.85,12,102205024,1.45
803,56,55.44444444,-0.555555556,12,102205022,3.744444444
813,65,65.85714286,0.857142857,12,102205020,5.157142857
823,97,94.35832489,-2.64167511,12,102205017,1.65832489
833,72,80.05555556,8.055555556,12,102103012,12.35555556
843,96,85.74274376,-10.25725624,12,101502012,-5.957256236
853,60,77,17,12,101401042,21.3
863,49,59.66417234,10.66417234,12,101302049,14.96417234
873,76,80.05555556,4.055555556,12,101209037,8.355555556
883,73,80.05555556,7.055555556,12,101208094,11.35555556
893,90,89.44444444,-0.555555556,12,101208091,3.744444444
903,99,99,0,12,101208090,4.3
913,83,83.59722222,0.597222222,12,101208084,4.897222222
923,85,80.05555556,-4.944444444,12,101208082,-0.644444444
933,99,83.15537919,-15.84462081,12,101208080,-11.54462081
943,89,89.44444444,0.444444444,12,101208079,4.744444444
953,67,70.34375,3.34375,12,101208078,7.64375
963,92,85.1954823,-6.804517705,12,101208070,-2.504517705
973,99,91.86992063,-7.130079365,12,101208065,-2.830079365
983,74,80.05555556,6.055555556,12,101208064,10.35555556
993,82,80.80844156,-1.191558442,12,101208062,3.108441558
1003,70,68.28571429,-1.714285714,12,101208060,2.585714286
1013,99,99,0,12,101208058,4.3
1023,80,80.05555556,0.055555556,12,101208056,4.355555556
1033,79,80.05555556,1.055555556,12,101208055,5.355555556
1043,80,80.05555556,0.055555556,12,101208054,4.355555556
1053,82,79.75281385,-2.247186147,12,101208053,2.052813853
1063,83,80.05555556,-2.944444444,12,101208052,1.355555556
1073,92,92.85714286,0.857142857,12,101208050,5.157142857
1083,96,88.65088702,-7.349112979,12,101208034,-3.049112979
1093,66,65.85714286,-0.142857143,12,101208031,4.157142857
1103,42,40.7,-1.3,12,101208025,3
1113,53,55.44444444,2.444444444,12,101208017,6.744444444
1123,75,80.05555556,5.055555556,12,101208015,9.355555556
1133,50,47.47692308,-2.523076923,12,101208013,1.776923077
1143,62,70.95372405,8.953724054,12,101208008,13.25372405
1153,69,71,2,12,101208005,6.3
1163,99,94.44505495,-4.554945055,12,101208004,-0.254945055
1173,32,62.44821429,30.44821429,12,101208003,34.74821429
1183,87,89.44444444,2.444444444,12,101208002,6.744444444
1193,62,61.5,-0.5,12,101205093,3.8
1203,64,71.25510204,7.255102041,12,101205043,11.55510204
1213,85,80.05555556,-4.944444444,12,101205029,-0.644444444
1223,91,89.44444444,-1.555555556,12,101204026,2.744444444
1233,90,92.85714286,2.857142857,12,101203054,7.157142857
1243,56,70.1978355,14.1978355,12,101203004,18.4978355
1253,60,61.5,1.5,12,101103034,5.8
1263,65,77.65079365,12.65079365,12,101102026,16.95079365
1273,94,92.85714286,-1.142857143,12,101102025,3.157142857
1283,81,79.55603175,-1.443968254,12,101101050,2.856031746
1293,86,80.05555556,-5.944444444,12,100508018,-1.644444444
1303,81,73.90277778,-7.097222222,12,100401072,-2.797222222
1313,78,73.90277778,-4.097222222,12,100401044,0.202777778
1323,96,93.37261905,-2.627380952,12,100208053,1.672619048
1333,99,99,0,12,100206009,4.3
1343,67,65.85714286,-1.142857143,12,100202044,3.157142857
1353,94,92.85714286,-1.142857143,12,100104041,3.157142857
1363,98,90.38265306,-7.617346939,12,100101021,-3.317346939
4,55,60.65079365,5.650793651,13,101208087,9.950793651
14,91,84.03639456,-6.963605442,13,102205089,-2.663605442
24,77,78.80674603,1.806746032,13,101208066,6.106746032
34,99,94.11507937,-4.884920635,13,101208030,-0.584920635
44,74,80.05555556,6.055555556,13,102208075,10.35555556
54,66,60.65079365,-5.349206349,13,102205037,-2.449206349
64,83,80.05555556,-2.944444444,13,102104031,-0.044444444
74,71,73.45702948,2.457029478,13,101208085,5.357029478
84,89,89.44444444,0.444444444,13,101208069,3.344444444
94,56,55.44444444,-0.555555556,13,102208088,2.344444444
104,81,79.55603175,-1.443968254,13,102208081,1.456031746
114,33,69.76555556,36.76555556,13,102208058,39.66555556
124,53,55.44444444,2.444444444,13,102208049,5.344444444
134,67,65.85714286,-1.142857143,13,102208033,1.757142857
144,92,84.55701058,-7.442989418,13,102208008,-4.542989418
154,63,73.89047619,10.89047619,13,101208074,13.79047619
164,33,40.7,7.7,13,99304030,10.6
174,99,99,0,13,99203054,2.9
184,99,99,0,13,103302104,2.9
194,99,99,0,13,103302103,2.9
204,78,80.05555556,2.055555556,13,102306046,4.955555556
214,48,40.7,-7.3,13,102306041,-4.4
224,55,55.44444444,0.444444444,13,102209035,3.344444444
234,83,80.05555556,-2.944444444,13,102208090,-0.044444444
244,80,80.05555556,0.055555556,13,102208089,2.955555556
254,96,95.66666667,-0.333333333,13,102208086,2.566666667
264,84,80.05555556,-3.944444444,13,102208085,-1.044444444
274,65,69.00595238,4.005952381,13,102208084,6.905952381
284,61,61.5,0.5,13,102208083,3.4
294,94,88.38888889,-5.611111111,13,102208082,-2.711111111
304,66,65.85714286,-0.142857143,13,102208078,2.757142857
314,78,80.05555556,2.055555556,13,102208074,4.955555556
324,80,80.05555556,0.055555556,13,102208073,2.955555556
334,67,65.85714286,-1.142857143,13,102208068,1.757142857
344,77,80.05555556,3.055555556,13,102208066,5.955555556
354,72,74.81417234,2.814172336,13,102208065,5.714172336
364,47,40.7,-6.3,13,102208064,-3.4
374,68,68.28571429,0.285714286,13,102208063,3.185714286
384,41,40.7,-0.3,13,102208062,2.6
394,88,89.44444444,1.444444444,13,102208061,4.344444444
404,57,55.44444444,-1.555555556,13,102208060,1.344444444
414,67,65.85714286,-1.142857143,13,102208059,1.757142857
424,87,80.05555556,-6.944444444,13,102208057,-4.044444444
434,83,80.05555556,-2.944444444,13,102208056,-0.044444444
444,90,89.44444444,-0.555555556,13,102208055,2.344444444
454,64,61.5,-2.5,13,102208054,0.4
464,32,40.7,8.7,13,102208053,11.6
474,92,92.85714286,0.857142857,13,102208052,3.757142857
484,99,99,0,13,102208046,2.9
494,99,89.5,-9.5,13,102208045,-6.6
504,58,55.44444444,-2.555555556,13,102208044,0.344444444
514,73,75.44986772,2.449867725,13,102208043,5.349867725
524,93,92.85714286,-0.142857143,13,102208042,2.757142857
534,64,62,-2,13,102208041,0.9
544,68,68.28571429,0.285714286,13,102208038,3.185714286
554,76,67.75,-8.25,13,102208034,-5.35
564,68,65.85714286,-2.142857143,13,102208032,0.757142857
574,83,80.05555556,-2.944444444,13,102208030,-0.044444444
584,99,99,0,13,102208029,2.9
594,99,99,0,13,102208024,2.9
604,99,99,0,13,102208023,2.9
614,91,74.15079365,-16.84920635,13,102208022,-13.94920635
624,84,80.05555556,-3.944444444,13,102208021,-1.044444444
634,94,88.32979798,-5.67020202,13,102208018,-2.77020202
644,90,89.45959596,-0.54040404,13,102208017,2.35959596
654,70,71,1,13,102208014,3.9
664,95,95.66666667,0.666666667,13,102208010,3.566666667
674,66,68.28571429,2.285714286,13,102208007,5.185714286
684,90,92.85714286,2.857142857,13,102208006,5.757142857
694,66,69.04994331,3.049943311,13,102208005,5.949943311
704,99,99,0,13,102208004,2.9
714,68,71.82142857,3.821428571,13,102208002,6.721428571
724,92,92.85714286,0.857142857,13,102208001,3.757142857
734,99,92.98778999,-6.012210012,13,102205095,-3.112210012
744,87,80.05555556,-6.944444444,13,102205092,-4.044444444
754,62,61.06349206,-0.936507937,13,102205081,1.963492063
764,60,62,2,13,102205051,4.9
774,72,75.43174603,3.431746032,13,102205033,6.331746032
784,62,61.5,-0.5,13,102205030,2.4
794,99,96.15,-2.85,13,102205024,0.05
804,56,55.44444444,-0.555555556,13,102205022,2.344444444
814,65,65.85714286,0.857142857,13,102205020,3.757142857
824,97,94.35832489,-2.64167511,13,102205017,0.25832489
834,72,80.05555556,8.055555556,13,102103012,10.95555556
844,96,85.74274376,-10.25725624,13,101502012,-7.357256236
854,60,77,17,13,101401042,19.9
864,49,59.66417234,10.66417234,13,101302049,13.56417234
874,76,80.05555556,4.055555556,13,101209037,6.955555556
884,73,80.05555556,7.055555556,13,101208094,9.955555556
894,90,89.44444444,-0.555555556,13,101208091,2.344444444
904,99,99,0,13,101208090,2.9
914,83,83.59722222,0.597222222,13,101208084,3.497222222
924,85,80.05555556,-4.944444444,13,101208082,-2.044444444
934,99,83.15537919,-15.84462081,13,101208080,-12.94462081
944,89,89.44444444,0.444444444,13,101208079,3.344444444
954,67,70.34375,3.34375,13,101208078,6.24375
964,92,85.1954823,-6.804517705,13,101208070,-3.904517705
974,99,91.86992063,-7.130079365,13,101208065,-4.230079365
984,74,80.05555556,6.055555556,13,101208064,8.955555556
994,82,80.80844156,-1.191558442,13,101208062,1.708441558
1004,70,68.28571429,-1.714285714,13,101208060,1.185714286
1014,99,99,0,13,101208058,2.9
1024,80,80.05555556,0.055555556,13,101208056,2.955555556
1034,79,80.05555556,1.055555556,13,101208055,3.955555556
1044,80,80.05555556,0.055555556,13,101208054,2.955555556
1054,82,79.75281385,-2.247186147,13,101208053,0.652813853
1064,83,80.05555556,-2.944444444,13,101208052,-0.044444444
1074,92,92.85714286,0.857142857,13,101208050,3.757142857
1084,96,88.65088702,-7.349112979,13,101208034,-4.449112979
1094,66,65.85714286,-0.142857143,13,101208031,2.757142857
1104,42,40.7,-1.3,13,101208025,1.6
1114,53,55.44444444,2.444444444,13,101208017,5.344444444
1124,75,80.05555556,5.055555556,13,101208015,7.955555556
1134,50,47.47692308,-2.523076923,13,101208013,0.376923077
1144,62,70.95372405,8.953724054,13,101208008,11.85372405
1154,69,71,2,13,101208005,4.9
1164,99,94.44505495,-4.554945055,13,101208004,-1.654945055
1174,32,62.44821429,30.44821429,13,101208003,33.34821429
1184,87,89.44444444,2.444444444,13,101208002,5.344444444
1194,62,61.5,-0.5,13,101205093,2.4
1204,64,69.78835979,5.788359788,13,101205043,8.688359788
1214,85,80.05555556,-4.944444444,13,101205029,-2.044444444
1224,91,89.44444444,-1.555555556,13,101204026,1.344444444
1234,90,92.85714286,2.857142857,13,101203054,5.757142857
1244,56,70.1978355,14.1978355,13,101203004,17.0978355
1254,60,61.5,1.5,13,101103034,4.4
1264,65,77.65079365,12.65079365,13,101102026,15.55079365
1274,94,92.85714286,-1.142857143,13,101102025,1.757142857
1284,81,79.55603175,-1.443968254,13,101101050,1.456031746
1294,86,80.05555556,-5.944444444,13,100508018,-3.044444444
1304,81,73.90277778,-7.097222222,13,100401072,-4.197222222
1314,78,73.90277778,-4.097222222,13,100401044,-1.197222222
1324,96,93.37261905,-2.627380952,13,100208053,0.272619048
1334,99,99,0,13,100206009,2.9
1344,67,65.85714286,-1.142857143,13,100202044,1.757142857
1354,94,92.85714286,-1.142857143,13,100104041,1.757142857
1364,98,90.38265306,-7.617346939,13,100101021,-4.717346939
5,55,60.65079365,5.650793651,14,101208087,8.550793651
15,91,84.03639456,-6.963605442,14,102205089,-4.063605442
25,77,78.80674603,1.806746032,14,101208066,4.706746032
35,99,94.11507937,-4.884920635,14,101208030,-1.984920635
45,74,80.05555556,6.055555556,14,102208075,8.955555556
55,66,60.65079365,-5.349206349,14,102205037,-2.449206349
65,83,80.05555556,-2.944444444,14,102104031,-0.044444444
75,71,73.45702948,2.457029478,14,101208085,5.357029478
85,89,89.44444444,0.444444444,14,101208069,3.344444444
95,56,55.44444444,-0.555555556,14,102208088,2.344444444
105,81,79.55603175,-1.443968254,14,102208081,1.456031746
115,33,69.76555556,36.76555556,14,102208058,39.66555556
125,53,55.44444444,2.444444444,14,102208049,5.344444444
135,67,65.85714286,-1.142857143,14,102208033,1.757142857
145,92,84.55701058,-7.442989418,14,102208008,-4.542989418
155,63,73.89047619,10.89047619,14,101208074,13.79047619
165,33,40.7,7.7,14,99304030,10.6
175,99,99,0,14,99203054,2.9
185,99,99,0,14,103302104,2.9
195,99,99,0,14,103302103,2.9
205,78,80.05555556,2.055555556,14,102306046,4.955555556
215,48,40.7,-7.3,14,102306041,-4.4
225,55,55.44444444,0.444444444,14,102209035,3.344444444
235,83,80.05555556,-2.944444444,14,102208090,-0.044444444
245,80,80.05555556,0.055555556,14,102208089,2.955555556
255,96,95.66666667,-0.333333333,14,102208086,2.566666667
265,84,80.05555556,-3.944444444,14,102208085,-1.044444444
275,65,69.00595238,4.005952381,14,102208084,6.905952381
285,61,61.5,0.5,14,102208083,3.4
295,94,88.38888889,-5.611111111,14,102208082,-2.711111111
305,66,65.85714286,-0.142857143,14,102208078,2.757142857
315,78,80.05555556,2.055555556,14,102208074,4.955555556
325,80,80.05555556,0.055555556,14,102208073,2.955555556
335,67,65.85714286,-1.142857143,14,102208068,1.757142857
345,77,80.05555556,3.055555556,14,102208066,5.955555556
355,72,74.81417234,2.814172336,14,102208065,5.714172336
365,47,40.7,-6.3,14,102208064,-3.4
375,68,68.28571429,0.285714286,14,102208063,3.185714286
385,41,40.7,-0.3,14,102208062,2.6
395,88,89.44444444,1.444444444,14,102208061,4.344444444
405,57,55.44444444,-1.555555556,14,102208060,1.344444444
415,67,65.85714286,-1.142857143,14,102208059,1.757142857
425,87,80.05555556,-6.944444444,14,102208057,-4.044444444
435,83,80.05555556,-2.944444444,14,102208056,-0.044444444
445,90,89.44444444,-0.555555556,14,102208055,2.344444444
455,64,61.5,-2.5,14,102208054,0.4
465,32,40.7,8.7,14,102208053,11.6
475,92,92.85714286,0.857142857,14,102208052,3.757142857
485,99,99,0,14,102208046,2.9
495,99,89.5,-9.5,14,102208045,-6.6
505,58,55.44444444,-2.555555556,14,102208044,0.344444444
515,73,75.44986772,2.449867725,14,102208043,5.349867725
525,93,92.85714286,-0.142857143,14,102208042,2.757142857
535,64,62,-2,14,102208041,0.9
545,68,68.28571429,0.285714286,14,102208038,3.185714286
555,76,67.75,-8.25,14,102208034,-5.35
565,68,65.85714286,-2.142857143,14,102208032,0.757142857
575,83,80.05555556,-2.944444444,14,102208030,-0.044444444
585,99,99,0,14,102208029,2.9
595,99,99,0,14,102208024,2.9
605,99,99,0,14,102208023,2.9
615,91,74.15079365,-16.84920635,14,102208022,-13.94920635
625,84,80.05555556,-3.944444444,14,102208021,-1.044444444
635,94,88.32979798,-5.67020202,14,102208018,-2.77020202
645,90,89.45959596,-0.54040404,14,102208017,2.35959596
655,70,71,1,14,102208014,3.9
665,95,95.66666667,0.666666667,14,102208010,3.566666667
675,66,68.28571429,2.285714286,14,102208007,5.185714286
685,90,92.85714286,2.857142857,14,102208006,5.757142857
695,66,69.04994331,3.049943311,14,102208005,5.949943311
705,99,99,0,14,102208004,2.9
715,68,70.22268908,2.222689076,14,102208002,5.122689076
725,92,92.85714286,0.857142857,14,102208001,3.757142857
735,99,92.98778999,-6.012210012,14,102205095,-3.112210012
745,87,80.05555556,-6.944444444,14,102205092,-4.044444444
755,62,61.06349206,-0.936507937,14,102205081,1.963492063
765,60,62,2,14,102205051,4.9
775,72,75.43174603,3.431746032,14,102205033,6.331746032
785,62,61.5,-0.5,14,102205030,2.4
795,99,96.15,-2.85,14,102205024,0.05
805,56,55.44444444,-0.555555556,14,102205022,2.344444444
815,65,65.85714286,0.857142857,14,102205020,3.757142857
825,97,94.35832489,-2.64167511,14,102205017,0.25832489
835,72,80.05555556,8.055555556,14,102103012,10.95555556
845,96,85.74274376,-10.25725624,14,101502012,-7.357256236
855,60,77,17,14,101401042,19.9
865,49,59.66417234,10.66417234,14,101302049,13.56417234
875,76,80.05555556,4.055555556,14,101209037,6.955555556
885,73,80.05555556,7.055555556,14,101208094,9.955555556
895,90,89.44444444,-0.555555556,14,101208091,2.344444444
905,99,99,0,14,101208090,2.9
915,83,81.3968254,-1.603174603,14,101208084,1.296825397
925,85,80.05555556,-4.944444444,14,101208082,-2.044444444
935,99,83.15537919,-15.84462081,14,101208080,-12.94462081
945,89,89.44444444,0.444444444,14,101208079,3.344444444
955,67,70.34375,3.34375,14,101208078,6.24375
965,92,85.1954823,-6.804517705,14,101208070,-3.904517705
975,99,91.86992063,-7.130079365,14,101208065,-4.230079365
985,74,80.05555556,6.055555556,14,101208064,8.955555556
995,82,80.80844156,-1.191558442,14,101208062,1.708441558
1005,70,68.28571429,-1.714285714,14,101208060,1.185714286
1015,99,99,0,14,101208058,2.9
1025,80,80.05555556,0.055555556,14,101208056,2.955555556
1035,79,80.05555556,1.055555556,14,101208055,3.955555556
1045,80,80.05555556,0.055555556,14,101208054,2.955555556
1055,82,80.05555556,-1.944444444,14,101208053,0.955555556
1065,83,80.05555556,-2.944444444,14,101208052,-0.044444444
1075,92,92.85714286,0.857142857,14,101208050,3.757142857
1085,96,88.65088702,-7.349112979,14,101208034,-4.449112979
1095,66,65.85714286,-0.142857143,14,101208031,2.757142857
1105,42,40.7,-1.3,14,101208025,1.6
1115,53,55.44444444,2.444444444,14,101208017,5.344444444
1125,75,80.05555556,5.055555556,14,101208015,7.955555556
1135,50,47.47692308,-2.523076923,14,101208013,0.376923077
1145,62,70.95372405,8.953724054,14,101208008,11.85372405
1155,69,71,2,14,101208005,4.9
1165,99,94.44505495,-4.554945055,14,101208004,-1.654945055
1175,32,62.44821429,30.44821429,14,101208003,33.34821429
1185,87,89.44444444,2.444444444,14,101208002,5.344444444
1195,62,61.5,-0.5,14,101205093,2.4
1205,64,65.85714286,1.857142857,14,101205043,4.757142857
1215,85,80.05555556,-4.944444444,14,101205029,-2.044444444
1225,91,89.44444444,-1.555555556,14,101204026,1.344444444
1235,90,92.85714286,2.857142857,14,101203054,5.757142857
1245,56,70.1978355,14.1978355,14,101203004,17.0978355
1255,60,61.5,1.5,14,101103034,4.4
1265,65,77.65079365,12.65079365,14,101102026,15.55079365
1275,94,92.85714286,-1.142857143,14,101102025,1.757142857
1285,81,79.55603175,-1.443968254,14,101101050,1.456031746
1295,86,80.05555556,-5.944444444,14,100508018,-3.044444444
1305,81,73.90277778,-7.097222222,14,100401072,-4.197222222
1315,78,73.90277778,-4.097222222,14,100401044,-1.197222222
1325,96,93.37261905,-2.627380952,14,100208053,0.272619048
1335,99,99,0,14,100206009,2.9
1345,67,65.85714286,-1.142857143,14,100202044,1.757142857
1355,94,92.85714286,-1.142857143,14,100104041,1.757142857
1365,98,90.38265306,-7.617346939,14,100101021,-4.717346939
6,55,60.65079365,5.650793651,15,101208087,8.550793651
16,91,84.03639456,-6.963605442,15,102205089,-4.063605442
26,77,78.80674603,1.806746032,15,101208066,4.706746032
36,99,94.11507937,-4.884920635,15,101208030,-1.984920635
46,74,80.05555556,6.055555556,15,102208075,8.955555556
56,66,60.65079365,-5.349206349,15,102205037,-2.449206349
66,83,80.05555556,-2.944444444,15,102104031,-0.044444444
76,71,73.45702948,2.457029478,15,101208085,5.357029478
86,89,89.44444444,0.444444444,15,101208069,3.344444444
96,56,55.44444444,-0.555555556,15,102208088,2.344444444
106,81,79.55603175,-1.443968254,15,102208081,1.456031746
116,33,69.76555556,36.76555556,15,102208058,39.66555556
126,53,55.44444444,2.444444444,15,102208049,5.344444444
136,67,65.85714286,-1.142857143,15,102208033,1.757142857
146,92,84.55701058,-7.442989418,15,102208008,-4.542989418
156,63,73.89047619,10.89047619,15,101208074,13.79047619
166,33,40.7,7.7,15,99304030,10.6
176,99,99,0,15,99203054,2.9
186,99,99,0,15,103302104,2.9
196,99,99,0,15,103302103,2.9
206,78,80.05555556,2.055555556,15,102306046,4.955555556
216,48,40.7,-7.3,15,102306041,-4.4
226,55,55.44444444,0.444444444,15,102209035,3.344444444
236,83,80.05555556,-2.944444444,15,102208090,-0.044444444
246,80,80.05555556,0.055555556,15,102208089,2.955555556
256,96,95.66666667,-0.333333333,15,102208086,2.566666667
266,84,80.05555556,-3.944444444,15,102208085,-1.044444444
276,65,69.00595238,4.005952381,15,102208084,6.905952381
286,61,61.5,0.5,15,102208083,3.4
296,94,88.38888889,-5.611111111,15,102208082,-2.711111111
306,66,65.85714286,-0.142857143,15,102208078,2.757142857
316,78,80.05555556,2.055555556,15,102208074,4.955555556
326,80,80.05555556,0.055555556,15,102208073,2.955555556
336,67,65.85714286,-1.142857143,15,102208068,1.757142857
346,77,80.05555556,3.055555556,15,102208066,5.955555556
356,72,74.05555556,2.055555556,15,102208065,4.955555556
366,47,40.7,-6.3,15,102208064,-3.4
376,68,68.28571429,0.285714286,15,102208063,3.185714286
386,41,40.7,-0.3,15,102208062,2.6
396,88,89.44444444,1.444444444,15,102208061,4.344444444
406,57,55.44444444,-1.555555556,15,102208060,1.344444444
416,67,65.85714286,-1.142857143,15,102208059,1.757142857
426,87,80.05555556,-6.944444444,15,102208057,-4.044444444
436,83,80.05555556,-2.944444444,15,102208056,-0.044444444
446,90,89.44444444,-0.555555556,15,102208055,2.344444444
456,64,61.5,-2.5,15,102208054,0.4
466,32,40.7,8.7,15,102208053,11.6
476,92,92.85714286,0.857142857,15,102208052,3.757142857
486,99,99,0,15,102208046,2.9
496,99,89.5,-9.5,15,102208045,-6.6
506,58,55.44444444,-2.555555556,15,102208044,0.344444444
516,73,77.18412698,4.184126984,15,102208043,7.084126984
526,93,92.85714286,-0.142857143,15,102208042,2.757142857
536,64,62,-2,15,102208041,0.9
546,68,68.28571429,0.285714286,15,102208038,3.185714286
556,76,67.75,-8.25,15,102208034,-5.35
566,68,65.85714286,-2.142857143,15,102208032,0.757142857
576,83,80.05555556,-2.944444444,15,102208030,-0.044444444
586,99,99,0,15,102208029,2.9
596,99,99,0,15,102208024,2.9
606,99,99,0,15,102208023,2.9
616,91,74.15079365,-16.84920635,15,102208022,-13.94920635
626,84,80.05555556,-3.944444444,15,102208021,-1.044444444
636,94,88.32979798,-5.67020202,15,102208018,-2.77020202
646,90,89.45959596,-0.54040404,15,102208017,2.35959596
656,70,71,1,15,102208014,3.9
666,95,95.66666667,0.666666667,15,102208010,3.566666667
676,66,68.28571429,2.285714286,15,102208007,5.185714286
686,90,92.85714286,2.857142857,15,102208006,5.757142857
696,66,69.04994331,3.049943311,15,102208005,5.949943311
706,99,99,0,15,102208004,2.9
716,68,70.22268908,2.222689076,15,102208002,5.122689076
726,92,92.85714286,0.857142857,15,102208001,3.757142857
736,99,92.98778999,-6.012210012,15,102205095,-3.112210012
746,87,80.05555556,-6.944444444,15,102205092,-4.044444444
756,62,61.06349206,-0.936507937,15,102205081,1.963492063
766,60,62,2,15,102205051,4.9
776,72,75.43174603,3.431746032,15,102205033,6.331746032
786,62,61.5,-0.5,15,102205030,2.4
796,99,96.15,-2.85,15,102205024,0.05
806,56,55.44444444,-0.555555556,15,102205022,2.344444444
816,65,65.85714286,0.857142857,15,102205020,3.757142857
826,97,94.35832489,-2.64167511,15,102205017,0.25832489
836,72,80.05555556,8.055555556,15,102103012,10.95555556
846,96,85.74274376,-10.25725624,15,101502012,-7.357256236
856,60,77,17,15,101401042,19.9
866,49,59.66417234,10.66417234,15,101302049,13.56417234
876,76,80.05555556,4.055555556,15,101209037,6.955555556
886,73,80.05555556,7.055555556,15,101208094,9.955555556
896,90,89.44444444,-0.555555556,15,101208091,2.344444444
906,99,99,0,15,101208090,2.9
916,83,81.3968254,-1.603174603,15,101208084,1.296825397
926,85,80.05555556,-4.944444444,15,101208082,-2.044444444
936,99,83.15537919,-15.84462081,15,101208080,-12.94462081
946,89,89.44444444,0.444444444,15,101208079,3.344444444
956,67,70.34375,3.34375,15,101208078,6.24375
966,92,85.1954823,-6.804517705,15,101208070,-3.904517705
976,99,91.86992063,-7.130079365,15,101208065,-4.230079365
986,74,80.05555556,6.055555556,15,101208064,8.955555556
996,82,80.80844156,-1.191558442,15,101208062,1.708441558
1006,70,68.28571429,-1.714285714,15,101208060,1.185714286
1016,99,99,0,15,101208058,2.9
1026,80,80.05555556,0.055555556,15,101208056,2.955555556
1036,79,80.05555556,1.055555556,15,101208055,3.955555556
1046,80,80.05555556,0.055555556,15,101208054,2.955555556
1056,82,80.05555556,-1.944444444,15,101208053,0.955555556
1066,83,80.05555556,-2.944444444,15,101208052,-0.044444444
1076,92,92.85714286,0.857142857,15,101208050,3.757142857
1086,96,88.65088702,-7.349112979,15,101208034,-4.449112979
1096,66,65.85714286,-0.142857143,15,101208031,2.757142857
1106,42,40.7,-1.3,15,101208025,1.6
1116,53,55.44444444,2.444444444,15,101208017,5.344444444
1126,75,80.05555556,5.055555556,15,101208015,7.955555556
1136,50,47.47692308,-2.523076923,15,101208013,0.376923077
1146,62,70.95372405,8.953724054,15,101208008,11.85372405
1156,69,71,2,15,101208005,4.9
1166,99,94.44505495,-4.554945055,15,101208004,-1.654945055
1176,32,62.44821429,30.44821429,15,101208003,33.34821429
1186,87,89.44444444,2.444444444,15,101208002,5.344444444
1196,62,61.5,-0.5,15,101205093,2.4
1206,64,65.85714286,1.857142857,15,101205043,4.757142857
1216,85,80.05555556,-4.944444444,15,101205029,-2.044444444
1226,91,89.44444444,-1.555555556,15,101204026,1.344444444
1236,90,92.85714286,2.857142857,15,101203054,5.757142857
1246,56,70.1978355,14.1978355,15,101203004,17.0978355
1256,60,61.5,1.5,15,101103034,4.4
1266,65,77.65079365,12.65079365,15,101102026,15.55079365
1276,94,92.85714286,-1.142857143,15,101102025,1.757142857
1286,81,79.55603175,-1.443968254,15,101101050,1.456031746
1296,86,80.05555556,-5.944444444,15,100508018,-3.044444444
1306,81,73.90277778,-7.097222222,15,100401072,-4.197222222
1316,78,73.90277778,-4.097222222,15,100401044,-1.197222222
1326,96,93.37261905,-2.627380952,15,100208053,0.272619048
1336,99,99,0,15,100206009,2.9
1346,67,65.85714286,-1.142857143,15,100202044,1.757142857
1356,94,92.85714286,-1.142857143,15,100104041,1.757142857
1366,98,92.08241758,-5.917582418,15,100101021,-3.017582418
7,55,60.65079365,5.650793651,16,101208087,8.550793651
17,91,84.03639456,-6.963605442,16,102205089,-4.063605442
27,77,78.80674603,1.806746032,16,101208066,4.306746032
37,99,94.11507937,-4.884920635,16,101208030,-2.384920635
47,74,80.05555556,6.055555556,16,102208075,8.555555556
57,66,60.65079365,-5.349206349,16,102205037,-2.849206349
67,83,80.05555556,-2.944444444,16,102104031,-0.444444444
77,71,73.45702948,2.457029478,16,101208085,4.957029478
87,89,89.44444444,0.444444444,16,101208069,2.944444444
97,56,55.44444444,-0.555555556,16,102208088,1.944444444
107,81,79.55603175,-1.443968254,16,102208081,1.056031746
117,33,69.76555556,36.76555556,16,102208058,39.26555556
127,53,55.44444444,2.444444444,16,102208049,4.944444444
137,67,65.85714286,-1.142857143,16,102208033,1.357142857
147,92,84.55701058,-7.442989418,16,102208008,-4.942989418
157,63,73.89047619,10.89047619,16,101208074,13.39047619
167,33,40.7,7.7,16,99304030,10.2
177,99,99,0,16,99203054,2.5
187,99,99,0,16,103302104,2.5
197,99,99,0,16,103302103,2.5
207,78,80.05555556,2.055555556,16,102306046,4.555555556
217,48,40.7,-7.3,16,102306041,-4.8
227,55,55.44444444,0.444444444,16,102209035,2.944444444
237,83,80.05555556,-2.944444444,16,102208090,-0.444444444
247,80,80.05555556,0.055555556,16,102208089,2.555555556
257,96,95.66666667,-0.333333333,16,102208086,2.166666667
267,84,80.05555556,-3.944444444,16,102208085,-1.444444444
277,65,65.85714286,0.857142857,16,102208084,3.357142857
287,61,61.5,0.5,16,102208083,3
297,94,88.38888889,-5.611111111,16,102208082,-3.111111111
307,66,65.85714286,-0.142857143,16,102208078,2.357142857
317,78,80.05555556,2.055555556,16,102208074,4.555555556
327,80,80.05555556,0.055555556,16,102208073,2.555555556
337,67,65.85714286,-1.142857143,16,102208068,1.357142857
347,77,80.05555556,3.055555556,16,102208066,5.555555556
357,72,74.05555556,2.055555556,16,102208065,4.555555556
367,47,40.7,-6.3,16,102208064,-3.8
377,68,68.28571429,0.285714286,16,102208063,2.785714286
387,41,40.7,-0.3,16,102208062,2.2
397,88,89.44444444,1.444444444,16,102208061,3.944444444
407,57,55.44444444,-1.555555556,16,102208060,0.944444444
417,67,65.85714286,-1.142857143,16,102208059,1.357142857
427,87,80.05555556,-6.944444444,16,102208057,-4.444444444
437,83,80.05555556,-2.944444444,16,102208056,-0.444444444
447,90,89.44444444,-0.555555556,16,102208055,1.944444444
457,64,61.5,-2.5,16,102208054,0
467,32,40.7,8.7,16,102208053,11.2
477,92,92.85714286,0.857142857,16,102208052,3.357142857
487,99,99,0,16,102208046,2.5
497,99,89.5,-9.5,16,102208045,-7
507,58,55.44444444,-2.555555556,16,102208044,-0.055555556
517,73,77.18412698,4.184126984,16,102208043,6.684126984
527,93,92.85714286,-0.142857143,16,102208042,2.357142857
537,64,62,-2,16,102208041,0.5
547,68,68.28571429,0.285714286,16,102208038,2.785714286
557,76,67.75,-8.25,16,102208034,-5.75
567,68,65.85714286,-2.142857143,16,102208032,0.357142857
577,83,80.05555556,-2.944444444,16,102208030,-0.444444444
587,99,99,0,16,102208029,2.5
597,99,99,0,16,102208024,2.5
607,99,99,0,16,102208023,2.5
617,91,74.15079365,-16.84920635,16,102208022,-14.34920635
627,84,80.05555556,-3.944444444,16,102208021,-1.444444444
637,94,88.32979798,-5.67020202,16,102208018,-3.17020202
647,90,89.45959596,-0.54040404,16,102208017,1.95959596
657,70,71,1,16,102208014,3.5
667,95,95.66666667,0.666666667,16,102208010,3.166666667
677,66,68.28571429,2.285714286,16,102208007,4.785714286
687,90,92.85714286,2.857142857,16,102208006,5.357142857
697,66,69.04994331,3.049943311,16,102208005,5.549943311
707,99,99,0,16,102208004,2.5
717,68,70.22268908,2.222689076,16,102208002,4.722689076
727,92,92.85714286,0.857142857,16,102208001,3.357142857
737,99,92.98778999,-6.012210012,16,102205095,-3.512210012
747,87,80.05555556,-6.944444444,16,102205092,-4.444444444
757,62,61.06349206,-0.936507937,16,102205081,1.563492063
767,60,62,2,16,102205051,4.5
777,72,75.43174603,3.431746032,16,102205033,5.931746032
787,62,61.5,-0.5,16,102205030,2
797,99,96.15,-2.85,16,102205024,-0.35
807,56,55.44444444,-0.555555556,16,102205022,1.944444444
817,65,65.85714286,0.857142857,16,102205020,3.357142857
827,97,94.35832489,-2.64167511,16,102205017,-0.14167511
837,72,80.05555556,8.055555556,16,102103012,10.55555556
847,96,85.74274376,-10.25725624,16,101502012,-7.757256236
857,60,77,17,16,101401042,19.5
867,49,59.66417234,10.66417234,16,101302049,13.16417234
877,76,80.05555556,4.055555556,16,101209037,6.555555556
887,73,80.05555556,7.055555556,16,101208094,9.555555556
897,90,89.44444444,-0.555555556,16,101208091,1.944444444
907,99,99,0,16,101208090,2.5
917,83,81.3968254,-1.603174603,16,101208084,0.896825397
927,85,80.05555556,-4.944444444,16,101208082,-2.444444444
937,99,83.15537919,-15.84462081,16,101208080,-13.34462081
947,89,89.44444444,0.444444444,16,101208079,2.944444444
957,67,70.34375,3.34375,16,101208078,5.84375
967,92,85.1954823,-6.804517705,16,101208070,-4.304517705
977,99,91.86992063,-7.130079365,16,101208065,-4.630079365
987,74,80.05555556,6.055555556,16,101208064,8.555555556
997,82,80.80844156,-1.191558442,16,101208062,1.308441558
1007,70,68.28571429,-1.714285714,16,101208060,0.785714286
1017,99,99,0,16,101208058,2.5
1027,80,80.05555556,0.055555556,16,101208056,2.555555556
1037,79,80.05555556,1.055555556,16,101208055,3.555555556
1047,80,80.05555556,0.055555556,16,101208054,2.555555556
1057,82,80.05555556,-1.944444444,16,101208053,0.555555556
1067,83,80.05555556,-2.944444444,16,101208052,-0.444444444
1077,92,92.85714286,0.857142857,16,101208050,3.357142857
1087,96,88.65088702,-7.349112979,16,101208034,-4.849112979
1097,66,65.85714286,-0.142857143,16,101208031,2.357142857
1107,42,40.7,-1.3,16,101208025,1.2
1117,53,55.44444444,2.444444444,16,101208017,4.944444444
1127,75,80.05555556,5.055555556,16,101208015,7.555555556
1137,50,47.47692308,-2.523076923,16,101208013,-0.023076923
1147,62,70.95372405,8.953724054,16,101208008,11.45372405
1157,69,71,2,16,101208005,4.5
1167,99,94.44505495,-4.554945055,16,101208004,-2.054945055
1177,32,62.44821429,30.44821429,16,101208003,32.94821429
1187,87,89.44444444,2.444444444,16,101208002,4.944444444
1197,62,61.5,-0.5,16,101205093,2
1207,64,65.85714286,1.857142857,16,101205043,4.357142857
1217,85,80.05555556,-4.944444444,16,101205029,-2.444444444
1227,91,89.44444444,-1.555555556,16,101204026,0.944444444
1237,90,92.85714286,2.857142857,16,101203054,5.357142857
1247,56,70.1978355,14.1978355,16,101203004,16.6978355
1257,60,61.5,1.5,16,101103034,4
1267,65,77.65079365,12.65079365,16,101102026,15.15079365
1277,94,92.85714286,-1.142857143,16,101102025,1.357142857
1287,81,79.55603175,-1.443968254,16,101101050,1.056031746
1297,86,80.05555556,-5.944444444,16,100508018,-3.444444444
1307,81,73.90277778,-7.097222222,16,100401072,-4.597222222
1317,78,73.90277778,-4.097222222,16,100401044,-1.597222222
1327,96,93.37261905,-2.627380952,16,100208053,-0.127380952
1337,99,99,0,16,100206009,2.5
1347,67,65.85714286,-1.142857143,16,100202044,1.357142857
1357,94,92.85714286,-1.142857143,16,100104041,1.357142857
1367,98,92.08241758,-5.917582418,16,100101021,-3.417582418
8,55,60.65079365,5.650793651,17,101208087,8.150793651
18,91,84.34261294,-6.657387057,17,102205089,-4.157387057
28,77,80.05555556,3.055555556,17,101208066,5.555555556
38,99,95.05238095,-3.947619048,17,101208030,-1.447619048
48,74,80.05555556,6.055555556,17,102208075,8.555555556
58,66,60.65079365,-5.349206349,17,102205037,-2.849206349
68,83,80.05555556,-2.944444444,17,102104031,-0.444444444
78,71,72.94945055,1.949450549,17,101208085,4.449450549
88,89,89.44444444,0.444444444,17,101208069,2.944444444
98,56,55.44444444,-0.555555556,17,102208088,1.944444444
108,81,79.52974102,-1.470258981,17,102208081,1.029741019
118,33,65.59285714,32.59285714,17,102208058,35.09285714
128,53,55.44444444,2.444444444,17,102208049,4.944444444
138,67,65.85714286,-1.142857143,17,102208033,1.357142857
148,92,84.96623377,-7.033766234,17,102208008,-4.533766234
158,63,72.65746032,9.657460317,17,101208074,12.15746032
168,33,40.7,7.7,17,99304030,10.2
178,99,99,0,17,99203054,2.5
188,99,99,0,17,103302104,2.5
198,99,99,0,17,103302103,2.5
208,78,80.05555556,2.055555556,17,102306046,4.555555556
218,48,40.7,-7.3,17,102306041,-4.8
228,55,55.44444444,0.444444444,17,102209035,2.944444444
238,83,80.05555556,-2.944444444,17,102208090,-0.444444444
248,80,80.05555556,0.055555556,17,102208089,2.555555556
258,96,95.66666667,-0.333333333,17,102208086,2.166666667
268,84,80.05555556,-3.944444444,17,102208085,-1.444444444
278,65,65.85714286,0.857142857,17,102208084,3.357142857
288,61,61.5,0.5,17,102208083,3
298,94,92.55555556,-1.444444444,17,102208082,1.055555556
308,66,65.85714286,-0.142857143,17,102208078,2.357142857
318,78,80.05555556,2.055555556,17,102208074,4.555555556
328,80,80.05555556,0.055555556,17,102208073,2.555555556
338,67,65.85714286,-1.142857143,17,102208068,1.357142857
348,77,80.05555556,3.055555556,17,102208066,5.555555556
358,72,73.30555556,1.305555556,17,102208065,3.805555556
368,47,40.7,-6.3,17,102208064,-3.8
378,68,68.28571429,0.285714286,17,102208063,2.785714286
388,41,40.7,-0.3,17,102208062,2.2
398,88,89.44444444,1.444444444,17,102208061,3.944444444
408,57,55.44444444,-1.555555556,17,102208060,0.944444444
418,67,65.85714286,-1.142857143,17,102208059,1.357142857
428,87,80.05555556,-6.944444444,17,102208057,-4.444444444
438,83,80.05555556,-2.944444444,17,102208056,-0.444444444
448,90,89.44444444,-0.555555556,17,102208055,1.944444444
458,64,61.5,-2.5,17,102208054,0
468,32,40.7,8.7,17,102208053,11.2
478,92,92.85714286,0.857142857,17,102208052,3.357142857
488,99,99,0,17,102208046,2.5
498,99,94.22222222,-4.777777778,17,102208045,-2.277777778
508,58,55.44444444,-2.555555556,17,102208044,-0.055555556
518,73,76.86507937,3.865079365,17,102208043,6.365079365
528,93,92.85714286,-0.142857143,17,102208042,2.357142857
538,64,62,-2,17,102208041,0.5
548,68,68.28571429,0.285714286,17,102208038,2.785714286
558,76,67.75,-8.25,17,102208034,-5.75
568,68,65.85714286,-2.142857143,17,102208032,0.357142857
578,83,80.05555556,-2.944444444,17,102208030,-0.444444444
588,99,99,0,17,102208029,2.5
598,99,99,0,17,102208024,2.5
608,99,99,0,17,102208023,2.5
618,91,74.15079365,-16.84920635,17,102208022,-14.34920635
628,84,80.05555556,-3.944444444,17,102208021,-1.444444444
638,94,88.72380952,-5.276190476,17,102208018,-2.776190476
648,90,90.4,0.4,17,102208017,2.9
658,70,71,1,17,102208014,3.5
668,95,95.66666667,0.666666667,17,102208010,3.166666667
678,66,68.28571429,2.285714286,17,102208007,4.785714286
688,90,92.85714286,2.857142857,17,102208006,5.357142857
698,66,68.64232804,2.642328042,17,102208005,5.142328042
708,99,99,0,17,102208004,2.5
718,68,69.60813492,1.608134921,17,102208002,4.108134921
728,92,92.85714286,0.857142857,17,102208001,3.357142857
738,99,94.06547619,-4.93452381,17,102205095,-2.43452381
748,87,80.05555556,-6.944444444,17,102205092,-4.444444444
758,62,61.06349206,-0.936507937,17,102205081,1.563492063
768,60,62,2,17,102205051,4.5
778,72,74.77120181,2.771201814,17,102205033,5.271201814
788,62,61.5,-0.5,17,102205030,2
798,99,97.9382716,-1.061728395,17,102205024,1.438271605
808,56,55.44444444,-0.555555556,17,102205022,1.944444444
818,65,65.85714286,0.857142857,17,102205020,3.357142857
828,97,94.66925466,-2.330745342,17,102205017,0.169254658
838,72,80.05555556,8.055555556,17,102103012,10.55555556
848,96,86.18021978,-9.81978022,17,101502012,-7.31978022
858,60,75.47222222,15.47222222,17,101401042,17.97222222
868,49,55.19880952,6.198809524,17,101302049,8.698809524
878,76,80.05555556,4.055555556,17,101209037,6.555555556
888,73,80.05555556,7.055555556,17,101208094,9.555555556
898,90,89.44444444,-0.555555556,17,101208091,1.944444444
908,99,99,0,17,101208090,2.5
918,83,81.62037037,-1.37962963,17,101208084,1.12037037
928,85,80.05555556,-4.944444444,17,101208082,-2.444444444
938,99,83.54285714,-15.45714286,17,101208080,-12.95714286
948,89,89.44444444,0.444444444,17,101208079,2.944444444
958,67,69.6962963,2.696296296,17,101208078,5.196296296
968,92,85.62380952,-6.376190476,17,101208070,-3.876190476
978,99,92.49172932,-6.508270677,17,101208065,-4.008270677
988,74,80.05555556,6.055555556,17,101208064,8.555555556
998,82,80.84429327,-1.155706727,17,101208062,1.344293273
1008,70,68.28571429,-1.714285714,17,101208060,0.785714286
1018,99,99,0,17,101208058,2.5
1028,80,80.05555556,0.055555556,17,101208056,2.555555556
1038,79,80.05555556,1.055555556,17,101208055,3.555555556
1048,80,80.05555556,0.055555556,17,101208054,2.555555556
1058,82,80.05555556,-1.944444444,17,101208053,0.555555556
1068,83,80.05555556,-2.944444444,17,101208052,-0.444444444
1078,92,92.85714286,0.857142857,17,101208050,3.357142857
1088,96,89.18809524,-6.811904762,17,101208034,-4.311904762
1098,66,65.85714286,-0.142857143,17,101208031,2.357142857
1108,42,40.7,-1.3,17,101208025,1.2
1118,53,55.44444444,2.444444444,17,101208017,4.944444444
1128,75,80.05555556,5.055555556,17,101208015,7.555555556
1138,50,44.76203704,-5.237962963,17,101208013,-2.737962963
1148,62,70.1952381,8.195238095,17,101208008,10.6952381
1158,69,71,2,17,101208005,4.5
1168,99,95.64417989,-3.355820106,17,101208004,-0.855820106
1178,32,59.93287982,27.93287982,17,101208003,30.43287982
1188,87,89.44444444,2.444444444,17,101208002,4.944444444
1198,62,61.5,-0.5,17,101205093,2
1208,64,65.85714286,1.857142857,17,101205043,4.357142857
1218,85,80.05555556,-4.944444444,17,101205029,-2.444444444
1228,91,89.44444444,-1.555555556,17,101204026,0.944444444
1238,90,92.85714286,2.857142857,17,101203054,5.357142857
1248,56,69.21206349,13.21206349,17,101203004,15.71206349
1258,60,61.5,1.5,17,101103034,4
1268,65,77.65079365,12.65079365,17,101102026,15.15079365
1278,94,92.85714286,-1.142857143,17,101102025,1.357142857
1288,81,79.52974102,-1.470258981,17,101101050,1.029741019
1298,86,80.05555556,-5.944444444,17,100508018,-3.444444444
1308,81,80.05555556,-0.944444444,17,100401072,1.555555556
1318,78,80.05555556,2.055555556,17,100401044,4.555555556
1328,96,95.50617284,-0.49382716,17,100208053,2.00617284
1338,99,99,0,17,100206009,2.5
1348,67,65.85714286,-1.142857143,17,100202044,1.357142857
1358,94,92.85714286,-1.142857143,17,100104041,1.357142857
1368,98,93.08465608,-4.915343915,17,100101021,-2.415343915
9,55,60.65079365,5.650793651,18,101208087,8.150793651
19,91,87.97949735,-3.020502646,18,102205089,-0.520502646
29,77,80.05555556,3.055555556,18,101208066,5.555555556
39,99,96.12358277,-2.876417234,18,101208030,-0.376417234
49,74,80.05555556,6.055555556,18,102208075,8.555555556
59,66,60.65079365,-5.349206349,18,102205037,-2.849206349
69,83,80.05555556,-2.944444444,18,102104031,-0.444444444
79,71,75.63690476,4.636904762,18,101208085,7.136904762
89,89,89.44444444,0.444444444,18,101208069,2.944444444
99,56,55.44444444,-0.555555556,18,102208088,1.944444444
109,81,81.02987862,0.029878618,18,102208081,2.529878618
119,33,40.7,7.7,18,102208058,10.2
129,53,55.44444444,2.444444444,18,102208049,4.944444444
139,67,65.85714286,-1.142857143,18,102208033,1.357142857
149,92,89.39285714,-2.607142857,18,102208008,-0.107142857
159,63,77.65079365,14.65079365,18,101208074,16.25079365
169,33,40.7,7.7,18,99304030,9.3
179,99,99,0,18,99203054,1.6
189,99,99,0,18,103302104,1.6
199,99,99,0,18,103302103,1.6
209,78,80.05555556,2.055555556,18,102306046,3.655555556
219,48,40.7,-7.3,18,102306041,-5.7
229,55,55.44444444,0.444444444,18,102209035,2.044444444
239,83,80.05555556,-2.944444444,18,102208090,-1.344444444
249,80,80.05555556,0.055555556,18,102208089,1.655555556
259,96,95.66666667,-0.333333333,18,102208086,1.266666667
269,84,80.05555556,-3.944444444,18,102208085,-2.344444444
279,65,65.85714286,0.857142857,18,102208084,2.457142857
289,61,61.5,0.5,18,102208083,2.1
299,94,92.55555556,-1.444444444,18,102208082,0.155555556
309,66,65.85714286,-0.142857143,18,102208078,1.457142857
319,78,80.05555556,2.055555556,18,102208074,3.655555556
329,80,80.05555556,0.055555556,18,102208073,1.655555556
339,67,65.85714286,-1.142857143,18,102208068,0.457142857
349,77,80.05555556,3.055555556,18,102208066,4.655555556
359,72,73.30555556,1.305555556,18,102208065,2.905555556
369,47,40.7,-6.3,18,102208064,-4.7
379,68,68.28571429,0.285714286,18,102208063,1.885714286
389,41,40.7,-0.3,18,102208062,1.3
399,88,89.44444444,1.444444444,18,102208061,3.044444444
409,57,55.44444444,-1.555555556,18,102208060,0.044444444
419,67,65.85714286,-1.142857143,18,102208059,0.457142857
429,87,80.05555556,-6.944444444,18,102208057,-5.344444444
439,83,80.05555556,-2.944444444,18,102208056,-1.344444444
449,90,89.44444444,-0.555555556,18,102208055,1.044444444
459,64,61.5,-2.5,18,102208054,-0.9
469,32,40.7,8.7,18,102208053,10.3
479,92,92.85714286,0.857142857,18,102208052,2.457142857
489,99,99,0,18,102208046,1.6
499,99,94.22222222,-4.777777778,18,102208045,-3.177777778
509,58,55.44444444,-2.555555556,18,102208044,-0.955555556
519,73,74.07407407,1.074074074,18,102208043,2.674074074
529,93,92.85714286,-0.142857143,18,102208042,1.457142857
539,64,62,-2,18,102208041,-0.4
549,68,68.28571429,0.285714286,18,102208038,1.885714286
559,76,67.75,-8.25,18,102208034,-6.65
569,68,65.85714286,-2.142857143,18,102208032,-0.542857143
579,83,80.05555556,-2.944444444,18,102208030,-1.344444444
589,99,99,0,18,102208029,1.6
599,99,99,0,18,102208024,1.6
609,99,99,0,18,102208023,1.6
619,91,92.85714286,1.857142857,18,102208022,3.457142857
629,84,80.05555556,-3.944444444,18,102208021,-2.344444444
639,94,91.125,-2.875,18,102208018,-1.275
649,90,89.44444444,-0.555555556,18,102208017,1.044444444
659,70,71,1,18,102208014,2.6
669,95,95.66666667,0.666666667,18,102208010,2.266666667
679,66,68.28571429,2.285714286,18,102208007,3.885714286
689,90,92.85714286,2.857142857,18,102208006,4.457142857
699,66,69.71703297,3.717032967,18,102208005,5.317032967
709,99,99,0,18,102208004,1.6
719,68,69.6962963,1.696296296,18,102208002,3.296296296
729,92,92.85714286,0.857142857,18,102208001,2.457142857
739,99,95.33910534,-3.660894661,18,102205095,-2.060894661
749,87,80.05555556,-6.944444444,18,102205092,-5.344444444
759,62,61.06349206,-0.936507937,18,102205081,0.663492063
769,60,62,2,18,102205051,3.6
779,72,84.75,12.75,18,102205033,14.35
789,62,61.5,-0.5,18,102205030,1.1
799,99,97.9382716,-1.061728395,18,102205024,0.538271605
809,56,55.44444444,-0.555555556,18,102205022,1.044444444
819,65,65.85714286,0.857142857,18,102205020,2.457142857
829,97,94.99400353,-2.005996473,18,102205017,-0.405996473
839,72,80.05555556,8.055555556,18,102103012,9.655555556
849,96,89.70779221,-6.292207792,18,101502012,-4.692207792
859,60,75.47222222,15.47222222,18,101401042,17.07222222
869,49,40.7,-8.3,18,101302049,-6.7
879,76,80.05555556,4.055555556,18,101209037,5.655555556
889,73,80.05555556,7.055555556,18,101208094,8.655555556
899,90,89.44444444,-0.555555556,18,101208091,1.044444444
909,99,99,0,18,101208090,1.6
919,83,81.62037037,-1.37962963,18,101208084,0.22037037
929,85,80.05555556,-4.944444444,18,101208082,-3.344444444
939,99,90.94603175,-8.053968254,18,101208080,-6.453968254
949,89,89.44444444,0.444444444,18,101208079,2.044444444
959,67,69.6962963,2.696296296,18,101208078,4.296296296
969,92,89.70779221,-2.292207792,18,101208070,-0.692207792
979,99,95.36904762,-3.630952381,18,101208065,-2.030952381
989,74,80.05555556,6.055555556,18,101208064,7.655555556
999,82,80.88373016,-1.116269841,18,101208062,0.483730159
1009,70,68.28571429,-1.714285714,18,101208060,-0.114285714
1019,99,99,0,18,101208058,1.6
1029,80,80.05555556,0.055555556,18,101208056,1.655555556
1039,79,80.05555556,1.055555556,18,101208055,2.655555556
1049,80,80.05555556,0.055555556,18,101208054,1.655555556
1059,82,80.05555556,-1.944444444,18,101208053,-0.344444444
1069,83,80.05555556,-2.944444444,18,101208052,-1.344444444
1079,92,92.85714286,0.857142857,18,101208050,2.457142857
1089,96,92.42063492,-3.579365079,18,101208034,-1.979365079
1099,66,65.85714286,-0.142857143,18,101208031,1.457142857
1109,42,40.7,-1.3,18,101208025,0.3
1119,53,55.44444444,2.444444444,18,101208017,4.044444444
1129,75,80.05555556,5.055555556,18,101208015,6.655555556
1139,50,44.76203704,-5.237962963,18,101208013,-3.637962963
1149,62,72.87662338,10.87662338,18,101208008,12.47662338
1159,69,71,2,18,101208005,3.6
1169,99,95.64417989,-3.355820106,18,101208004,-1.755820106
1179,32,63.13835979,31.13835979,18,101208003,32.73835979
1189,87,89.44444444,2.444444444,18,101208002,4.044444444
1199,62,61.5,-0.5,18,101205093,1.1
1209,64,65.85714286,1.857142857,18,101205043,3.457142857
1219,85,80.05555556,-4.944444444,18,101205029,-3.344444444
1229,91,89.44444444,-1.555555556,18,101204026,0.044444444
1239,90,92.85714286,2.857142857,18,101203054,4.457142857
1249,56,72.38007055,16.38007055,18,101203004,17.98007055
1259,60,61.5,1.5,18,101103034,3.1
1269,65,77.65079365,12.65079365,18,101102026,14.25079365
1279,94,92.85714286,-1.142857143,18,101102025,0.457142857
1289,81,81.68694885,0.686948854,18,101101050,2.286948854
1299,86,80.05555556,-5.944444444,18,100508018,-4.344444444
1309,81,80.05555556,-0.944444444,18,100401072,0.655555556
1319,78,80.05555556,2.055555556,18,100401044,3.655555556
1329,96,95.50617284,-0.49382716,18,100208053,1.10617284
1339,99,99,0,18,100206009,1.6
1349,67,65.85714286,-1.142857143,18,100202044,0.457142857
1359,94,92.85714286,-1.142857143,18,100104041,0.457142857
1369,98,93.08465608,-4.915343915,18,100101021,-2.415343915
