,actual_grade,predict_grade,torrance,week,id
0,55,81.5545029239766,26.5545029239766,9,101208087
1,55,81.53562801932361,26.53562801932361,10,101208087
2,55,81.53562801932361,26.53562801932361,11,101208087
3,55,82.4,27.400000000000006,12,101208087
4,55,82.4,27.400000000000006,13,101208087
5,55,82.4,27.400000000000006,14,101208087
6,55,74.2,19.200000000000003,15,101208087
7,55,74.2,19.200000000000003,16,101208087
8,55,74.2,19.200000000000003,17,101208087
9,55,74.2,19.200000000000003,18,101208087
10,91,81.5545029239766,-9.4454970760234,9,102205089
11,91,81.53562801932361,-9.46437198067639,10,102205089
12,91,81.53562801932361,-9.46437198067639,11,102205089
13,91,81.68857901726422,-9.311420982735783,12,102205089
14,91,81.68857901726422,-9.311420982735783,13,102205089
15,91,81.71207133058974,-9.287928669410263,14,102205089
16,91,76.99027777777779,-14.009722222222209,15,102205089
17,91,76.99027777777779,-14.009722222222209,16,102205089
18,91,76.99027777777779,-14.009722222222209,17,102205089
19,91,76.21746031746032,-14.782539682539678,18,102205089
20,77,81.5545029239766,4.5545029239765995,9,101208066
21,77,81.53562801932361,4.53562801932361,10,101208066
22,77,81.53562801932361,4.53562801932361,11,101208066
23,77,81.68857901726422,4.688579017264217,12,101208066
24,77,81.68857901726422,4.688579017264217,13,101208066
25,77,81.71207133058974,4.712071330589737,14,101208066
26,77,76.99027777777779,-0.009722222222208643,15,101208066
27,77,76.99027777777779,-0.009722222222208643,16,101208066
28,77,74.2,-2.799999999999997,17,101208066
29,77,74.2,-2.799999999999997,18,101208066
30,99,81.5545029239766,-17.4454970760234,9,101208030
31,99,81.53562801932361,-17.46437198067639,10,101208030
32,99,81.53562801932361,-17.46437198067639,11,101208030
33,99,81.68857901726422,-17.311420982735783,12,101208030
34,99,81.68857901726422,-17.311420982735783,13,101208030
35,99,81.71207133058974,-17.287928669410263,14,101208030
36,99,76.99027777777779,-22.00972222222221,15,101208030
37,99,76.99027777777779,-22.00972222222221,16,101208030
38,99,76.99027777777779,-22.00972222222221,17,101208030
39,99,76.21746031746032,-22.782539682539678,18,101208030
40,74,82.4,8.400000000000006,9,102208075
41,74,82.4,8.400000000000006,10,102208075
42,74,82.4,8.400000000000006,11,102208075
43,74,82.4,8.400000000000006,12,102208075
44,74,82.4,8.400000000000006,13,102208075
45,74,82.4,8.400000000000006,14,102208075
46,74,78.95,4.950000000000003,15,102208075
47,74,78.95,4.950000000000003,16,102208075
48,74,78.95,4.950000000000003,17,102208075
49,74,78.95,4.950000000000003,18,102208075
50,66,81.5545029239766,15.5545029239766,9,102205037
51,66,81.53562801932361,15.53562801932361,10,102205037
52,66,82.4,16.400000000000006,11,102205037
53,66,82.4,16.400000000000006,12,102205037
54,66,82.4,16.400000000000006,13,102205037
55,66,82.4,16.400000000000006,14,102205037
56,66,74.2,8.200000000000003,15,102205037
57,66,74.2,8.200000000000003,16,102205037
58,66,74.2,8.200000000000003,17,102205037
59,66,74.2,8.200000000000003,18,102205037
60,83,77.7,-5.299999999999997,9,102104031
61,83,82.4,-0.5999999999999943,10,102104031
62,83,82.4,-0.5999999999999943,11,102104031
63,83,82.4,-0.5999999999999943,12,102104031
64,83,82.4,-0.5999999999999943,13,102104031
65,83,82.4,-0.5999999999999943,14,102104031
66,83,82.4,-0.5999999999999943,15,102104031
67,83,82.4,-0.5999999999999943,16,102104031
68,83,82.4,-0.5999999999999943,17,102104031
69,83,82.4,-0.5999999999999943,18,102104031
70,71,81.5545029239766,10.5545029239766,9,101208085
71,71,81.53562801932361,10.53562801932361,10,101208085
72,71,81.53562801932361,10.53562801932361,11,101208085
73,71,81.68857901726422,10.688579017264217,12,101208085
74,71,81.68857901726422,10.688579017264217,13,101208085
75,71,81.71207133058974,10.712071330589737,14,101208085
76,71,76.99027777777779,5.990277777777791,15,101208085
77,71,76.99027777777779,5.990277777777791,16,101208085
78,71,76.99027777777779,5.990277777777791,17,101208085
79,71,76.21746031746032,5.217460317460322,18,101208085
80,89,72.2,-16.799999999999997,9,101208069
81,89,72.2,-16.799999999999997,10,101208069
82,89,72.2,-16.799999999999997,11,101208069
83,89,72.2,-16.799999999999997,12,101208069
84,89,72.2,-16.799999999999997,13,101208069
85,89,72.2,-16.799999999999997,14,101208069
86,89,73.3,-15.700000000000003,15,101208069
87,89,73.3,-15.700000000000003,16,101208069
88,89,73.3,-15.700000000000003,17,101208069
89,89,75.35555555555555,-13.644444444444446,18,101208069
90,56,82.4,26.400000000000006,9,102208088
91,56,82.4,26.400000000000006,10,102208088
92,56,82.4,26.400000000000006,11,102208088
93,56,82.4,26.400000000000006,12,102208088
94,56,82.4,26.400000000000006,13,102208088
95,56,82.4,26.400000000000006,14,102208088
96,56,74.2,18.200000000000003,15,102208088
97,56,74.2,18.200000000000003,16,102208088
98,56,74.2,18.200000000000003,17,102208088
99,56,74.2,18.200000000000003,18,102208088
100,81,81.5545029239766,0.5545029239765995,9,102208081
101,81,81.53562801932361,0.5356280193236103,10,102208081
102,81,81.53562801932361,0.5356280193236103,11,102208081
103,81,81.68857901726422,0.6885790172642174,12,102208081
104,81,81.68857901726422,0.6885790172642174,13,102208081
105,81,81.71207133058974,0.7120713305897368,14,102208081
106,81,76.99027777777779,-4.009722222222209,15,102208081
107,81,76.99027777777779,-4.009722222222209,16,102208081
108,81,76.99027777777779,-4.009722222222209,17,102208081
109,81,76.21746031746032,-4.782539682539678,18,102208081
110,33,81.5545029239766,48.5545029239766,9,102208058
111,33,81.53562801932361,48.53562801932361,10,102208058
112,33,81.53562801932361,48.53562801932361,11,102208058
113,33,82.4,49.400000000000006,12,102208058
114,33,82.4,49.400000000000006,13,102208058
115,33,82.4,49.400000000000006,14,102208058
116,33,74.2,41.2,15,102208058
117,33,74.2,41.2,16,102208058
118,33,74.2,41.2,17,102208058
119,33,74.2,41.2,18,102208058
120,53,82.4,29.400000000000006,9,102208049
121,53,82.4,29.400000000000006,10,102208049
122,53,82.4,29.400000000000006,11,102208049
123,53,82.4,29.400000000000006,12,102208049
124,53,82.4,29.400000000000006,13,102208049
125,53,82.4,29.400000000000006,14,102208049
126,53,74.2,21.200000000000003,15,102208049
127,53,74.2,21.200000000000003,16,102208049
128,53,74.2,21.200000000000003,17,102208049
129,53,74.2,21.200000000000003,18,102208049
130,67,82.4,15.400000000000006,9,102208033
131,67,82.4,15.400000000000006,10,102208033
132,67,82.4,15.400000000000006,11,102208033
133,67,82.4,15.400000000000006,12,102208033
134,67,82.4,15.400000000000006,13,102208033
135,67,82.4,15.400000000000006,14,102208033
136,67,74.2,7.200000000000003,15,102208033
137,67,74.2,7.200000000000003,16,102208033
138,67,74.2,7.200000000000003,17,102208033
139,67,74.2,7.200000000000003,18,102208033
140,92,81.5545029239766,-10.4454970760234,9,102208008
141,92,81.53562801932361,-10.46437198067639,10,102208008
142,92,81.53562801932361,-10.46437198067639,11,102208008
143,92,81.68857901726422,-10.311420982735783,12,102208008
144,92,81.68857901726422,-10.311420982735783,13,102208008
145,92,81.71207133058974,-10.287928669410263,14,102208008
146,92,76.99027777777779,-15.009722222222209,15,102208008
147,92,76.99027777777779,-15.009722222222209,16,102208008
148,92,76.99027777777779,-15.009722222222209,17,102208008
149,92,76.21746031746032,-15.782539682539678,18,102208008
150,63,81.5545029239766,18.5545029239766,9,101208074
151,63,81.53562801932361,18.53562801932361,10,101208074
152,63,81.53562801932361,18.53562801932361,11,101208074
153,63,82.4,19.400000000000006,12,101208074
154,63,82.4,19.400000000000006,13,101208074
155,63,82.4,19.400000000000006,14,101208074
156,63,74.2,11.200000000000003,15,101208074
157,63,74.2,11.200000000000003,16,101208074
158,63,74.2,11.200000000000003,17,101208074
159,63,74.2,11.200000000000003,18,101208074
160,33,81.5545029239766,48.5545029239766,9,99304030
161,33,82.4,49.400000000000006,10,99304030
162,33,82.4,49.400000000000006,11,99304030
163,33,82.4,49.400000000000006,12,99304030
164,33,82.4,49.400000000000006,13,99304030
165,33,82.4,49.400000000000006,14,99304030
166,33,74.2,41.2,15,99304030
167,33,74.2,41.2,16,99304030
168,33,74.2,41.2,17,99304030
169,33,74.2,41.2,18,99304030
170,99,82.4,-16.599999999999994,9,99203054
171,99,80.53333333333333,-18.46666666666667,10,99203054
172,99,80.53333333333333,-18.46666666666667,11,99203054
173,99,80.53333333333333,-18.46666666666667,12,99203054
174,99,80.53333333333333,-18.46666666666667,13,99203054
175,99,80.53333333333333,-18.46666666666667,14,99203054
176,99,80.53333333333333,-18.46666666666667,15,99203054
177,99,80.53333333333333,-18.46666666666667,16,99203054
178,99,80.53333333333333,-18.46666666666667,17,99203054
179,99,80.53333333333333,-18.46666666666667,18,99203054
180,99,82.4,-16.599999999999994,9,103302104
181,99,82.4,-16.599999999999994,10,103302104
182,99,82.4,-16.599999999999994,11,103302104
183,99,81.2,-17.799999999999997,12,103302104
184,99,81.2,-17.799999999999997,13,103302104
185,99,81.2,-17.799999999999997,14,103302104
186,99,74.2,-24.799999999999997,15,103302104
187,99,74.2,-24.799999999999997,16,103302104
188,99,74.2,-24.799999999999997,17,103302104
189,99,74.2,-24.799999999999997,18,103302104
190,99,82.4,-16.599999999999994,9,103302103
191,99,82.4,-16.599999999999994,10,103302103
192,99,82.4,-16.599999999999994,11,103302103
193,99,81.2,-17.799999999999997,12,103302103
194,99,81.2,-17.799999999999997,13,103302103
195,99,81.2,-17.799999999999997,14,103302103
196,99,82.4,-16.599999999999994,15,103302103
197,99,82.4,-16.599999999999994,16,103302103
198,99,82.4,-16.599999999999994,17,103302103
199,99,80.10000000000001,-18.89999999999999,18,103302103
200,78,82.4,4.400000000000006,9,102306046
201,78,82.4,4.400000000000006,10,102306046
202,78,82.4,4.400000000000006,11,102306046
203,78,82.4,4.400000000000006,12,102306046
204,78,82.4,4.400000000000006,13,102306046
205,78,82.4,4.400000000000006,14,102306046
206,78,82.4,4.400000000000006,15,102306046
207,78,82.4,4.400000000000006,16,102306046
208,78,82.4,4.400000000000006,17,102306046
209,78,82.4,4.400000000000006,18,102306046
210,48,82.4,34.400000000000006,9,102306041
211,48,82.4,34.400000000000006,10,102306041
212,48,82.4,34.400000000000006,11,102306041
213,48,82.4,34.400000000000006,12,102306041
214,48,82.4,34.400000000000006,13,102306041
215,48,82.4,34.400000000000006,14,102306041
216,48,86.2,38.2,15,102306041
217,48,86.2,38.2,16,102306041
218,48,86.2,38.2,17,102306041
219,48,86.2,38.2,18,102306041
220,55,82.4,27.400000000000006,9,102209035
221,55,82.4,27.400000000000006,10,102209035
222,55,82.4,27.400000000000006,11,102209035
223,55,82.4,27.400000000000006,12,102209035
224,55,82.4,27.400000000000006,13,102209035
225,55,82.4,27.400000000000006,14,102209035
226,55,74.2,19.200000000000003,15,102209035
227,55,74.2,19.200000000000003,16,102209035
228,55,74.2,19.200000000000003,17,102209035
229,55,74.2,19.200000000000003,18,102209035
230,83,80.53333333333333,-2.4666666666666686,9,102208090
231,83,82.4,-0.5999999999999943,10,102208090
232,83,82.4,-0.5999999999999943,11,102208090
233,83,82.4,-0.5999999999999943,12,102208090
234,83,82.4,-0.5999999999999943,13,102208090
235,83,82.4,-0.5999999999999943,14,102208090
236,83,74.2,-8.799999999999997,15,102208090
237,83,74.2,-8.799999999999997,16,102208090
238,83,74.2,-8.799999999999997,17,102208090
239,83,80.10000000000001,-2.8999999999999915,18,102208090
240,80,82.4,2.4000000000000057,9,102208089
241,80,82.4,2.4000000000000057,10,102208089
242,80,82.4,2.4000000000000057,11,102208089
243,80,82.4,2.4000000000000057,12,102208089
244,80,82.4,2.4000000000000057,13,102208089
245,80,82.4,2.4000000000000057,14,102208089
246,80,80.53333333333333,0.5333333333333314,15,102208089
247,80,80.53333333333333,0.5333333333333314,16,102208089
248,80,80.53333333333333,0.5333333333333314,17,102208089
249,80,80.53333333333333,0.5333333333333314,18,102208089
250,96,82.4,-13.599999999999994,9,102208086
251,96,82.4,-13.599999999999994,10,102208086
252,96,82.4,-13.599999999999994,11,102208086
253,96,82.4,-13.599999999999994,12,102208086
254,96,82.4,-13.599999999999994,13,102208086
255,96,82.4,-13.599999999999994,14,102208086
256,96,74.2,-21.799999999999997,15,102208086
257,96,74.2,-21.799999999999997,16,102208086
258,96,74.2,-21.799999999999997,17,102208086
259,96,74.2,-21.799999999999997,18,102208086
260,84,82.4,-1.5999999999999943,9,102208085
261,84,82.4,-1.5999999999999943,10,102208085
262,84,82.4,-1.5999999999999943,11,102208085
263,84,82.4,-1.5999999999999943,12,102208085
264,84,82.4,-1.5999999999999943,13,102208085
265,84,82.4,-1.5999999999999943,14,102208085
266,84,74.2,-9.799999999999997,15,102208085
267,84,74.2,-9.799999999999997,16,102208085
268,84,74.2,-9.799999999999997,17,102208085
269,84,74.2,-9.799999999999997,18,102208085
270,65,82.4,17.400000000000006,9,102208084
271,65,82.4,17.400000000000006,10,102208084
272,65,82.4,17.400000000000006,11,102208084
273,65,82.4,17.400000000000006,12,102208084
274,65,82.4,17.400000000000006,13,102208084
275,65,82.4,17.400000000000006,14,102208084
276,65,86.2,21.200000000000003,15,102208084
277,65,86.2,21.200000000000003,16,102208084
278,65,86.2,21.200000000000003,17,102208084
279,65,80.10000000000001,15.100000000000009,18,102208084
280,61,82.4,21.400000000000006,9,102208083
281,61,82.4,21.400000000000006,10,102208083
282,61,82.4,21.400000000000006,11,102208083
283,61,82.4,21.400000000000006,12,102208083
284,61,82.4,21.400000000000006,13,102208083
285,61,82.4,21.400000000000006,14,102208083
286,61,74.2,13.200000000000003,15,102208083
287,61,74.2,13.200000000000003,16,102208083
288,61,74.2,13.200000000000003,17,102208083
289,61,74.2,13.200000000000003,18,102208083
290,94,82.4,-11.599999999999994,9,102208082
291,94,82.4,-11.599999999999994,10,102208082
292,94,82.4,-11.599999999999994,11,102208082
293,94,82.4,-11.599999999999994,12,102208082
294,94,82.4,-11.599999999999994,13,102208082
295,94,82.4,-11.599999999999994,14,102208082
296,94,74.2,-19.799999999999997,15,102208082
297,94,74.2,-19.799999999999997,16,102208082
298,94,74.2,-19.799999999999997,17,102208082
299,94,74.2,-19.799999999999997,18,102208082
300,66,82.4,16.400000000000006,9,102208078
301,66,82.4,16.400000000000006,10,102208078
302,66,82.4,16.400000000000006,11,102208078
303,66,82.4,16.400000000000006,12,102208078
304,66,82.4,16.400000000000006,13,102208078
305,66,82.4,16.400000000000006,14,102208078
306,66,82.4,16.400000000000006,15,102208078
307,66,82.4,16.400000000000006,16,102208078
308,66,82.4,16.400000000000006,17,102208078
309,66,82.4,16.400000000000006,18,102208078
310,78,81.5545029239766,3.5545029239765995,9,102208074
311,78,81.53562801932361,3.5356280193236103,10,102208074
312,78,81.53562801932361,3.5356280193236103,11,102208074
313,78,82.4,4.400000000000006,12,102208074
314,78,82.4,4.400000000000006,13,102208074
315,78,82.4,4.400000000000006,14,102208074
316,78,74.2,-3.799999999999997,15,102208074
317,78,74.2,-3.799999999999997,16,102208074
318,78,74.2,-3.799999999999997,17,102208074
319,78,74.2,-3.799999999999997,18,102208074
320,80,72.2,-7.799999999999997,9,102208073
321,80,72.2,-7.799999999999997,10,102208073
322,80,72.2,-7.799999999999997,11,102208073
323,80,72.2,-7.799999999999997,12,102208073
324,80,72.2,-7.799999999999997,13,102208073
325,80,72.2,-7.799999999999997,14,102208073
326,80,73.3,-6.700000000000003,15,102208073
327,80,73.3,-6.700000000000003,16,102208073
328,80,73.3,-6.700000000000003,17,102208073
329,80,75.35555555555555,-4.644444444444446,18,102208073
330,67,82.4,15.400000000000006,9,102208068
331,67,82.4,15.400000000000006,10,102208068
332,67,82.4,15.400000000000006,11,102208068
333,67,82.4,15.400000000000006,12,102208068
334,67,82.4,15.400000000000006,13,102208068
335,67,82.4,15.400000000000006,14,102208068
336,67,86.2,19.200000000000003,15,102208068
337,67,86.2,19.200000000000003,16,102208068
338,67,86.2,19.200000000000003,17,102208068
339,67,86.2,19.200000000000003,18,102208068
340,77,82.4,5.400000000000006,9,102208066
341,77,82.4,5.400000000000006,10,102208066
342,77,82.4,5.400000000000006,11,102208066
343,77,82.4,5.400000000000006,12,102208066
344,77,82.4,5.400000000000006,13,102208066
345,77,82.4,5.400000000000006,14,102208066
346,77,82.4,5.400000000000006,15,102208066
347,77,82.4,5.400000000000006,16,102208066
348,77,82.4,5.400000000000006,17,102208066
349,77,82.4,5.400000000000006,18,102208066
350,72,81.5545029239766,9.5545029239766,9,102208065
351,72,81.53562801932361,9.53562801932361,10,102208065
352,72,81.53562801932361,9.53562801932361,11,102208065
353,72,81.68857901726422,9.688579017264217,12,102208065
354,72,81.68857901726422,9.688579017264217,13,102208065
355,72,81.71207133058974,9.712071330589737,14,102208065
356,72,82.4,10.400000000000006,15,102208065
357,72,82.4,10.400000000000006,16,102208065
358,72,82.4,10.400000000000006,17,102208065
359,72,82.4,10.400000000000006,18,102208065
360,47,82.4,35.400000000000006,9,102208064
361,47,82.4,35.400000000000006,10,102208064
362,47,82.4,35.400000000000006,11,102208064
363,47,81.2,34.2,12,102208064
364,47,81.2,34.2,13,102208064
365,47,81.2,34.2,14,102208064
366,47,74.2,27.200000000000003,15,102208064
367,47,74.2,27.200000000000003,16,102208064
368,47,74.2,27.200000000000003,17,102208064
369,47,74.2,27.200000000000003,18,102208064
370,68,82.4,14.400000000000006,9,102208063
371,68,82.4,14.400000000000006,10,102208063
372,68,82.4,14.400000000000006,11,102208063
373,68,82.4,14.400000000000006,12,102208063
374,68,82.4,14.400000000000006,13,102208063
375,68,82.4,14.400000000000006,14,102208063
376,68,82.4,14.400000000000006,15,102208063
377,68,82.4,14.400000000000006,16,102208063
378,68,82.4,14.400000000000006,17,102208063
379,68,82.4,14.400000000000006,18,102208063
380,41,81.5545029239766,40.5545029239766,9,102208062
381,41,81.2,40.2,10,102208062
382,41,81.2,40.2,11,102208062
383,41,81.2,40.2,12,102208062
384,41,81.2,40.2,13,102208062
385,41,81.2,40.2,14,102208062
386,41,74.2,33.2,15,102208062
387,41,74.2,33.2,16,102208062
388,41,74.2,33.2,17,102208062
389,41,74.2,33.2,18,102208062
390,88,82.4,-5.599999999999994,9,102208061
391,88,82.4,-5.599999999999994,10,102208061
392,88,82.4,-5.599999999999994,11,102208061
393,88,82.4,-5.599999999999994,12,102208061
394,88,82.4,-5.599999999999994,13,102208061
395,88,82.4,-5.599999999999994,14,102208061
396,88,74.2,-13.799999999999997,15,102208061
397,88,74.2,-13.799999999999997,16,102208061
398,88,74.2,-13.799999999999997,17,102208061
399,88,74.2,-13.799999999999997,18,102208061
400,57,82.4,25.400000000000006,9,102208060
401,57,82.4,25.400000000000006,10,102208060
402,57,82.4,25.400000000000006,11,102208060
403,57,82.4,25.400000000000006,12,102208060
404,57,82.4,25.400000000000006,13,102208060
405,57,82.4,25.400000000000006,14,102208060
406,57,74.2,17.200000000000003,15,102208060
407,57,74.2,17.200000000000003,16,102208060
408,57,74.2,17.200000000000003,17,102208060
409,57,74.2,17.200000000000003,18,102208060
410,67,69.7,2.700000000000003,9,102208059
411,67,69.7,2.700000000000003,10,102208059
412,67,69.7,2.700000000000003,11,102208059
413,67,69.7,2.700000000000003,12,102208059
414,67,69.7,2.700000000000003,13,102208059
415,67,69.7,2.700000000000003,14,102208059
416,67,73.93333333333334,6.933333333333337,15,102208059
417,67,68.46666666666667,1.4666666666666686,16,102208059
418,67,68.46666666666667,1.4666666666666686,17,102208059
419,67,68.46666666666667,1.4666666666666686,18,102208059
420,87,82.4,-4.599999999999994,9,102208057
421,87,82.4,-4.599999999999994,10,102208057
422,87,82.4,-4.599999999999994,11,102208057
423,87,82.4,-4.599999999999994,12,102208057
424,87,82.4,-4.599999999999994,13,102208057
425,87,82.4,-4.599999999999994,14,102208057
426,87,74.2,-12.799999999999997,15,102208057
427,87,74.2,-12.799999999999997,16,102208057
428,87,74.2,-12.799999999999997,17,102208057
429,87,74.2,-12.799999999999997,18,102208057
430,83,82.4,-0.5999999999999943,9,102208056
431,83,82.4,-0.5999999999999943,10,102208056
432,83,82.4,-0.5999999999999943,11,102208056
433,83,82.4,-0.5999999999999943,12,102208056
434,83,82.4,-0.5999999999999943,13,102208056
435,83,82.4,-0.5999999999999943,14,102208056
436,83,86.2,3.200000000000003,15,102208056
437,83,86.2,3.200000000000003,16,102208056
438,83,86.2,3.200000000000003,17,102208056
439,83,86.2,3.200000000000003,18,102208056
440,90,78.95,-11.049999999999997,9,102208055
441,90,78.95,-11.049999999999997,10,102208055
442,90,78.95,-11.049999999999997,11,102208055
443,90,78.95,-11.049999999999997,12,102208055
444,90,78.95,-11.049999999999997,13,102208055
445,90,78.95,-11.049999999999997,14,102208055
446,90,78.95,-11.049999999999997,15,102208055
447,90,78.95,-11.049999999999997,16,102208055
448,90,78.95,-11.049999999999997,17,102208055
449,90,78.95,-11.049999999999997,18,102208055
450,64,78.95,14.950000000000003,9,102208054
451,64,78.95,14.950000000000003,10,102208054
452,64,78.95,14.950000000000003,11,102208054
453,64,78.95,14.950000000000003,12,102208054
454,64,78.95,14.950000000000003,13,102208054
455,64,78.95,14.950000000000003,14,102208054
456,64,78.95,14.950000000000003,15,102208054
457,64,78.95,14.950000000000003,16,102208054
458,64,78.95,14.950000000000003,17,102208054
459,64,78.95,14.950000000000003,18,102208054
460,32,82.4,50.400000000000006,9,102208053
461,32,82.4,50.400000000000006,10,102208053
462,32,82.4,50.400000000000006,11,102208053
463,32,82.4,50.400000000000006,12,102208053
464,32,82.4,50.400000000000006,13,102208053
465,32,82.4,50.400000000000006,14,102208053
466,32,74.2,42.2,15,102208053
467,32,74.2,42.2,16,102208053
468,32,74.2,42.2,17,102208053
469,32,74.2,42.2,18,102208053
470,92,82.4,-9.599999999999994,9,102208052
471,92,82.4,-9.599999999999994,10,102208052
472,92,82.4,-9.599999999999994,11,102208052
473,92,82.4,-9.599999999999994,12,102208052
474,92,82.4,-9.599999999999994,13,102208052
475,92,82.4,-9.599999999999994,14,102208052
476,92,82.4,-9.599999999999994,15,102208052
477,92,82.4,-9.599999999999994,16,102208052
478,92,82.4,-9.599999999999994,17,102208052
479,92,82.4,-9.599999999999994,18,102208052
480,99,77.7,-21.299999999999997,9,102208046
481,99,82.4,-16.599999999999994,10,102208046
482,99,82.4,-16.599999999999994,11,102208046
483,99,82.4,-16.599999999999994,12,102208046
484,99,82.4,-16.599999999999994,13,102208046
485,99,82.4,-16.599999999999994,14,102208046
486,99,74.2,-24.799999999999997,15,102208046
487,99,74.2,-24.799999999999997,16,102208046
488,99,74.2,-24.799999999999997,17,102208046
489,99,74.2,-24.799999999999997,18,102208046
490,99,82.4,-16.599999999999994,9,102208045
491,99,82.4,-16.599999999999994,10,102208045
492,99,82.4,-16.599999999999994,11,102208045
493,99,82.4,-16.599999999999994,12,102208045
494,99,82.4,-16.599999999999994,13,102208045
495,99,82.4,-16.599999999999994,14,102208045
496,99,74.2,-24.799999999999997,15,102208045
497,99,74.2,-24.799999999999997,16,102208045
498,99,74.2,-24.799999999999997,17,102208045
499,99,74.2,-24.799999999999997,18,102208045
500,58,82.4,24.400000000000006,9,102208044
501,58,82.4,24.400000000000006,10,102208044
502,58,82.4,24.400000000000006,11,102208044
503,58,82.4,24.400000000000006,12,102208044
504,58,82.4,24.400000000000006,13,102208044
505,58,82.4,24.400000000000006,14,102208044
506,58,74.2,16.200000000000003,15,102208044
507,58,74.2,16.200000000000003,16,102208044
508,58,74.2,16.200000000000003,17,102208044
509,58,74.2,16.200000000000003,18,102208044
510,73,81.5545029239766,8.5545029239766,9,102208043
511,73,81.53562801932361,8.53562801932361,10,102208043
512,73,81.53562801932361,8.53562801932361,11,102208043
513,73,81.68857901726422,8.688579017264217,12,102208043
514,73,81.68857901726422,8.688579017264217,13,102208043
515,73,81.71207133058974,8.712071330589737,14,102208043
516,73,82.4,9.400000000000006,15,102208043
517,73,82.4,9.400000000000006,16,102208043
518,73,82.4,9.400000000000006,17,102208043
519,73,82.4,9.400000000000006,18,102208043
520,93,82.4,-10.599999999999994,9,102208042
521,93,82.4,-10.599999999999994,10,102208042
522,93,82.4,-10.599999999999994,11,102208042
523,93,82.4,-10.599999999999994,12,102208042
524,93,82.4,-10.599999999999994,13,102208042
525,93,82.4,-10.599999999999994,14,102208042
526,93,86.2,-6.799999999999997,15,102208042
527,93,86.2,-6.799999999999997,16,102208042
528,93,86.2,-6.799999999999997,17,102208042
529,93,80.10000000000001,-12.899999999999991,18,102208042
530,64,78.95,14.950000000000003,9,102208041
531,64,78.95,14.950000000000003,10,102208041
532,64,78.95,14.950000000000003,11,102208041
533,64,78.95,14.950000000000003,12,102208041
534,64,78.95,14.950000000000003,13,102208041
535,64,78.95,14.950000000000003,14,102208041
536,64,78.95,14.950000000000003,15,102208041
537,64,78.95,14.950000000000003,16,102208041
538,64,78.95,14.950000000000003,17,102208041
539,64,78.95,14.950000000000003,18,102208041
540,68,82.4,14.400000000000006,9,102208038
541,68,82.4,14.400000000000006,10,102208038
542,68,82.4,14.400000000000006,11,102208038
543,68,82.4,14.400000000000006,12,102208038
544,68,82.4,14.400000000000006,13,102208038
545,68,82.4,14.400000000000006,14,102208038
546,68,74.2,6.200000000000003,15,102208038
547,68,74.2,6.200000000000003,16,102208038
548,68,74.2,6.200000000000003,17,102208038
549,68,74.2,6.200000000000003,18,102208038
550,76,81.5545029239766,5.5545029239765995,9,102208034
551,76,81.53562801932361,5.53562801932361,10,102208034
552,76,81.53562801932361,5.53562801932361,11,102208034
553,76,82.4,6.400000000000006,12,102208034
554,76,82.4,6.400000000000006,13,102208034
555,76,82.4,6.400000000000006,14,102208034
556,76,74.2,-1.7999999999999972,15,102208034
557,76,74.2,-1.7999999999999972,16,102208034
558,76,74.2,-1.7999999999999972,17,102208034
559,76,74.2,-1.7999999999999972,18,102208034
560,68,82.4,14.400000000000006,9,102208032
561,68,82.4,14.400000000000006,10,102208032
562,68,82.4,14.400000000000006,11,102208032
563,68,82.4,14.400000000000006,12,102208032
564,68,82.4,14.400000000000006,13,102208032
565,68,82.4,14.400000000000006,14,102208032
566,68,74.2,6.200000000000003,15,102208032
567,68,74.2,6.200000000000003,16,102208032
568,68,74.2,6.200000000000003,17,102208032
569,68,74.2,6.200000000000003,18,102208032
570,83,77.7,-5.299999999999997,9,102208030
571,83,69.7,-13.299999999999997,10,102208030
572,83,69.7,-13.299999999999997,11,102208030
573,83,69.7,-13.299999999999997,12,102208030
574,83,69.7,-13.299999999999997,13,102208030
575,83,69.7,-13.299999999999997,14,102208030
576,83,69.7,-13.299999999999997,15,102208030
577,83,69.7,-13.299999999999997,16,102208030
578,83,69.7,-13.299999999999997,17,102208030
579,83,69.7,-13.299999999999997,18,102208030
580,99,82.4,-16.599999999999994,9,102208029
581,99,82.4,-16.599999999999994,10,102208029
582,99,82.4,-16.599999999999994,11,102208029
583,99,82.4,-16.599999999999994,12,102208029
584,99,82.4,-16.599999999999994,13,102208029
585,99,82.4,-16.599999999999994,14,102208029
586,99,82.03333333333333,-16.96666666666667,15,102208029
587,99,82.03333333333333,-16.96666666666667,16,102208029
588,99,82.03333333333333,-16.96666666666667,17,102208029
589,99,82.03333333333333,-16.96666666666667,18,102208029
590,99,82.4,-16.599999999999994,9,102208024
591,99,82.4,-16.599999999999994,10,102208024
592,99,82.4,-16.599999999999994,11,102208024
593,99,82.4,-16.599999999999994,12,102208024
594,99,82.4,-16.599999999999994,13,102208024
595,99,82.4,-16.599999999999994,14,102208024
596,99,86.2,-12.799999999999997,15,102208024
597,99,86.2,-12.799999999999997,16,102208024
598,99,86.2,-12.799999999999997,17,102208024
599,99,86.2,-12.799999999999997,18,102208024
600,99,82.4,-16.599999999999994,9,102208023
601,99,82.4,-16.599999999999994,10,102208023
602,99,82.4,-16.599999999999994,11,102208023
603,99,82.4,-16.599999999999994,12,102208023
604,99,82.4,-16.599999999999994,13,102208023
605,99,82.4,-16.599999999999994,14,102208023
606,99,78.95,-20.049999999999997,15,102208023
607,99,78.95,-20.049999999999997,16,102208023
608,99,78.95,-20.049999999999997,17,102208023
609,99,82.03333333333333,-16.96666666666667,18,102208023
610,91,82.4,-8.599999999999994,9,102208022
611,91,82.4,-8.599999999999994,10,102208022
612,91,82.4,-8.599999999999994,11,102208022
613,91,82.4,-8.599999999999994,12,102208022
614,91,82.4,-8.599999999999994,13,102208022
615,91,82.4,-8.599999999999994,14,102208022
616,91,74.2,-16.799999999999997,15,102208022
617,91,74.2,-16.799999999999997,16,102208022
618,91,74.2,-16.799999999999997,17,102208022
619,91,74.2,-16.799999999999997,18,102208022
620,84,81.5545029239766,-2.4454970760234005,9,102208021
621,84,82.4,-1.5999999999999943,10,102208021
622,84,82.4,-1.5999999999999943,11,102208021
623,84,82.4,-1.5999999999999943,12,102208021
624,84,82.4,-1.5999999999999943,13,102208021
625,84,82.4,-1.5999999999999943,14,102208021
626,84,74.2,-9.799999999999997,15,102208021
627,84,74.2,-9.799999999999997,16,102208021
628,84,74.2,-9.799999999999997,17,102208021
629,84,74.2,-9.799999999999997,18,102208021
630,94,81.5545029239766,-12.4454970760234,9,102208018
631,94,81.53562801932361,-12.46437198067639,10,102208018
632,94,81.53562801932361,-12.46437198067639,11,102208018
633,94,81.68857901726422,-12.311420982735783,12,102208018
634,94,81.68857901726422,-12.311420982735783,13,102208018
635,94,81.71207133058974,-12.287928669410263,14,102208018
636,94,76.99027777777779,-17.00972222222221,15,102208018
637,94,76.99027777777779,-17.00972222222221,16,102208018
638,94,76.99027777777779,-17.00972222222221,17,102208018
639,94,76.21746031746032,-17.782539682539678,18,102208018
640,90,81.5545029239766,-8.4454970760234,9,102208017
641,90,81.53562801932361,-8.46437198067639,10,102208017
642,90,81.53562801932361,-8.46437198067639,11,102208017
643,90,82.4,-7.599999999999994,12,102208017
644,90,82.4,-7.599999999999994,13,102208017
645,90,82.4,-7.599999999999994,14,102208017
646,90,74.2,-15.799999999999997,15,102208017
647,90,74.2,-15.799999999999997,16,102208017
648,90,74.2,-15.799999999999997,17,102208017
649,90,74.2,-15.799999999999997,18,102208017
650,70,82.4,12.400000000000006,9,102208014
651,70,82.4,12.400000000000006,10,102208014
652,70,82.4,12.400000000000006,11,102208014
653,70,82.4,12.400000000000006,12,102208014
654,70,82.4,12.400000000000006,13,102208014
655,70,82.4,12.400000000000006,14,102208014
656,70,78.95,8.950000000000003,15,102208014
657,70,78.95,8.950000000000003,16,102208014
658,70,78.95,8.950000000000003,17,102208014
659,70,78.95,8.950000000000003,18,102208014
660,95,72.2,-22.799999999999997,9,102208010
661,95,72.2,-22.799999999999997,10,102208010
662,95,72.2,-22.799999999999997,11,102208010
663,95,72.2,-22.799999999999997,12,102208010
664,95,72.2,-22.799999999999997,13,102208010
665,95,72.2,-22.799999999999997,14,102208010
666,95,75.60000000000001,-19.39999999999999,15,102208010
667,95,75.60000000000001,-19.39999999999999,16,102208010
668,95,75.60000000000001,-19.39999999999999,17,102208010
669,95,75.60000000000001,-19.39999999999999,18,102208010
670,66,82.4,16.400000000000006,9,102208007
671,66,82.4,16.400000000000006,10,102208007
672,66,82.4,16.400000000000006,11,102208007
673,66,82.4,16.400000000000006,12,102208007
674,66,82.4,16.400000000000006,13,102208007
675,66,82.4,16.400000000000006,14,102208007
676,66,74.2,8.200000000000003,15,102208007
677,66,74.2,8.200000000000003,16,102208007
678,66,74.2,8.200000000000003,17,102208007
679,66,74.2,8.200000000000003,18,102208007
680,90,82.4,-7.599999999999994,9,102208006
681,90,82.4,-7.599999999999994,10,102208006
682,90,82.4,-7.599999999999994,11,102208006
683,90,82.4,-7.599999999999994,12,102208006
684,90,82.4,-7.599999999999994,13,102208006
685,90,82.4,-7.599999999999994,14,102208006
686,90,74.2,-15.799999999999997,15,102208006
687,90,74.2,-15.799999999999997,16,102208006
688,90,74.2,-15.799999999999997,17,102208006
689,90,74.2,-15.799999999999997,18,102208006
690,66,81.5545029239766,15.5545029239766,9,102208005
691,66,81.53562801932361,15.53562801932361,10,102208005
692,66,81.53562801932361,15.53562801932361,11,102208005
693,66,81.68857901726422,15.688579017264217,12,102208005
694,66,81.68857901726422,15.688579017264217,13,102208005
695,66,81.71207133058974,15.712071330589737,14,102208005
696,66,76.99027777777779,10.990277777777791,15,102208005
697,66,76.99027777777779,10.990277777777791,16,102208005
698,66,76.99027777777779,10.990277777777791,17,102208005
699,66,76.21746031746032,10.217460317460322,18,102208005
700,99,82.4,-16.599999999999994,9,102208004
701,99,82.4,-16.599999999999994,10,102208004
702,99,82.4,-16.599999999999994,11,102208004
703,99,82.4,-16.599999999999994,12,102208004
704,99,82.4,-16.599999999999994,13,102208004
705,99,82.4,-16.599999999999994,14,102208004
706,99,82.4,-16.599999999999994,15,102208004
707,99,82.4,-16.599999999999994,16,102208004
708,99,82.4,-16.599999999999994,17,102208004
709,99,82.4,-16.599999999999994,18,102208004
710,68,82.4,14.400000000000006,9,102208002
711,68,82.4,14.400000000000006,10,102208002
712,68,82.4,14.400000000000006,11,102208002
713,68,82.4,14.400000000000006,12,102208002
714,68,82.4,14.400000000000006,13,102208002
715,68,82.4,14.400000000000006,14,102208002
716,68,74.2,6.200000000000003,15,102208002
717,68,74.2,6.200000000000003,16,102208002
718,68,74.2,6.200000000000003,17,102208002
719,68,74.2,6.200000000000003,18,102208002
720,92,82.4,-9.599999999999994,9,102208001
721,92,82.4,-9.599999999999994,10,102208001
722,92,82.4,-9.599999999999994,11,102208001
723,92,82.4,-9.599999999999994,12,102208001
724,92,82.4,-9.599999999999994,13,102208001
725,92,82.4,-9.599999999999994,14,102208001
726,92,78.95,-13.049999999999997,15,102208001
727,92,78.95,-13.049999999999997,16,102208001
728,92,78.95,-13.049999999999997,17,102208001
729,92,82.03333333333333,-9.966666666666669,18,102208001
730,99,81.5545029239766,-17.4454970760234,9,102205095
731,99,81.53562801932361,-17.46437198067639,10,102205095
732,99,81.53562801932361,-17.46437198067639,11,102205095
733,99,81.68857901726422,-17.311420982735783,12,102205095
734,99,81.68857901726422,-17.311420982735783,13,102205095
735,99,81.71207133058974,-17.287928669410263,14,102205095
736,99,76.99027777777779,-22.00972222222221,15,102205095
737,99,76.99027777777779,-22.00972222222221,16,102205095
738,99,76.99027777777779,-22.00972222222221,17,102205095
739,99,76.21746031746032,-22.782539682539678,18,102205095
740,87,82.4,-4.599999999999994,9,102205092
741,87,82.4,-4.599999999999994,10,102205092
742,87,82.4,-4.599999999999994,11,102205092
743,87,82.4,-4.599999999999994,12,102205092
744,87,82.4,-4.599999999999994,13,102205092
745,87,82.4,-4.599999999999994,14,102205092
746,87,74.2,-12.799999999999997,15,102205092
747,87,74.2,-12.799999999999997,16,102205092
748,87,74.2,-12.799999999999997,17,102205092
749,87,74.2,-12.799999999999997,18,102205092
750,62,81.5545029239766,19.5545029239766,9,102205081
751,62,81.53562801932361,19.53562801932361,10,102205081
752,62,81.53562801932361,19.53562801932361,11,102205081
753,62,82.4,20.400000000000006,12,102205081
754,62,82.4,20.400000000000006,13,102205081
755,62,82.4,20.400000000000006,14,102205081
756,62,74.2,12.200000000000003,15,102205081
757,62,74.2,12.200000000000003,16,102205081
758,62,74.2,12.200000000000003,17,102205081
759,62,74.2,12.200000000000003,18,102205081
760,60,89.88125,29.881249999999994,9,102205051
761,60,89.88125,29.881249999999994,10,102205051
762,60,89.88125,29.881249999999994,11,102205051
763,60,86.2,26.200000000000003,12,102205051
764,60,86.2,26.200000000000003,13,102205051
765,60,86.2,26.200000000000003,14,102205051
766,60,86.2,26.200000000000003,15,102205051
767,60,86.2,26.200000000000003,16,102205051
768,60,86.2,26.200000000000003,17,102205051
769,60,86.2,26.200000000000003,18,102205051
770,72,81.5545029239766,9.5545029239766,9,102205033
771,72,81.53562801932361,9.53562801932361,10,102205033
772,72,81.53562801932361,9.53562801932361,11,102205033
773,72,82.4,10.400000000000006,12,102205033
774,72,82.4,10.400000000000006,13,102205033
775,72,82.4,10.400000000000006,14,102205033
776,72,74.2,2.200000000000003,15,102205033
777,72,74.2,2.200000000000003,16,102205033
778,72,74.2,2.200000000000003,17,102205033
779,72,74.2,2.200000000000003,18,102205033
780,62,82.4,20.400000000000006,9,102205030
781,62,82.4,20.400000000000006,10,102205030
782,62,82.4,20.400000000000006,11,102205030
783,62,82.4,20.400000000000006,12,102205030
784,62,82.4,20.400000000000006,13,102205030
785,62,82.4,20.400000000000006,14,102205030
786,62,74.2,12.200000000000003,15,102205030
787,62,74.2,12.200000000000003,16,102205030
788,62,74.2,12.200000000000003,17,102205030
789,62,80.10000000000001,18.10000000000001,18,102205030
790,99,82.4,-16.599999999999994,9,102205024
791,99,82.4,-16.599999999999994,10,102205024
792,99,82.4,-16.599999999999994,11,102205024
793,99,82.4,-16.599999999999994,12,102205024
794,99,82.4,-16.599999999999994,13,102205024
795,99,82.4,-16.599999999999994,14,102205024
796,99,74.2,-24.799999999999997,15,102205024
797,99,74.2,-24.799999999999997,16,102205024
798,99,74.2,-24.799999999999997,17,102205024
799,99,74.2,-24.799999999999997,18,102205024
800,56,82.4,26.400000000000006,9,102205022
801,56,82.4,26.400000000000006,10,102205022
802,56,82.4,26.400000000000006,11,102205022
803,56,82.4,26.400000000000006,12,102205022
804,56,82.4,26.400000000000006,13,102205022
805,56,82.4,26.400000000000006,14,102205022
806,56,86.2,30.200000000000003,15,102205022
807,56,86.2,30.200000000000003,16,102205022
808,56,86.2,30.200000000000003,17,102205022
809,56,86.2,30.200000000000003,18,102205022
810,65,78.95,13.950000000000003,9,102205020
811,65,78.95,13.950000000000003,10,102205020
812,65,78.95,13.950000000000003,11,102205020
813,65,78.95,13.950000000000003,12,102205020
814,65,78.95,13.950000000000003,13,102205020
815,65,78.95,13.950000000000003,14,102205020
816,65,78.95,13.950000000000003,15,102205020
817,65,78.95,13.950000000000003,16,102205020
818,65,78.95,13.950000000000003,17,102205020
819,65,78.95,13.950000000000003,18,102205020
820,97,81.5545029239766,-15.4454970760234,9,102205017
821,97,81.53562801932361,-15.46437198067639,10,102205017
822,97,81.53562801932361,-15.46437198067639,11,102205017
823,97,81.68857901726422,-15.311420982735783,12,102205017
824,97,81.68857901726422,-15.311420982735783,13,102205017
825,97,81.71207133058974,-15.287928669410263,14,102205017
826,97,76.99027777777779,-20.00972222222221,15,102205017
827,97,76.99027777777779,-20.00972222222221,16,102205017
828,97,76.99027777777779,-20.00972222222221,17,102205017
829,97,76.21746031746032,-20.782539682539678,18,102205017
830,72,80.53333333333333,8.533333333333331,9,102103012
831,72,82.4,10.400000000000006,10,102103012
832,72,82.4,10.400000000000006,11,102103012
833,72,82.4,10.400000000000006,12,102103012
834,72,82.4,10.400000000000006,13,102103012
835,72,82.4,10.400000000000006,14,102103012
836,72,74.2,2.200000000000003,15,102103012
837,72,74.2,2.200000000000003,16,102103012
838,72,74.2,2.200000000000003,17,102103012
839,72,74.2,2.200000000000003,18,102103012
840,96,81.5545029239766,-14.4454970760234,9,101502012
841,96,81.53562801932361,-14.46437198067639,10,101502012
842,96,81.53562801932361,-14.46437198067639,11,101502012
843,96,81.68857901726422,-14.311420982735783,12,101502012
844,96,81.68857901726422,-14.311420982735783,13,101502012
845,96,81.71207133058974,-14.287928669410263,14,101502012
846,96,76.99027777777779,-19.00972222222221,15,101502012
847,96,76.99027777777779,-19.00972222222221,16,101502012
848,96,76.99027777777779,-19.00972222222221,17,101502012
849,96,76.21746031746032,-19.782539682539678,18,101502012
850,60,82.4,22.400000000000006,9,101401042
851,60,82.4,22.400000000000006,10,101401042
852,60,82.4,22.400000000000006,11,101401042
853,60,82.4,22.400000000000006,12,101401042
854,60,82.4,22.400000000000006,13,101401042
855,60,82.4,22.400000000000006,14,101401042
856,60,74.2,14.200000000000003,15,101401042
857,60,74.2,14.200000000000003,16,101401042
858,60,74.2,14.200000000000003,17,101401042
859,60,74.2,14.200000000000003,18,101401042
860,49,81.5545029239766,32.5545029239766,9,101302049
861,49,81.53562801932361,32.53562801932361,10,101302049
862,49,81.53562801932361,32.53562801932361,11,101302049
863,49,81.68857901726422,32.68857901726422,12,101302049
864,49,81.68857901726422,32.68857901726422,13,101302049
865,49,81.71207133058974,32.71207133058974,14,101302049
866,49,76.99027777777779,27.99027777777779,15,101302049
867,49,76.99027777777779,27.99027777777779,16,101302049
868,49,76.99027777777779,27.99027777777779,17,101302049
869,49,81.02000000000001,32.02000000000001,18,101302049
870,76,82.4,6.400000000000006,9,101209037
871,76,82.4,6.400000000000006,10,101209037
872,76,82.4,6.400000000000006,11,101209037
873,76,82.4,6.400000000000006,12,101209037
874,76,82.4,6.400000000000006,13,101209037
875,76,82.4,6.400000000000006,14,101209037
876,76,74.2,-1.7999999999999972,15,101209037
877,76,74.2,-1.7999999999999972,16,101209037
878,76,74.2,-1.7999999999999972,17,101209037
879,76,74.2,-1.7999999999999972,18,101209037
880,73,82.4,9.400000000000006,9,101208094
881,73,82.4,9.400000000000006,10,101208094
882,73,82.4,9.400000000000006,11,101208094
883,73,82.4,9.400000000000006,12,101208094
884,73,82.4,9.400000000000006,13,101208094
885,73,82.4,9.400000000000006,14,101208094
886,73,74.2,1.2000000000000028,15,101208094
887,73,74.2,1.2000000000000028,16,101208094
888,73,74.2,1.2000000000000028,17,101208094
889,73,74.2,1.2000000000000028,18,101208094
890,90,82.4,-7.599999999999994,9,101208091
891,90,82.4,-7.599999999999994,10,101208091
892,90,82.4,-7.599999999999994,11,101208091
893,90,82.4,-7.599999999999994,12,101208091
894,90,82.4,-7.599999999999994,13,101208091
895,90,82.4,-7.599999999999994,14,101208091
896,90,86.2,-3.799999999999997,15,101208091
897,90,86.2,-3.799999999999997,16,101208091
898,90,86.2,-3.799999999999997,17,101208091
899,90,86.2,-3.799999999999997,18,101208091
900,99,80.53333333333333,-18.46666666666667,9,101208090
901,99,82.4,-16.599999999999994,10,101208090
902,99,82.4,-16.599999999999994,11,101208090
903,99,82.4,-16.599999999999994,12,101208090
904,99,82.4,-16.599999999999994,13,101208090
905,99,82.4,-16.599999999999994,14,101208090
906,99,74.2,-24.799999999999997,15,101208090
907,99,74.2,-24.799999999999997,16,101208090
908,99,74.2,-24.799999999999997,17,101208090
909,99,74.2,-24.799999999999997,18,101208090
910,83,82.4,-0.5999999999999943,9,101208084
911,83,82.4,-0.5999999999999943,10,101208084
912,83,82.4,-0.5999999999999943,11,101208084
913,83,82.4,-0.5999999999999943,12,101208084
914,83,82.4,-0.5999999999999943,13,101208084
915,83,82.4,-0.5999999999999943,14,101208084
916,83,82.03333333333333,-0.9666666666666686,15,101208084
917,83,82.03333333333333,-0.9666666666666686,16,101208084
918,83,82.03333333333333,-0.9666666666666686,17,101208084
919,83,82.03333333333333,-0.9666666666666686,18,101208084
920,85,82.4,-2.5999999999999943,9,101208082
921,85,82.4,-2.5999999999999943,10,101208082
922,85,82.4,-2.5999999999999943,11,101208082
923,85,82.4,-2.5999999999999943,12,101208082
924,85,82.4,-2.5999999999999943,13,101208082
925,85,82.4,-2.5999999999999943,14,101208082
926,85,74.2,-10.799999999999997,15,101208082
927,85,74.2,-10.799999999999997,16,101208082
928,85,74.2,-10.799999999999997,17,101208082
929,85,74.2,-10.799999999999997,18,101208082
930,99,81.5545029239766,-17.4454970760234,9,101208080
931,99,81.53562801932361,-17.46437198067639,10,101208080
932,99,81.53562801932361,-17.46437198067639,11,101208080
933,99,81.68857901726422,-17.311420982735783,12,101208080
934,99,81.68857901726422,-17.311420982735783,13,101208080
935,99,81.71207133058974,-17.287928669410263,14,101208080
936,99,76.99027777777779,-22.00972222222221,15,101208080
937,99,76.99027777777779,-22.00972222222221,16,101208080
938,99,76.99027777777779,-22.00972222222221,17,101208080
939,99,74.2,-24.799999999999997,18,101208080
940,89,76.49166666666666,-12.50833333333334,9,101208079
941,89,76.12727272727273,-12.872727272727275,10,101208079
942,89,76.12727272727273,-12.872727272727275,11,101208079
943,89,76.12727272727273,-12.872727272727275,12,101208079
944,89,76.12727272727273,-12.872727272727275,13,101208079
945,89,76.12727272727273,-12.872727272727275,14,101208079
946,89,76.12727272727273,-12.872727272727275,15,101208079
947,89,76.12727272727273,-12.872727272727275,16,101208079
948,89,76.12727272727273,-12.872727272727275,17,101208079
949,89,78.95,-10.049999999999997,18,101208079
950,67,81.5545029239766,14.5545029239766,9,101208078
951,67,81.53562801932361,14.53562801932361,10,101208078
952,67,82.4,15.400000000000006,11,101208078
953,67,82.4,15.400000000000006,12,101208078
954,67,82.4,15.400000000000006,13,101208078
955,67,82.4,15.400000000000006,14,101208078
956,67,74.2,7.200000000000003,15,101208078
957,67,74.2,7.200000000000003,16,101208078
958,67,74.2,7.200000000000003,17,101208078
959,67,74.2,7.200000000000003,18,101208078
960,92,81.5545029239766,-10.4454970760234,9,101208070
961,92,81.53562801932361,-10.46437198067639,10,101208070
962,92,81.53562801932361,-10.46437198067639,11,101208070
963,92,81.68857901726422,-10.311420982735783,12,101208070
964,92,81.68857901726422,-10.311420982735783,13,101208070
965,92,81.71207133058974,-10.287928669410263,14,101208070
966,92,76.99027777777779,-15.009722222222209,15,101208070
967,92,76.99027777777779,-15.009722222222209,16,101208070
968,92,76.99027777777779,-15.009722222222209,17,101208070
969,92,76.21746031746032,-15.782539682539678,18,101208070
970,99,81.5545029239766,-17.4454970760234,9,101208065
971,99,81.53562801932361,-17.46437198067639,10,101208065
972,99,81.53562801932361,-17.46437198067639,11,101208065
973,99,81.68857901726422,-17.311420982735783,12,101208065
974,99,81.68857901726422,-17.311420982735783,13,101208065
975,99,81.71207133058974,-17.287928669410263,14,101208065
976,99,76.99027777777779,-22.00972222222221,15,101208065
977,99,76.99027777777779,-22.00972222222221,16,101208065
978,99,76.99027777777779,-22.00972222222221,17,101208065
979,99,76.21746031746032,-22.782539682539678,18,101208065
980,74,82.4,8.400000000000006,9,101208064
981,74,82.4,8.400000000000006,10,101208064
982,74,82.4,8.400000000000006,11,101208064
983,74,82.4,8.400000000000006,12,101208064
984,74,82.4,8.400000000000006,13,101208064
985,74,82.4,8.400000000000006,14,101208064
986,74,82.4,8.400000000000006,15,101208064
987,74,82.4,8.400000000000006,16,101208064
988,74,82.4,8.400000000000006,17,101208064
989,74,82.4,8.400000000000006,18,101208064
990,82,81.5545029239766,-0.4454970760234005,9,101208062
991,82,81.53562801932361,-0.46437198067638974,10,101208062
992,82,81.53562801932361,-0.46437198067638974,11,101208062
993,82,81.68857901726422,-0.31142098273578256,12,101208062
994,82,81.68857901726422,-0.31142098273578256,13,101208062
995,82,81.71207133058974,-0.2879286694102632,14,101208062
996,82,76.99027777777779,-5.009722222222209,15,101208062
997,82,76.99027777777779,-5.009722222222209,16,101208062
998,82,76.99027777777779,-5.009722222222209,17,101208062
999,82,76.21746031746032,-5.782539682539678,18,101208062
1000,70,81.5545029239766,11.5545029239766,9,101208060
1001,70,81.53562801932361,11.53562801932361,10,101208060
1002,70,81.53562801932361,11.53562801932361,11,101208060
1003,70,82.4,12.400000000000006,12,101208060
1004,70,82.4,12.400000000000006,13,101208060
1005,70,82.4,12.400000000000006,14,101208060
1006,70,74.2,4.200000000000003,15,101208060
1007,70,74.2,4.200000000000003,16,101208060
1008,70,74.2,4.200000000000003,17,101208060
1009,70,74.2,4.200000000000003,18,101208060
1010,99,82.03333333333333,-16.96666666666667,9,101208058
1011,99,82.03333333333333,-16.96666666666667,10,101208058
1012,99,82.03333333333333,-16.96666666666667,11,101208058
1013,99,82.03333333333333,-16.96666666666667,12,101208058
1014,99,82.03333333333333,-16.96666666666667,13,101208058
1015,99,82.03333333333333,-16.96666666666667,14,101208058
1016,99,79.85555555555555,-19.144444444444446,15,101208058
1017,99,79.85555555555555,-19.144444444444446,16,101208058
1018,99,79.85555555555555,-19.144444444444446,17,101208058
1019,99,79.85555555555555,-19.144444444444446,18,101208058
1020,80,82.4,2.4000000000000057,9,101208056
1021,80,82.4,2.4000000000000057,10,101208056
1022,80,82.4,2.4000000000000057,11,101208056
1023,80,82.4,2.4000000000000057,12,101208056
1024,80,82.4,2.4000000000000057,13,101208056
1025,80,82.4,2.4000000000000057,14,101208056
1026,80,74.2,-5.799999999999997,15,101208056
1027,80,74.2,-5.799999999999997,16,101208056
1028,80,74.2,-5.799999999999997,17,101208056
1029,80,74.2,-5.799999999999997,18,101208056
1030,79,72.2,-6.799999999999997,9,101208055
1031,79,72.2,-6.799999999999997,10,101208055
1032,79,72.2,-6.799999999999997,11,101208055
1033,79,72.2,-6.799999999999997,12,101208055
1034,79,72.2,-6.799999999999997,13,101208055
1035,79,72.2,-6.799999999999997,14,101208055
1036,79,73.3,-5.700000000000003,15,101208055
1037,79,73.3,-5.700000000000003,16,101208055
1038,79,73.3,-5.700000000000003,17,101208055
1039,79,75.35555555555555,-3.6444444444444457,18,101208055
1040,80,82.4,2.4000000000000057,9,101208054
1041,80,82.4,2.4000000000000057,10,101208054
1042,80,82.4,2.4000000000000057,11,101208054
1043,80,82.4,2.4000000000000057,12,101208054
1044,80,82.4,2.4000000000000057,13,101208054
1045,80,82.4,2.4000000000000057,14,101208054
1046,80,74.2,-5.799999999999997,15,101208054
1047,80,74.2,-5.799999999999997,16,101208054
1048,80,74.2,-5.799999999999997,17,101208054
1049,80,74.2,-5.799999999999997,18,101208054
1050,82,81.5545029239766,-0.4454970760234005,9,101208053
1051,82,81.53562801932361,-0.46437198067638974,10,101208053
1052,82,81.53562801932361,-0.46437198067638974,11,101208053
1053,82,81.68857901726422,-0.31142098273578256,12,101208053
1054,82,81.68857901726422,-0.31142098273578256,13,101208053
1055,82,82.4,0.4000000000000057,14,101208053
1056,82,82.4,0.4000000000000057,15,101208053
1057,82,82.4,0.4000000000000057,16,101208053
1058,82,82.4,0.4000000000000057,17,101208053
1059,82,82.4,0.4000000000000057,18,101208053
1060,83,82.4,-0.5999999999999943,9,101208052
1061,83,81.2,-1.7999999999999972,10,101208052
1062,83,81.2,-1.7999999999999972,11,101208052
1063,83,81.2,-1.7999999999999972,12,101208052
1064,83,81.2,-1.7999999999999972,13,101208052
1065,83,81.2,-1.7999999999999972,14,101208052
1066,83,74.2,-8.799999999999997,15,101208052
1067,83,74.2,-8.799999999999997,16,101208052
1068,83,74.2,-8.799999999999997,17,101208052
1069,83,74.2,-8.799999999999997,18,101208052
1070,92,86.2,-5.799999999999997,9,101208050
1071,92,86.2,-5.799999999999997,10,101208050
1072,92,86.2,-5.799999999999997,11,101208050
1073,92,86.2,-5.799999999999997,12,101208050
1074,92,86.2,-5.799999999999997,13,101208050
1075,92,86.2,-5.799999999999997,14,101208050
1076,92,86.2,-5.799999999999997,15,101208050
1077,92,86.2,-5.799999999999997,16,101208050
1078,92,86.2,-5.799999999999997,17,101208050
1079,92,86.2,-5.799999999999997,18,101208050
1080,96,81.5545029239766,-14.4454970760234,9,101208034
1081,96,81.53562801932361,-14.46437198067639,10,101208034
1082,96,81.53562801932361,-14.46437198067639,11,101208034
1083,96,81.68857901726422,-14.311420982735783,12,101208034
1084,96,81.68857901726422,-14.311420982735783,13,101208034
1085,96,81.71207133058974,-14.287928669410263,14,101208034
1086,96,76.99027777777779,-19.00972222222221,15,101208034
1087,96,76.99027777777779,-19.00972222222221,16,101208034
1088,96,76.99027777777779,-19.00972222222221,17,101208034
1089,96,76.21746031746032,-19.782539682539678,18,101208034
1090,66,80.53333333333333,14.533333333333331,9,101208031
1091,66,82.4,16.400000000000006,10,101208031
1092,66,82.4,16.400000000000006,11,101208031
1093,66,82.4,16.400000000000006,12,101208031
1094,66,82.4,16.400000000000006,13,101208031
1095,66,82.4,16.400000000000006,14,101208031
1096,66,74.2,8.200000000000003,15,101208031
1097,66,74.2,8.200000000000003,16,101208031
1098,66,74.2,8.200000000000003,17,101208031
1099,66,74.2,8.200000000000003,18,101208031
1100,42,82.4,40.400000000000006,9,101208025
1101,42,82.4,40.400000000000006,10,101208025
1102,42,82.4,40.400000000000006,11,101208025
1103,42,81.2,39.2,12,101208025
1104,42,81.2,39.2,13,101208025
1105,42,81.2,39.2,14,101208025
1106,42,78.95,36.95,15,101208025
1107,42,78.95,36.95,16,101208025
1108,42,78.95,36.95,17,101208025
1109,42,78.95,36.95,18,101208025
1110,53,82.4,29.400000000000006,9,101208017
1111,53,82.4,29.400000000000006,10,101208017
1112,53,82.4,29.400000000000006,11,101208017
1113,53,82.4,29.400000000000006,12,101208017
1114,53,82.4,29.400000000000006,13,101208017
1115,53,82.4,29.400000000000006,14,101208017
1116,53,86.2,33.2,15,101208017
1117,53,86.2,33.2,16,101208017
1118,53,86.2,33.2,17,101208017
1119,53,86.2,33.2,18,101208017
1120,75,82.4,7.400000000000006,9,101208015
1121,75,82.4,7.400000000000006,10,101208015
1122,75,82.4,7.400000000000006,11,101208015
1123,75,82.4,7.400000000000006,12,101208015
1124,75,82.4,7.400000000000006,13,101208015
1125,75,82.4,7.400000000000006,14,101208015
1126,75,74.2,-0.7999999999999972,15,101208015
1127,75,74.2,-0.7999999999999972,16,101208015
1128,75,74.2,-0.7999999999999972,17,101208015
1129,75,74.2,-0.7999999999999972,18,101208015
1130,50,81.5545029239766,31.5545029239766,9,101208013
1131,50,81.53562801932361,31.53562801932361,10,101208013
1132,50,81.53562801932361,31.53562801932361,11,101208013
1133,50,82.4,32.400000000000006,12,101208013
1134,50,82.4,32.400000000000006,13,101208013
1135,50,82.4,32.400000000000006,14,101208013
1136,50,74.2,24.200000000000003,15,101208013
1137,50,74.2,24.200000000000003,16,101208013
1138,50,74.2,24.200000000000003,17,101208013
1139,50,74.2,24.200000000000003,18,101208013
1140,62,81.5545029239766,19.5545029239766,9,101208008
1141,62,81.53562801932361,19.53562801932361,10,101208008
1142,62,81.53562801932361,19.53562801932361,11,101208008
1143,62,81.68857901726422,19.688579017264217,12,101208008
1144,62,81.68857901726422,19.688579017264217,13,101208008
1145,62,81.71207133058974,19.712071330589737,14,101208008
1146,62,76.99027777777779,14.990277777777791,15,101208008
1147,62,76.99027777777779,14.990277777777791,16,101208008
1148,62,76.99027777777779,14.990277777777791,17,101208008
1149,62,76.21746031746032,14.217460317460322,18,101208008
1150,69,82.4,13.400000000000006,9,101208005
1151,69,82.4,13.400000000000006,10,101208005
1152,69,82.4,13.400000000000006,11,101208005
1153,69,82.4,13.400000000000006,12,101208005
1154,69,82.4,13.400000000000006,13,101208005
1155,69,82.4,13.400000000000006,14,101208005
1156,69,74.2,5.200000000000003,15,101208005
1157,69,74.2,5.200000000000003,16,101208005
1158,69,74.2,5.200000000000003,17,101208005
1159,69,74.2,5.200000000000003,18,101208005
1160,99,81.5545029239766,-17.4454970760234,9,101208004
1161,99,81.53562801932361,-17.46437198067639,10,101208004
1162,99,81.53562801932361,-17.46437198067639,11,101208004
1163,99,82.4,-16.599999999999994,12,101208004
1164,99,82.4,-16.599999999999994,13,101208004
1165,99,82.4,-16.599999999999994,14,101208004
1166,99,74.2,-24.799999999999997,15,101208004
1167,99,74.2,-24.799999999999997,16,101208004
1168,99,74.2,-24.799999999999997,17,101208004
1169,99,74.2,-24.799999999999997,18,101208004
1170,32,81.5545029239766,49.5545029239766,9,101208003
1171,32,81.53562801932361,49.53562801932361,10,101208003
1172,32,81.53562801932361,49.53562801932361,11,101208003
1173,32,82.4,50.400000000000006,12,101208003
1174,32,82.4,50.400000000000006,13,101208003
1175,32,82.4,50.400000000000006,14,101208003
1176,32,74.2,42.2,15,101208003
1177,32,74.2,42.2,16,101208003
1178,32,74.2,42.2,17,101208003
1179,32,74.2,42.2,18,101208003
1180,87,82.4,-4.599999999999994,9,101208002
1181,87,82.4,-4.599999999999994,10,101208002
1182,87,82.4,-4.599999999999994,11,101208002
1183,87,82.4,-4.599999999999994,12,101208002
1184,87,82.4,-4.599999999999994,13,101208002
1185,87,82.4,-4.599999999999994,14,101208002
1186,87,86.2,-0.7999999999999972,15,101208002
1187,87,86.2,-0.7999999999999972,16,101208002
1188,87,86.2,-0.7999999999999972,17,101208002
1189,87,86.2,-0.7999999999999972,18,101208002
1190,62,82.4,20.400000000000006,9,101205093
1191,62,82.4,20.400000000000006,10,101205093
1192,62,82.4,20.400000000000006,11,101205093
1193,62,82.4,20.400000000000006,12,101205093
1194,62,82.4,20.400000000000006,13,101205093
1195,62,82.4,20.400000000000006,14,101205093
1196,62,78.95,16.950000000000003,15,101205093
1197,62,78.95,16.950000000000003,16,101205093
1198,62,78.95,16.950000000000003,17,101205093
1199,62,78.95,16.950000000000003,18,101205093
1200,64,82.4,18.400000000000006,9,101205043
1201,64,82.4,18.400000000000006,10,101205043
1202,64,82.4,18.400000000000006,11,101205043
1203,64,82.4,18.400000000000006,12,101205043
1204,64,82.4,18.400000000000006,13,101205043
1205,64,82.4,18.400000000000006,14,101205043
1206,64,74.2,10.200000000000003,15,101205043
1207,64,74.2,10.200000000000003,16,101205043
1208,64,74.2,10.200000000000003,17,101205043
1209,64,74.2,10.200000000000003,18,101205043
1210,85,82.4,-2.5999999999999943,9,101205029
1211,85,82.4,-2.5999999999999943,10,101205029
1212,85,82.4,-2.5999999999999943,11,101205029
1213,85,81.2,-3.799999999999997,12,101205029
1214,85,81.2,-3.799999999999997,13,101205029
1215,85,82.4,-2.5999999999999943,14,101205029
1216,85,82.4,-2.5999999999999943,15,101205029
1217,85,82.4,-2.5999999999999943,16,101205029
1218,85,82.4,-2.5999999999999943,17,101205029
1219,85,82.4,-2.5999999999999943,18,101205029
1220,91,76.49166666666666,-14.50833333333334,9,101204026
1221,91,76.12727272727273,-14.872727272727275,10,101204026
1222,91,78.95,-12.049999999999997,11,101204026
1223,91,78.95,-12.049999999999997,12,101204026
1224,91,78.95,-12.049999999999997,13,101204026
1225,91,78.95,-12.049999999999997,14,101204026
1226,91,78.95,-12.049999999999997,15,101204026
1227,91,78.95,-12.049999999999997,16,101204026
1228,91,78.95,-12.049999999999997,17,101204026
1229,91,78.95,-12.049999999999997,18,101204026
1230,90,81.45,-8.549999999999997,9,101203054
1231,90,76.45,-13.549999999999997,10,101203054
1232,90,76.45,-13.549999999999997,11,101203054
1233,90,76.45,-13.549999999999997,12,101203054
1234,90,76.45,-13.549999999999997,13,101203054
1235,90,76.45,-13.549999999999997,14,101203054
1236,90,76.13333333333334,-13.86666666666666,15,101203054
1237,90,76.13333333333334,-13.86666666666666,16,101203054
1238,90,76.13333333333334,-13.86666666666666,17,101203054
1239,90,78.18888888888888,-11.811111111111117,18,101203054
1240,56,81.5545029239766,25.5545029239766,9,101203004
1241,56,81.53562801932361,25.53562801932361,10,101203004
1242,56,81.53562801932361,25.53562801932361,11,101203004
1243,56,81.68857901726422,25.688579017264217,12,101203004
1244,56,81.68857901726422,25.688579017264217,13,101203004
1245,56,81.71207133058974,25.712071330589737,14,101203004
1246,56,76.99027777777779,20.99027777777779,15,101203004
1247,56,76.99027777777779,20.99027777777779,16,101203004
1248,56,76.99027777777779,20.99027777777779,17,101203004
1249,56,76.21746031746032,20.217460317460322,18,101203004
1250,60,82.4,22.400000000000006,9,101103034
1251,60,82.4,22.400000000000006,10,101103034
1252,60,82.4,22.400000000000006,11,101103034
1253,60,81.2,21.200000000000003,12,101103034
1254,60,81.2,21.200000000000003,13,101103034
1255,60,81.2,21.200000000000003,14,101103034
1256,60,74.2,14.200000000000003,15,101103034
1257,60,74.2,14.200000000000003,16,101103034
1258,60,74.2,14.200000000000003,17,101103034
1259,60,80.10000000000001,20.10000000000001,18,101103034
1260,65,82.4,17.400000000000006,9,101102026
1261,65,82.4,17.400000000000006,10,101102026
1262,65,82.4,17.400000000000006,11,101102026
1263,65,82.4,17.400000000000006,12,101102026
1264,65,82.4,17.400000000000006,13,101102026
1265,65,82.4,17.400000000000006,14,101102026
1266,65,74.2,9.200000000000003,15,101102026
1267,65,74.2,9.200000000000003,16,101102026
1268,65,74.2,9.200000000000003,17,101102026
1269,65,74.2,9.200000000000003,18,101102026
1270,94,82.4,-11.599999999999994,9,101102025
1271,94,82.4,-11.599999999999994,10,101102025
1272,94,82.4,-11.599999999999994,11,101102025
1273,94,82.4,-11.599999999999994,12,101102025
1274,94,82.4,-11.599999999999994,13,101102025
1275,94,82.4,-11.599999999999994,14,101102025
1276,94,74.2,-19.799999999999997,15,101102025
1277,94,74.2,-19.799999999999997,16,101102025
1278,94,74.2,-19.799999999999997,17,101102025
1279,94,74.2,-19.799999999999997,18,101102025
1280,81,81.5545029239766,0.5545029239765995,9,101101050
1281,81,81.53562801932361,0.5356280193236103,10,101101050
1282,81,81.53562801932361,0.5356280193236103,11,101101050
1283,81,81.68857901726422,0.6885790172642174,12,101101050
1284,81,81.68857901726422,0.6885790172642174,13,101101050
1285,81,81.71207133058974,0.7120713305897368,14,101101050
1286,81,76.99027777777779,-4.009722222222209,15,101101050
1287,81,76.99027777777779,-4.009722222222209,16,101101050
1288,81,76.99027777777779,-4.009722222222209,17,101101050
1289,81,76.21746031746032,-4.782539682539678,18,101101050
1290,86,86.2,0.20000000000000284,9,100508018
1291,86,86.2,0.20000000000000284,10,100508018
1292,86,86.2,0.20000000000000284,11,100508018
1293,86,86.2,0.20000000000000284,12,100508018
1294,86,86.2,0.20000000000000284,13,100508018
1295,86,86.2,0.20000000000000284,14,100508018
1296,86,86.2,0.20000000000000284,15,100508018
1297,86,86.2,0.20000000000000284,16,100508018
1298,86,86.2,0.20000000000000284,17,100508018
1299,86,86.2,0.20000000000000284,18,100508018
1300,81,82.4,1.4000000000000057,9,100401072
1301,81,82.4,1.4000000000000057,10,100401072
1302,81,82.4,1.4000000000000057,11,100401072
1303,81,82.4,1.4000000000000057,12,100401072
1304,81,82.4,1.4000000000000057,13,100401072
1305,81,82.4,1.4000000000000057,14,100401072
1306,81,82.4,1.4000000000000057,15,100401072
1307,81,82.4,1.4000000000000057,16,100401072
1308,81,82.4,1.4000000000000057,17,100401072
1309,81,82.4,1.4000000000000057,18,100401072
1310,78,82.4,4.400000000000006,9,100401044
1311,78,82.4,4.400000000000006,10,100401044
1312,78,82.4,4.400000000000006,11,100401044
1313,78,82.4,4.400000000000006,12,100401044
1314,78,82.4,4.400000000000006,13,100401044
1315,78,82.4,4.400000000000006,14,100401044
1316,78,74.2,-3.799999999999997,15,100401044
1317,78,74.2,-3.799999999999997,16,100401044
1318,78,74.2,-3.799999999999997,17,100401044
1319,78,74.2,-3.799999999999997,18,100401044
1320,96,81.5545029239766,-14.4454970760234,9,100208053
1321,96,81.53562801932361,-14.46437198067639,10,100208053
1322,96,81.53562801932361,-14.46437198067639,11,100208053
1323,96,82.4,-13.599999999999994,12,100208053
1324,96,82.4,-13.599999999999994,13,100208053
1325,96,82.4,-13.599999999999994,14,100208053
1326,96,74.2,-21.799999999999997,15,100208053
1327,96,74.2,-21.799999999999997,16,100208053
1328,96,74.2,-21.799999999999997,17,100208053
1329,96,74.2,-21.799999999999997,18,100208053
1330,99,82.4,-16.599999999999994,9,100206009
1331,99,82.4,-16.599999999999994,10,100206009
1332,99,82.4,-16.599999999999994,11,100206009
1333,99,82.4,-16.599999999999994,12,100206009
1334,99,82.4,-16.599999999999994,13,100206009
1335,99,82.4,-16.599999999999994,14,100206009
1336,99,74.2,-24.799999999999997,15,100206009
1337,99,74.2,-24.799999999999997,16,100206009
1338,99,74.2,-24.799999999999997,17,100206009
1339,99,74.2,-24.799999999999997,18,100206009
1340,67,82.4,15.400000000000006,9,100202044
1341,67,82.4,15.400000000000006,10,100202044
1342,67,82.4,15.400000000000006,11,100202044
1343,67,81.2,14.200000000000003,12,100202044
1344,67,81.2,14.200000000000003,13,100202044
1345,67,81.2,14.200000000000003,14,100202044
1346,67,78.95,11.950000000000003,15,100202044
1347,67,78.95,11.950000000000003,16,100202044
1348,67,78.95,11.950000000000003,17,100202044
1349,67,78.95,11.950000000000003,18,100202044
1350,94,74.88,-19.120000000000005,9,100104041
1351,94,77.7,-16.299999999999997,10,100104041
1352,94,77.7,-16.299999999999997,11,100104041
1353,94,80.53333333333333,-13.466666666666669,12,100104041
1354,94,80.53333333333333,-13.466666666666669,13,100104041
1355,94,80.53333333333333,-13.466666666666669,14,100104041
1356,94,74.2,-19.799999999999997,15,100104041
1357,94,74.2,-19.799999999999997,16,100104041
1358,94,74.2,-19.799999999999997,17,100104041
1359,94,80.10000000000001,-13.899999999999991,18,100104041
1360,98,81.5545029239766,-16.4454970760234,9,100101021
1361,98,81.53562801932361,-16.46437198067639,10,100101021
1362,98,81.53562801932361,-16.46437198067639,11,100101021
1363,98,81.68857901726422,-16.311420982735783,12,100101021
1364,98,81.68857901726422,-16.311420982735783,13,100101021
1365,98,81.71207133058974,-16.287928669410263,14,100101021
1366,98,76.99027777777779,-21.00972222222221,15,100101021
1367,98,76.99027777777779,-21.00972222222221,16,100101021
1368,98,76.99027777777779,-21.00972222222221,17,100101021
1369,98,76.21746031746032,-21.782539682539678,18,100101021
